 id ; data_inversa ; dia_semana ; horario ; uf ; br ; km ; municipio ; causa_acidente ; tipo_acidente ; classificacao_acidente ; fase_dia ; sentido_via ; condicao_metereologica ; tipo_pista ; tracado_via ; uso_solo ; pessoas ; mortos ; feridos_leves ; feridos_graves ; ilesos ; ignorados ; feridos ; veiculos ; latitude ; longitude ; regional ; delegacia ; uop 
497376;2023-01-05; quinta-feira ; 09:00:00 ; BA ;324;578; CANDEIAS ; Demais falhas mecânicas ou elétricas ; Capotamento ; Com Vítimas Feridas ; Pleno dia ; Decrescente ; Céu Claro ; Dupla ; Reta ; Não ;1;0;1;0;0;0;1;1;-12,60415557;-38,49935532; SPRF-BA ; DEL01-BA ; UOP01-DEL01-BA 
497381;2023-01-05; quinta-feira ; 09:40:00 ; SP ;116;215; GUARULHOS ; Manobra de mudança de faixa ; Colisão transversal ; Com Vítimas Feridas ; Pleno dia ; Crescente ; Garoa/Chuvisco ; Múltipla ; Não Informado ; Sim ;2;0;1;0;1;0;1;2;-23,44695693;-46,45394103; SPRF-SP ; DEL01-SP ; UOP01-DEL01-SP 
497386;2023-01-05; quinta-feira ; 07:30:00 ; RO ;319;45; PORTO VELHO ; Acessar a via sem observar a presença dos outros veículos ; Colisão lateral mesmo sentido ; Com Vítimas Feridas ; Pleno dia ; Crescente ; Chuva ; Simples ; Reta ; Não ;4;0;2;0;2;0;2;2;-8,68379899;-63,99440378; SPRF-RO ; DEL01-RO ; UOP01-DEL01-RO 
497389;2023-01-05; quinta-feira ; 10:48:00 ; RS ;386;241; SOLEDADE ; Ultrapassagem Indevida ; Colisão lateral sentido oposto ; Com Vítimas Feridas ; Pleno dia ; Decrescente ; Céu Claro ; Simples ; Reta ; Não ;2;0;1;0;0;1;1;2;-28,774895;-52,533451; SPRF-RS ; DEL04-RS ; UOP03-DEL04-RS 
497396;2023-01-05; quinta-feira ; 09:30:00 ; MG ;381;712; CARMO DA CACHOEIRA ; Chuva ; Colisão lateral mesmo sentido ; Com Vítimas Feridas ; Pleno dia ; Crescente ; Chuva ; Dupla ; Não Informado ; Não ;6;0;1;0;4;1;1;2;-21,39692643;-45,20681689; SPRF-MG ; DEL04-MG ; UOP02-DEL04-MG 
497402;2023-01-05; quinta-feira ; 12:50:00 ; MG ;40;616,5; CONGONHAS ; Reação tardia ou ineficiente do condutor ; Colisão traseira ; Com Vítimas Feridas ; Pleno dia ; Decrescente ; Chuva ; Simples ; Não Informado ; Não ;3;0;0;1;2;0;1;2;-20,54605704;-43,81990003; SPRF-MG ; DEL05-MG ; UOP02-DEL05-MG 
497406;2023-01-05; quinta-feira ; 11:40:00 ; PB ;101;69; SANTA RITA ; Manobra de mudança de faixa ; Colisão traseira ; Com Vítimas Feridas ; Pleno dia ; Decrescente ; Céu Claro ; Dupla ; Reta ; Não ;6;0;3;1;2;0;4;2;-7,07320663;-34,99569975; SPRF-PB ; DEL01-PB ; UOP04-DEL01-PB 
497407;2023-01-05; quinta-feira ; 12:48:00 ; GO ;153;120; ESTRELA DO NORTE ; Acumulo de água sobre o pavimento ; Saída de leito carroçável ; Com Vítimas Feridas ; Pleno dia ; Crescente ; Nublado ; Simples ; Reta ; Não ;1;0;1;0;0;0;1;1;-13,822886;-49,041809; SPRF-GO ; DEL07-GO ; UOP01-DEL07-GO 
497408;2023-01-05; quinta-feira ; 14:00:00 ; MG ;50;194; DELTA ; Reação tardia ou ineficiente do condutor ; Saída de leito carroçável ; Com Vítimas Feridas ; Pleno dia ; Crescente ; Nublado ; Dupla ; Não Informado ; Não ;1;0;1;0;0;0;1;1;-19,887439;-47,848374; SPRF-MG ; DEL13-MG ; UOP01-DEL13-MG 
497411;2023-01-05; quinta-feira ; 10:15:00 ; PA ;163;788; RUROPOLIS ; Ultrapassagem Indevida ; Colisão lateral mesmo sentido ; Com Vítimas Fatais ; Pleno dia ; Decrescente ; Céu Claro ; Simples ; Reta ; Sim ;4;1;0;0;2;1;0;2;-4,079496;-54,921111; SPRF-PA ; DEL05-PA ; UOP01-DEL05-PA 
497414;2023-01-05; quinta-feira ; 09:19:00 ; MG ;153;94; PRATA ; Condutor deixou de manter distância do veículo da frente ; Colisão traseira ; Com Vítimas Feridas ; Pleno dia ; Crescente ; Nublado ; Simples ; Ponte ; Não ;2;0;2;0;0;0;2;2;-19,17736794;-48,95075187; SPRF-MG ; DEL15-MG ; UOP03-DEL15-MG 
497417;2023-01-05; quinta-feira ; 14:00:00 ; PR ;116;106,7; SAO JOSE DOS PINHAIS ; Trafegar com motocicleta (ou similar) entre as faixas ; Colisão lateral mesmo sentido ; Com Vítimas Fatais ; Pleno dia ; Decrescente ; Céu Claro ; Dupla ; Não Informado ; Não ;4;1;1;0;2;0;1;3;-25,5688715;-49,22875489; SPRF-PR ; DEL01-PR ; UOP07-DEL01-PR 
497419;2023-01-05; quinta-feira ; 15:20:00 ; SC ;101;158; PORTO BELO ; Acessar a via sem observar a presença dos outros veículos ; Colisão traseira ; Com Vítimas Feridas ; Pleno dia ; Decrescente ; Céu Claro ; Dupla ; Reta ; Não ;2;0;0;1;1;0;1;2;-27,19096301;-48,61259017; SPRF-SC ; DEL04-SC ; UOP03-DEL04-SC 
497424;2023-01-05; quinta-feira ; 15:20:00 ; MG ;40;469,8; SETE LAGOAS ; Chuva ; Saída de leito carroçável ; Com Vítimas Feridas ; Pleno dia ; Crescente ; Garoa/Chuvisco ; Múltipla ; Reta ; Sim ;2;0;1;0;1;0;1;2;-19,46099279;-44,30121988; SPRF-MG ; DEL02-MG ; UOP01-DEL02-MG 
497425;2023-01-05; quinta-feira ; 14:50:00 ; GO ;60;110,8; GOIANAPOLIS ; Velocidade Incompatível ; Saída de leito carroçável ; Com Vítimas Fatais ; Pleno dia ; Crescente ; Nublado ; Dupla ; Reta ; Não ;1;1;0;0;0;0;0;1;-16,45;-49,0316; SPRF-GO ; DEL01-GO ; UOP01-DEL01-GO 
497428;2023-01-05; quinta-feira ; 10:00:00 ; PR ;376;675; GUARATUBA ; Problema com o freio ; Incêndio ; Sem Vítimas ; Pleno dia ; Crescente ; Céu Claro ; Dupla ; Não Informado ; Não ;1;0;0;0;1;0;0;1;-25,930714;-48,912243; SPRF-PR ; DEL01-PR ; UOP04-DEL01-PR 
497433;2023-01-05; quinta-feira ; 13:25:00 ; BA ;101;731; EUNAPOLIS ; Curva acentuada ; Derramamento de carga ; Sem Vítimas ; Pleno dia ; Decrescente ; Céu Claro ; Simples ; Curva ; Não ;1;0;0;0;1;0;0;1;-16,469703;-39,574648; SPRF-BA ; DEL09-BA ; UOP01-DEL09-BA 
497437;2023-01-05; quinta-feira ; 15:45:00 ; SC ;101;121; ITAJAI ; Acessar a via sem observar a presença dos outros veículos ; Colisão lateral mesmo sentido ; Com Vítimas Feridas ; Pleno dia ; Crescente ; Céu Claro ; Simples ; Reta ; Sim ;2;0;0;1;1;0;1;2;-26,92103178;-48,70856446; SPRF-SC ; DEL04-SC ; UOP04-DEL04-SC 
497439;2023-01-05; quinta-feira ; 16:45:00 ; RN ;101;105,3; PARNAMIRIM ; Condutor deixou de manter distância do veículo da frente ; Colisão transversal ; Com Vítimas Feridas ; Pleno dia ; Crescente ; Céu Claro ; Dupla ; Reta ; Sim ;2;0;1;0;1;0;1;2;-5,90165196;-35,25928517; SPRF-RN ; DEL01-RN ; UOP01-DEL01-RN 
497440;2023-01-05; quinta-feira ; 15:15:00 ; MT ;163;117; RONDONOPOLIS ; Chuva ; Colisão lateral mesmo sentido ; Com Vítimas Feridas ; Pleno dia ; Crescente ; Chuva ; Dupla ; Reta ; Não ;2;0;1;0;1;0;1;2;-16,52182818;-54,65882461; SPRF-MT ; DEL02-MT ; UOP01-DEL02-MT 
497444;2023-01-05; quinta-feira ; 15:45:00 ; MS ;158;325,9; TRES LAGOAS ; Ausência de reação do condutor ; Colisão lateral sentido oposto ; Com Vítimas Fatais ; Pleno dia ; Crescente ; Chuva ; Simples ; Reta ; Não ;3;2;1;0;0;0;1;3;-21,1611037;-51,973749; SPRF-MS ; DEL07-MS ; UOP01-DEL07-MS 
497447;2023-01-05; quinta-feira ; 16:40:00 ; CE ;116;375; ICO ; Acessar a via sem observar a presença dos outros veículos ; Colisão transversal ; Sem Vítimas ; Pleno dia ; Decrescente ; Céu Claro ; Simples ; Não Informado ; Sim ;3;0;0;0;3;0;0;2;-6,3951252;-38,83101685; SPRF-CE ; DEL05-CE ; UOP01-DEL05-CE 
497448;2023-01-05; quinta-feira ; 17:10:00 ; MG ;381;157; GOVERNADOR VALADARES ; Demais falhas mecânicas ou elétricas ; Incêndio ; Sem Vítimas ; Pleno dia ; Crescente ; Céu Claro ; Simples ; Reta ; Não ;1;0;0;0;1;0;0;1;-18,91099925;-42,00762101; SPRF-MG ; DEL06-MG ; UOP01-DEL06-MG 
497450;2023-01-05; quinta-feira ; 17:00:00 ; BA ;116;0,1; VITORIA DA CONQUISTA ; Conversão proibida ; Colisão transversal ; Com Vítimas Feridas ; Pleno dia ; Crescente ; Nublado ; Simples ; Não Informado ; Não ;2;0;1;0;1;0;1;2;-14,82703;-40,82879; SPRF-BA ; DEL08-BA ; UOP01-DEL08-BA 
497459;2023-01-05; quinta-feira ; 12:50:00 ; BA ;116;422; FEIRA DE SANTANA ; Condutor deixou de manter distância do veículo da frente ; Colisão traseira ; Sem Vítimas ; Pleno dia ; Decrescente ; Céu Claro ; Simples ; Curva ; Sim ;2;0;0;0;2;0;0;2;-12,22064702;-38,96561131; SPRF-BA ; DEL02-BA ; UOP01-DEL02-BA 
497470;2023-01-05; quinta-feira ; 15:40:00 ; GO ;158;68; PIRANHAS ; Afundamento ou ondulação no pavimento ; Tombamento ; Sem Vítimas ; Pleno dia ; Crescente ; Nublado ; Simples ; Reta ; Não ;1;0;0;0;1;0;0;1;-16,32879413;-51,9431882; SPRF-GO ; DEL04-GO ; UOP02-DEL04-GO 
497479;2023-01-05; quinta-feira ; 20:20:00 ; SP ;116;87,4; PINDAMONHANGABA ; Ausência de reação do condutor ; Colisão traseira ; Com Vítimas Feridas ; Plena Noite ; Crescente ; Nublado ; Dupla ; Reta ; Não ;2;0;1;0;1;0;1;2;-22,93065267;-45,36166116; SPRF-SP ; DEL08-SP ; UOP01-DEL08-SP 
497483;2023-01-05; quinta-feira ; 20:50:00 ; SP ;116;210; GUARULHOS ; Ausência de reação do condutor ; Colisão transversal ; Com Vítimas Feridas ; Plena Noite ; Decrescente ; Garoa/Chuvisco ; Múltipla ; Reta ; Sim ;2;0;1;0;1;0;1;2;-23,42870023;-46,41085991; SPRF-SP ; DEL01-SP ; UOP01-DEL01-SP 
497484;2023-01-05; quinta-feira ; 19:56:00 ; MA ;230;394,2; BALSAS ; Pista esburacada ; Colisão com objeto ; Com Vítimas Feridas ; Plena Noite ; Crescente ; Chuva ; Simples ; Não Informado ; Não ;2;0;1;0;1;0;1;1;-7,4468583;-46,00934744; SPRF-MA ; DEL05-MA ; UOP01-DEL05-MA 
497490;2023-01-05; quinta-feira ; 16:15:00 ; TO ;153;679,7; GURUPI ; Velocidade Incompatível ; Colisão transversal ; Com Vítimas Feridas ; Pleno dia ; Crescente ; Chuva ; Simples ; Reta ; Não ;4;0;1;0;3;0;1;2;-11,78176489;-49,11301313; SPRF-TO ; DEL01-TO ; UOP02-DEL01-TO 
497491;2023-01-05; quinta-feira ; 18:40:00 ; RR ;174;414,6; IRACEMA ; Transitar na contramão ; Colisão lateral sentido oposto ; Com Vítimas Feridas ; Plena Noite ; Crescente ; Céu Claro ; Simples ; Reta ; Não ;3;0;0;1;1;1;1;2;2,19506;-61,029976; SPRF-RR ; N/A ; UOP01-DEL01-RR 
497495;2023-01-05; quinta-feira ; 15:00:00 ; MT ;163;1109; GUARANTA DO NORTE ; Ausência de reação do condutor ; Saída de leito carroçável ; Com Vítimas Feridas ; Pleno dia ; Crescente ; Nublado ; Simples ; Não Informado ; Não ;1;0;1;0;0;0;1;1;-9,60125;-54,885218; SPRF-MT ; DEL06-MT ; UOP03-DEL06-MT 
497497;2023-01-05; quinta-feira ; 22:50:00 ; SP ;116;377,5; MIRACATU ; Pedestre cruzava a pista fora da faixa ; Atropelamento de Pedestre ; Com Vítimas Fatais ; Plena Noite ; Decrescente ; Chuva ; Dupla ; Curva ; Sim ;2;1;0;0;1;0;0;1;-24,19911973;-47,36899137; SPRF-SP ; DEL04-SP ; UOP02-DEL04-SP 
497504;2023-01-05; quinta-feira ; 18:30:00 ; MT ;364;575; NOVA MUTUM ; Reação tardia ou ineficiente do condutor ; Colisão lateral sentido oposto ; Com Vítimas Feridas ; Plena Noite ; Crescente ; Chuva ; Simples ; Reta ; Não ;7;0;4;1;2;0;5;3;-14,1012828;-56,11335754; SPRF-MT ; DEL01-MT ; UOP01-DEL01-MT 
497509;2023-01-06; sexta-feira ; 02:35:00 ; SC ;101;93,6; BARRA VELHA ; Condutor Dormindo ; Colisão lateral mesmo sentido ; Com Vítimas Feridas ; Plena Noite ; Crescente ; Nublado ; Dupla ; Curva ; Não ;3;0;0;1;2;0;1;3;-26,7018;-48,6995; SPRF-SC ; DEL03-SC ; UOP02-DEL03-SC 
497510;2023-01-05; quinta-feira ; 22:30:00 ; GO ;153;591,7; PIRACANJUBA ; Chuva ; Saída de leito carroçável ; Com Vítimas Feridas ; Plena Noite ; Decrescente ; Chuva ; Dupla ; Desvio Temporário ; Não ;4;0;1;0;3;0;1;1;-17,4751;-49,2138; SPRF-GO ; DEL03-GO ; UOP01-DEL03-GO 
497511;2023-01-05; quinta-feira ; 19:15:00 ; BA ;324;573; SAO SEBASTIAO DO PASSE ; Reação tardia ou ineficiente do condutor ; Colisão traseira ; Com Vítimas Feridas ; Plena Noite ; Decrescente ; Chuva ; Dupla ; Reta ; Não ;6;0;2;1;0;3;3;2;-12,5622012;-38,55964515; SPRF-BA ; DEL01-BA ; UOP01-DEL01-BA 
497513;2023-01-06; sexta-feira ; 04:20:00 ; SP ;116;219; GUARULHOS ; Reação tardia ou ineficiente do condutor ; Tombamento ; Com Vítimas Feridas ; Amanhecer ; Crescente ; Chuva ; Dupla ; Curva ; Sim ;1;0;1;0;0;0;1;1;-23,46143954;-46,48885316; SPRF-SP ; DEL01-SP ; UOP01-DEL01-SP 
497515;2023-01-06; sexta-feira ; 04:50:00 ; SP ;116;195; ARUJA ; Manobra de mudança de faixa ; Colisão traseira ; Com Vítimas Feridas ; Amanhecer ; Decrescente ; Chuva ; Simples ; Reta ; Sim ;2;0;1;0;1;0;1;2;-23,3888147;-46,27566213; SPRF-SP ; DEL01-SP ; UOP01-DEL01-SP 
497517;2023-01-06; sexta-feira ; 03:50:00 ; BA ;116;423; FEIRA DE SANTANA ; Ausência de reação do condutor ; Atropelamento de Pedestre ; Com Vítimas Fatais ; Plena Noite ; Decrescente ; Céu Claro ; Simples ; Interseção de vias ; Não ;2;1;0;0;1;0;0;1;-12,23431521;-38,97560477; SPRF-BA ; DEL02-BA ; UOP01-DEL02-BA 
497539;2023-01-06; sexta-feira ; 08:16:00 ; PE ;232;101,3; BEZERROS ; Reação tardia ou ineficiente do condutor ; Colisão com objeto ; Sem Vítimas ; Pleno dia ; Crescente ; Sol ; Dupla ; Reta ; Sim ;1;0;0;0;1;0;0;1;-8,24601067;-35,7568717; SPRF-PE ; DEL02-PE ; UOP02-DEL02PE 
497540;2023-01-06; sexta-feira ; 08:45:00 ; PR ;163;65,8; PEROLA DOESTE ; Acessar a via sem observar a presença dos outros veículos ; Colisão transversal ; Com Vítimas Feridas ; Pleno dia ; Crescente ; Céu Claro ; Simples ; Não Informado ; Não ;3;0;2;0;1;0;2;2;-25,824779;-53,751125; SPRF-PR ; DEL02-PR ; UOP02-DEL02-PR 
497548;2023-01-06; sexta-feira ; 10:00:00 ; PR ;376;154,1; MANDAGUACU ; Restrição de visibilidade em curvas horizontais ; Colisão traseira ; Com Vítimas Feridas ; Pleno dia ; Decrescente ; Sol ; Dupla ; Curva ; Não ;3;0;1;0;2;0;1;3;-23,33029651;-52,11154461; SPRF-PR ; DEL09-PR ; UOP01-DEL09-PR 
497552;2023-01-06; sexta-feira ; 08:20:00 ; BA ;116;749,8; POCOES ; Ausência de reação do condutor ; Colisão traseira ; Com Vítimas Feridas ; Pleno dia ; Crescente ; Céu Claro ; Simples ; Curva ; Não ;3;0;0;1;1;1;1;3;-14,47186606;-40,3368482; SPRF-BA ; DEL08-BA ; UOP02-DEL08-BA 
497555;2023-01-06; sexta-feira ; 08:50:00 ; RJ ;116;171; RIO DE JANEIRO ; Condutor deixou de manter distância do veículo da frente ; Colisão traseira ; Com Vítimas Feridas ; Pleno dia ; Decrescente ; Chuva ; Múltipla ; Reta ; Sim ;8;0;2;0;6;0;2;6;-22,80672422;-43,34221191; SPRF-RJ ; DEL01-RJ ; UOP02-DEL01-RJ 
497557;2023-01-06; sexta-feira ; 10:10:00 ; MG ;116;769,6; LEOPOLDINA ; Condutor Dormindo ; Colisão lateral sentido oposto ; Com Vítimas Feridas ; Pleno dia ; Crescente ; Nublado ; Simples ; Reta ; Sim ;2;0;2;0;0;0;2;2;-21,54856423;-42,66481498; SPRF-MG ; DEL07-MG ; UOP01-DEL07-MG 
497561;2023-01-06; sexta-feira ; 03:13:00 ; MT ;163;550; DIAMANTINO ; Transitar na contramão ; Colisão frontal ; Com Vítimas Fatais ; Plena Noite ; Decrescente ; Nevoeiro/Neblina ; Simples ; Reta ; Não ;64;3;61;0;0;0;61;2;-14,30772599;-56,1389211; SPRF-MT ; DEL01-MT ; UOP01-DEL01-MT 
497564;2023-01-06; sexta-feira ; 11:45:00 ; SC ;280;136,9; RIO NEGRINHO ; Demais falhas mecânicas ou elétricas ; Saída de leito carroçável ; Com Vítimas Feridas ; Pleno dia ; Crescente ; Céu Claro ; Simples ; Curva ; Não ;1;0;1;0;0;0;1;1;-26,270102;-49,58121; SPRF-SC ; DEL06-SC ; UOP03-DEL06-SC 
497568;2023-01-06; sexta-feira ; 12:40:00 ; GO ;153;90; PORANGATU ; Transitar na contramão ; Colisão frontal ; Com Vítimas Fatais ; Pleno dia ; Crescente ; Chuva ; Simples ; Reta ; Não ;5;1;0;2;2;0;2;2;-13,572134;-49,046021; SPRF-GO ; DEL07-GO ; UOP01-DEL07-GO 
497574;2023-01-06; sexta-feira ; 08:15:00 ; MT ;364;523,1; ROSARIO OESTE ; Acostamento em desnível ; Saída de leito carroçável ; Com Vítimas Feridas ; Pleno dia ; Decrescente ; Céu Claro ; Simples ; Reta ; Não ;2;0;2;0;0;0;2;1;-15,06720104;-56,51751552; SPRF-MT ; DEL01-MT ; UOP01-DEL01-MT 
497575;2023-01-05; quinta-feira ; 23:15:00 ; MT ;364;542; ROSARIO OESTE ; Reação tardia ou ineficiente do condutor ; Colisão traseira ; Com Vítimas Fatais ; Plena Noite ; Decrescente ; Céu Claro ; Simples ; Reta ; Sim ;2;1;0;0;1;0;0;2;-14,91290882;-56,47221224; SPRF-MT ; DEL01-MT ; UOP01-DEL01-MT 
497579;2023-01-06; sexta-feira ; 12:45:00 ; RS ;392;51,8; RIO GRANDE ; Manobra de mudança de faixa ; Colisão traseira ; Com Vítimas Feridas ; Pleno dia ; Decrescente ; Céu Claro ; Dupla ; Reta ; Não ;3;0;2;0;1;0;2;2;-31,86521207;-52,32379036; SPRF-RS ; DEL07-RS ; UOP02-DEL07-RS 
497609;2023-01-06; sexta-feira ; 14:40:00 ; MG ;40;210,9; JOAO PINHEIRO ; Chuva ; Colisão frontal ; Com Vítimas Fatais ; Pleno dia ; Crescente ; Chuva ; Simples ; Reta ; Não ;2;1;0;0;1;0;0;2;-17,98273484;-45,72905904; SPRF-MG ; DEL14-MG ; UOP02-DEL14-MG 
497610;2023-01-06; sexta-feira ; 16:45:00 ; PR ;467;98; CASCAVEL ; Condutor Dormindo ; Colisão traseira ; Com Vítimas Feridas ; Pleno dia ; Decrescente ; Céu Claro ; Dupla ; Não Informado ; Não ;2;0;1;0;1;0;1;2;-24,8897;-53,5525; SPRF-PR ; DEL04-PR ; UOP01-DEL04-PR 
497611;2023-01-06; sexta-feira ; 17:00:00 ; MG ;381;481; CONTAGEM ; Condutor deixou de manter distância do veículo da frente ; Colisão traseira ; Com Vítimas Feridas ; Pleno dia ; Crescente ; Garoa/Chuvisco ; Dupla ; Reta ; Sim ;3;0;1;0;1;1;1;3;-19,95931561;-44,08825597; SPRF-MG ; DEL01-MG ; UOP03-DEL01-MG 
497615;2023-01-06; sexta-feira ; 13:50:00 ; RO ;364;535; ALTO PARAISO ; Transitar na contramão ; Colisão frontal ; Com Vítimas Fatais ; Pleno dia ; Decrescente ; Nublado ; Simples ; Não Informado ; Não ;2;1;0;0;1;0;0;2;-9,75412198;-63,09728697; SPRF-RO ; DEL03-RO ; UOP01-DEL03-RO 
497619;2023-01-06; sexta-feira ; 17:51:00 ; SC ;101;212,9; PALHOCA ; Reação tardia ou ineficiente do condutor ; Colisão traseira ; Com Vítimas Feridas ; Pleno dia ; Crescente ; Céu Claro ; Múltipla ; Reta ; Sim ;2;0;0;1;1;0;1;2;-27,62996929;-48,65903871; SPRF-SC ; DEL01-SC ; UOP02-DEL01-SC 
497621;2023-01-06; sexta-feira ; 16:30:00 ; MG ;40;641; CONSELHEIRO LAFAIETE ; Acumulo de água sobre o pavimento ; Saída de leito carroçável ; Com Vítimas Feridas ; Pleno dia ; Crescente ; Chuva ; Simples ; Curva ; Não ;3;0;2;1;0;0;3;1;-20,74938509;-43,80105361; SPRF-MG ; DEL05-MG ; UOP02-DEL05-MG 
497625;2023-01-06; sexta-feira ; 17:40:00 ; DF ;20;6; BRASILIA ; Ausência de reação do condutor ; Colisão transversal ; Com Vítimas Feridas ; Pleno dia ; Crescente ; Céu Claro ; Dupla ; Não Informado ; Sim ;5;0;1;2;2;0;3;2;-15,665888;-47,808308; SPRF-DF ; DEL02-DF ; UOP01-DEL02-DF 
497630;2023-01-06; sexta-feira ; 15:00:00 ; RN ;405;150,5; PAU DOS FERROS ; Manobra de mudança de faixa ; Colisão lateral mesmo sentido ; Com Vítimas Feridas ; Pleno dia ; Decrescente ; Céu Claro ; Dupla ; Reta ; Sim ;2;0;0;1;0;1;1;2;-6,10581398;-38,20595589; SPRF-RN ; DEL04-RN ; UOP02-DEL04-RN 
497634;2023-01-06; sexta-feira ; 10:20:00 ; MT ;364;350; SANTO ANTONIO DO LEVERGER ; Falta de elemento de contenção que evite a saída do leito carroçável ; Saída de leito carroçável ; Com Vítimas Feridas ; Pleno dia ; Crescente ; Nublado ; Dupla ; Curva ; Não ;1;0;1;0;0;0;1;1;-15,79345114;-55,5857563; SPRF-MT ; DEL05-MT ; UOP02-DEL05-MT 
497637;2023-01-06; sexta-feira ; 19:10:00 ; MG ;381;763; CAMPANHA ; Chuva ; Colisão traseira ; Com Vítimas Feridas ; Plena Noite ; Crescente ; Chuva ; Dupla ; Reta ; Não ;5;0;3;0;2;0;3;2;-21,74873501;-45,38842699; SPRF-MG ; DEL16-MG ; UOP02-DEL16-MG 
497638;2023-01-06; sexta-feira ; 18:10:00 ; PE ;101;64; RECIFE ; Condutor deixou de manter distância do veículo da frente ; Engavetamento ; Com Vítimas Feridas ; Plena Noite ; Crescente ; Céu Claro ; Dupla ; Não Informado ; Sim ;3;0;1;0;2;0;1;3;-8,01678;-34,941022; SPRF-PE ; DEL01-PE ; UOP01-DEL01-PE 
497653;2023-01-06; sexta-feira ; 19:00:00 ; SC ;101;384; ICARA ; Estacionar ou parar em local proibido ; Colisão lateral mesmo sentido ; Com Vítimas Feridas ; Pleno dia ; Crescente ; Céu Claro ; Dupla ; Não Informado ; Não ;3;0;0;1;2;0;1;3;-28,76851141;-49,3025538; SPRF-SC ; DEL02-SC ; UOP02-DEL02-SC 
497658;2023-01-06; sexta-feira ; 09:30:00 ; MG ;251;333,1; FRUTA DE LEITE ; Ausência de reação do condutor ; Tombamento ; Com Vítimas Feridas ; Pleno dia ; Decrescente ; Céu Claro ; Simples ; Não Informado ; Não ;1;0;1;0;0;0;1;1;-16,25637294;-42,4383831; SPRF-MG ; DEL12-MG ; UOP01-DEL12-MG 
497661;2023-01-06; sexta-feira ; 19:16:00 ; TO ;153;455; BARROLANDIA ; Manobra de mudança de faixa ; Colisão lateral sentido oposto ; Com Vítimas Feridas ; Plena Noite ; Crescente ; Céu Claro ; Simples ; Reta ; Não ;2;0;0;1;1;0;1;2;-9,870686;-48,72482897; SPRF-TO ; DEL01-TO ; UOP01-DEL01-TO 
497667;2023-01-06; sexta-feira ; 21:10:00 ; SC ;280;33,1; ARAQUARI ; Desrespeitar a preferência no cruzamento ; Colisão transversal ; Com Vítimas Feridas ; Plena Noite ; Decrescente ; Céu Claro ; Simples ; Reta ; Não ;4;0;1;1;2;0;2;3;-26,42576441;-48,78741376; SPRF-SC ; DEL03-SC ; UOP03-DEL03-SC 
497679;2023-01-06; sexta-feira ; 22:25:00 ; SC ;470;236,6; SAO CRISTOVAO DO SUL ; Ausência de reação do condutor ; Colisão frontal ; Com Vítimas Feridas ; Plena Noite ; Decrescente ; Nublado ; Simples ; Reta ; Não ;2;0;0;1;1;0;1;2;-27,30200288;-50,44578552; SPRF-SC ; DEL05-SC ; UOP03-DEL05-SC 
497685;2023-01-07; sábado ; 00:35:00 ; RJ ;116;285; BARRA MANSA ; Chuva ; Eventos atípicos ; Sem Vítimas ; Plena Noite ; Decrescente ; Chuva ; Dupla ; Não Informado ; Não ;1;0;0;0;1;0;0;1;-22,50496778;-44,22509483; SPRF-RJ ; DEL07-RJ ; UOP02-DEL07-RJ 
497687;2023-01-06; sexta-feira ; 21:10:00 ; RJ ;465;3; SEROPEDICA ; Ausência de reação do condutor ; Colisão frontal ; Com Vítimas Fatais ; Plena Noite ; Crescente ; Chuva ; Simples ; Reta ; Não ;2;1;0;0;1;0;0;2;-22,73427;-43,711994; SPRF-RJ ; DEL01-RJ ; UOP03-DEL01-RJ 
497695;2023-01-07; sábado ; 03:19:00 ; MG ;40;464; SETE LAGOAS ; Acumulo de água sobre o pavimento ; Colisão traseira ; Com Vítimas Feridas ; Plena Noite ; Crescente ; Chuva ; Dupla ; Reta ; Não ;3;0;2;0;1;0;2;2;-19,43110896;-44,33657482; SPRF-MG ; DEL02-MG ; UOP01-DEL02-MG 
497697;2023-01-07; sábado ; 04:25:00 ; RS ;285;298,8; PASSO FUNDO ; Transitar na contramão ; Colisão frontal ; Com Vítimas Fatais ; Plena Noite ; Crescente ; Céu Claro ; Simples ; Reta ; Sim ;3;1;0;1;1;0;1;2;-28,234184;-52,43314; SPRF-RS ; DEL08-RS ; UOP03-DEL08-RS 
497712;2023-01-07; sábado ; 06:40:00 ; MG ;262;368,5; JUATUBA ; Pista Escorregadia ; Colisão lateral mesmo sentido ; Com Vítimas Feridas ; Pleno dia ; Crescente ; Céu Claro ; Dupla ; Não Informado ; Não ;3;0;2;0;1;0;2;2;-19,97239513;-44,28042402; SPRF-MG ; DEL01-MG ; UOP03-DEL01-MG 
497721;2023-01-07; sábado ; 07:50:00 ; RS ;116;261,5; CANOAS ; Condutor deixou de manter distância do veículo da frente ; Colisão traseira ; Com Vítimas Feridas ; Pleno dia ; Crescente ; Céu Claro ; Dupla ; Reta ; Sim ;3;0;1;0;1;1;1;2;-29,887983;-51,17901; SPRF-RS ; DEL01-RS ; UOP01-DEL01-RS 
497724;2023-01-07; sábado ; 07:40:00 ; MG ;381;770; CAMPANHA ; Pista esburacada ; Colisão com objeto ; Com Vítimas Feridas ; Pleno dia ; Decrescente ; Garoa/Chuvisco ; Dupla ; Reta ; Não ;2;0;0;1;1;0;1;2;-21,78806301;-45,439064; SPRF-MG ; DEL16-MG ; UOP02-DEL16-MG 
497725;2023-01-07; sábado ; 06:00:00 ; MT ;70;404,3; CAMPO VERDE ; Reação tardia ou ineficiente do condutor ; Saída de leito carroçável ; Com Vítimas Feridas ; Pleno dia ; Decrescente ; Céu Claro ; Simples ; Desvio Temporário ; Não ;2;0;1;0;1;0;1;2;-15,65990219;-55,24811289; SPRF-MT ; DEL05-MT ; UOP02-DEL05-MT 