 id ; data_inversa ; dia_semana ; horario ; uf ; br ; km ; municipio ; causa_acidente ; tipo_acidente ; classificacao_acidente ; fase_dia ; sentido_via ; condicao_metereologica ; tipo_pista ; tracado_via ; uso_solo ; pessoas ; mortos ; feridos_leves ; feridos_graves ; ilesos ; ignorados ; feridos ; veiculos ; latitude ; longitude ; regional ; delegacia ; uop 
497727;2023-01-07; sábado ; 05:40:00 ; PR ;476;287; SAO MATEUS DO SUL ; Manobra de mudança de faixa ; Saída de leito carroçável ; Com Vítimas Fatais ; Pleno dia ; Crescente ; Céu Claro ; Simples ; Não Informado ; Não ;3;1;1;0;1;0;1;2;-25,92116;-50,455887; SPRF-PR ; DEL02-PR ; UOP03-DEL02-PR 
497735;2023-01-07; sábado ; 08:32:00 ; SP ;116;273,7; TABOAO DA SERRA ; Entrada inopinada do pedestre ; Atropelamento de Pedestre ; Com Vítimas Fatais ; Pleno dia ; Decrescente ; Céu Claro ; Dupla ; Reta ; Sim ;2;1;0;0;1;0;0;1;-23,62809795;-46,81870306; SPRF-SP ; DEL04-SP ; UOP01-DEL04-SP 
497744;2023-01-07; sábado ; 09:35:00 ; PR ;116;96; SAO JOSE DOS PINHAIS ; Demais falhas mecânicas ou elétricas ; Incêndio ; Sem Vítimas ; Pleno dia ; Crescente ; Nublado ; Dupla ; Não Informado ; Não ;1;0;0;0;1;0;0;1;-25,53357077;-49,1464836; SPRF-PR ; DEL01-PR ; UOP07-DEL01-PR 
497748;2023-01-07; sábado ; 08:30:00 ; MS ;158;55,1; PARANAIBA ; Ultrapassagem Indevida ; Colisão frontal ; Com Vítimas Fatais ; Pleno dia ; Crescente ; Garoa/Chuvisco ; Simples ; Reta ; Não ;5;4;0;0;1;0;0;2;-19,40429068;-51,40386983; SPRF-MS ; DEL08-MS ; UOP01-DEL08-MS 
497751;2023-01-04; quarta-feira ; 08:30:00 ; RJ ;101;385; RIO DE JANEIRO ; Estacionar ou parar em local proibido ; Colisão com objeto ; Sem Vítimas ; Pleno dia ; Crescente ; Nublado ; Dupla ; Reta ; Sim ;2;0;0;0;2;0;0;2;-22,88064129;-43,63218994; SPRF-RJ ; DEL01-RJ ; UOP04-DEL01-RJ 
497756;2023-01-07; sábado ; 10:00:00 ; PR ;153;33; SANTO ANTONIO DA PLATINA ; Reação tardia ou ineficiente do condutor ; Colisão lateral mesmo sentido ; Com Vítimas Fatais ; Pleno dia ; Decrescente ; Céu Claro ; Simples ; Não Informado ; Não ;3;1;0;0;2;0;0;3;-23,23229394;-50,0364961; SPRF-PR ; DEL07-PR ; UOP04-DEL07-PR 
497766;2023-01-07; sábado ; 11:40:00 ; PR ;153;98,4; JAPIRA ; Ultrapassagem Indevida ; Colisão frontal ; Com Vítimas Feridas ; Pleno dia ; Decrescente ; Céu Claro ; Simples ; Curva ; Não ;2;0;0;1;1;0;1;2;-23,75551706;-50,18407866; SPRF-PR ; DEL07-PR ; UOP04-DEL07-PR 
497767;2023-01-07; sábado ; 12:40:00 ; PE ;101;67,5; RECIFE ; Trafegar com motocicleta (ou similar) entre as faixas ; Colisão lateral mesmo sentido ; Com Vítimas Feridas ; Pleno dia ; Decrescente ; Céu Claro ; Dupla ; Reta ; Sim ;3;0;0;1;2;0;1;3;-8,042334;-34,943096; SPRF-PE ; DEL01-PE ; UOP01-DEL01-PE 
497769;2023-01-07; sábado ; 13:15:00 ; ES ;259;59; COLATINA ; Condutor desrespeitou a iluminação vermelha do semáforo ; Colisão transversal ; Com Vítimas Feridas ; Pleno dia ; Crescente ; Céu Claro ; Simples ; Reta ; Sim ;3;0;1;1;1;0;2;2;-19,52125411;-40,66594194; SPRF-ES ; DEL02-ES ; UOP01-DEL02-ES 
497773;2023-01-07; sábado ; 13:30:00 ; ES ;262;131; BREJETUBA ; Demais falhas mecânicas ou elétricas ; Incêndio ; Sem Vítimas ; Pleno dia ; Crescente ; Nublado ; Simples ; Reta ; Não ;1;0;0;0;1;0;0;1;-20,25656076;-41,30517891; SPRF-ES ; DEL01-ES ; UOP02-DEL01-ES 
497783;2023-01-07; sábado ; 14:30:00 ; PE ;101;149; RIBEIRAO ; Demais falhas mecânicas ou elétricas ; Saída de leito carroçável ; Sem Vítimas ; Pleno dia ; Crescente ; Céu Claro ; Dupla ; Curva ; Sim ;1;0;0;0;1;0;0;1;-8,49165198;-35,37459703; SPRF-PE ; DEL01-PE ; UOP03-DEL01-PE 
497791;2023-01-07; sábado ; 11:30:00 ; SC ;101;141; BALNEARIO CAMBORIU ; Manobra de mudança de faixa ; Colisão lateral mesmo sentido ; Com Vítimas Feridas ; Pleno dia ; Decrescente ; Céu Claro ; Dupla ; Reta ; Sim ;5;0;2;2;1;0;4;2;-27,04761729;-48,59995855; SPRF-SC ; DEL04-SC ; UOP03-DEL04-SC 
497798;2023-01-07; sábado ; 11:50:00 ; MG ;116;443,3; ENGENHEIRO CALDAS ; Reação tardia ou ineficiente do condutor ; Saída de leito carroçável ; Com Vítimas Feridas ; Pleno dia ; Crescente ; Céu Claro ; Simples ; Não Informado ; Não ;1;0;0;1;0;0;1;1;-19,09760101;-42,0072935; SPRF-MG ; DEL06-MG ; UOP01-DEL06-MG 
497799;2023-01-07; sábado ; 16:18:00 ; RS ;101;86,1; OSORIO ; Ingestão de álcool pelo condutor ; Colisão lateral mesmo sentido ; Sem Vítimas ; Pleno dia ; Decrescente ; Céu Claro ; Dupla ; Curva ; Não ;2;0;0;0;2;0;0;2;-29,8754149;-50,25734711; SPRF-RS ; DEL03-RS ; UOP01-DEL03-RS 
497804;2023-01-07; sábado ; 16:15:00 ; MG ;262;715,6; ARAXA ; Condutor Dormindo ; Saída de leito carroçável ; Com Vítimas Feridas ; Pleno dia ; Crescente ; Nublado ; Simples ; Reta ; Não ;2;0;1;0;1;0;1;1;-19,61086327;-47,18691499; SPRF-MG ; DEL08-MG ; UOP01-DEL08-MG 
497806;2023-01-07; sábado ; 17:00:00 ; PE ;101;80; JABOATAO DOS GUARARAPES ; Manobra de mudança de faixa ; Colisão lateral mesmo sentido ; Com Vítimas Feridas ; Pleno dia ; Crescente ; Céu Claro ; Dupla ; Reta ; Sim ;2;0;1;0;1;0;1;2;-8,15112589;-34,9428866; SPRF-PE ; DEL01-PE ; UOP01-DEL01-PE 
497815;2023-01-06; sexta-feira ; 22:00:00 ; SP ;116;32,9; CRUZEIRO ; Manobra de mudança de faixa ; Saída de leito carroçável ; Sem Vítimas ; Plena Noite ; Crescente ; Chuva ; Dupla ; Curva ; Não ;1;0;0;0;1;0;0;1;-22,6422031;-44,94731891; SPRF-SP ; DEL08-SP ; UOP02-DEL08-SP 
497818;2023-01-07; sábado ; 16:05:00 ; MT ;163;602; NOVA MUTUM ; Sinalização mal posicionada ; Colisão transversal ; Com Vítimas Feridas ; Pleno dia ; Decrescente ; Céu Claro ; Simples ; Rotatória ; Não ;3;0;0;1;2;0;1;3;-13,89007603;-56,08964479; SPRF-MT ; DEL01-MT ; UOP01-DEL01-MT 
497819;2023-01-07; sábado ; 17:00:00 ; MG ;40;555; NOVA LIMA ; Acumulo de água sobre o pavimento ; Colisão traseira ; Com Vítimas Feridas ; Pleno dia ; Decrescente ; Chuva ; Dupla ; Reta ; Não ;2;0;1;0;1;0;1;2;-20,08472706;-43,97697012; SPRF-MG ; DEL01-MG ; UOP02-DEL01-MG 
497826;2023-01-07; sábado ; 14:55:00 ; GO ;70;441; ARAGARCAS ; Ultrapassagem Indevida ; Colisão traseira ; Com Vítimas Feridas ; Pleno dia ; Decrescente ; Garoa/Chuvisco ; Simples ; Não Informado ; Não ;5;0;1;3;1;0;4;3;-15,91162939;-52,10497856; SPRF-GO ; DEL04-GO ; UOP02-DEL04-GO 
497827;2023-01-07; sábado ; 15:30:00 ; BA ;116;578; BREJOES ; Ultrapassagem Indevida ; Colisão lateral sentido oposto ; Com Vítimas Feridas ; Pleno dia ; Decrescente ; Céu Claro ; Simples ; Curva ; Não ;2;0;1;0;1;0;1;2;-13,07158302;-39,9611107; SPRF-BA ; DEL03-BA ; UOP02-DEL03-BA 
497830;2023-01-07; sábado ; 11:30:00 ; AP ;210;132; PORTO GRANDE ; Manobra de mudança de faixa ; Colisão transversal ; Com Vítimas Feridas ; Pleno dia ; Crescente ; Nublado ; Simples ; Não Informado ; Não ;2;0;1;0;0;1;1;2;0,70564616;-51,41271608; SPRF-AP ; N/A ; UOP01-DEL01-AP 
497835;2023-01-07; sábado ; 15:00:00 ; MG ;116;779; LEOPOLDINA ; Reação tardia ou ineficiente do condutor ; Tombamento ; Com Vítimas Feridas ; Pleno dia ; Decrescente ; Céu Claro ; Simples ; Curva ; Não ;2;0;2;0;0;0;2;1;-21,60837977;-42,69596393; SPRF-MG ; DEL07-MG ; UOP01-DEL07-MG 
497840;2023-01-07; sábado ; 17:40:00 ; SC ;470;199; PONTE ALTA ; Acessar a via sem observar a presença dos outros veículos ; Colisão transversal ; Sem Vítimas ; Amanhecer ; Crescente ; Céu Claro ; Simples ; Não Informado ; Não ;2;0;0;0;2;0;0;2;-27,30805659;-50,13389826; SPRF-SC ; DEL05-SC ; UOP03-DEL05-SC 
497866;2023-01-07; sábado ; 21:30:00 ; GO ;20;63; FORMOSA ; Chuva ; Colisão com objeto ; Com Vítimas Fatais ; Plena Noite ; Crescente ; Chuva ; Simples ; Não Informado ; Não ;3;2;1;0;0;0;1;1;-15,222443;-47,169949; SPRF-DF ; DEL02-DF ; UOP02-DEL02-DF 
497867;2023-01-07; sábado ; 22:10:00 ; PR ;277;656,5; MATELANDIA ; Reação tardia ou ineficiente do condutor ; Colisão lateral mesmo sentido ; Sem Vítimas ; Plena Noite ; Crescente ; Céu Claro ; Dupla ; Não Informado ; Sim ;3;0;0;0;2;1;0;2;-25,23423637;-53,96184188; SPRF-PR ; DEL05-PR ; UOP02-DEL05-PR 
497868;2023-01-07; sábado ; 20:15:00 ; MG ;381;166; GOVERNADOR VALADARES ; Demais falhas mecânicas ou elétricas ; Tombamento ; Com Vítimas Feridas ; Plena Noite ; Decrescente ; Chuva ; Simples ; Reta ; Não ;2;0;2;0;0;0;2;1;-18,95243865;-42,07229536; SPRF-MG ; DEL06-MG ; UOP01-DEL06-MG 
497876;2023-01-07; sábado ; 21:20:00 ; GO ;40;142; CRISTALINA ; Transitar na contramão ; Colisão lateral sentido oposto ; Com Vítimas Feridas ; Plena Noite ; Crescente ; Chuva ; Simples ; Não Informado ; Não ;2;0;1;0;1;0;1;2;-16,965446;-47,267195; SPRF-DF ; DEL01-DF ; UOP04-DEL01-DF 
497892;2023-01-08; domingo ; 02:16:00 ; SC ;280;22,1; ARAQUARI ; Reação tardia ou ineficiente do condutor ; Colisão lateral sentido oposto ; Com Vítimas Feridas ; Plena Noite ; Decrescente ; Nublado ; Simples ; Reta ; Não ;2;0;1;0;1;0;1;2;-26,37092616;-48,70204099; SPRF-SC ; DEL03-SC ; UOP03-DEL03-SC 
497898;2023-01-08; domingo ; 03:15:00 ; SC ;101;242,2; PALHOCA ; Manobra de mudança de faixa ; Colisão lateral mesmo sentido ; Com Vítimas Feridas ; Plena Noite ; Crescente ; Nublado ; Dupla ; Reta ; Não ;3;0;0;1;1;1;1;3;-27,87545797;-48,64678433; SPRF-SC ; DEL01-SC ; UOP02-DEL01-SC 
497903;2023-01-08; domingo ; 04:00:00 ; MG ;365;687,5; MONTE ALEGRE DE MINAS ; Ausência de reação do condutor ; Colisão com objeto ; Com Vítimas Feridas ; Plena Noite ; Crescente ; Chuva ; Múltipla ; Reta ; Sim ;1;0;1;0;0;0;1;1;-18,87548498;-48,87468901; SPRF-MG ; DEL15-MG ; UOP03-DEL15-MG 
497904;2023-01-08; domingo ; 03:15:00 ; MA ;10;200; RIBAMAR FIQUENE ; Reação tardia ou ineficiente do condutor ; Tombamento ; Com Vítimas Feridas ; Plena Noite ; Crescente ; Céu Claro ; Simples ; Não Informado ; Não ;1;0;1;0;0;0;1;1;-5,96539;-47,38356; SPRF-MA ; DEL04-MA ; UOP01-DEL04-MA 
497905;2023-01-07; sábado ; 19:30:00 ; MG ;251;492,8; FRANCISCO SA ; Velocidade Incompatível ; Tombamento ; Com Vítimas Feridas ; Plena Noite ; Crescente ; Chuva ; Simples ; Não Informado ; Não ;1;0;1;0;0;0;1;1;-16,54433804;-43,59543496; SPRF-MG ; DEL12-MG ; UOP01-DEL12-MG 
497912;2023-01-08; domingo ; 00:50:00 ; BA ;410;19; TUCANO ; Velocidade Incompatível ; Colisão traseira ; Sem Vítimas ; Plena Noite ; Crescente ; Céu Claro ; Simples ; Reta ; Não ;2;0;0;0;1;1;0;2;-10,90591184;-38,67589213; SPRF-BA ; DEL07-BA ; UOP02-DEL07-BA 
497914;2023-01-07; sábado ; 20:10:00 ; RS ;285;566,5; SAO LUIZ GONZAGA ; Demais falhas mecânicas ou elétricas ; Colisão transversal ; Com Vítimas Fatais ; Plena Noite ; Decrescente ; Céu Claro ; Simples ; Reta ; Sim ;2;1;0;0;1;0;0;2;-28,419132;-54,956936; SPRF-RS ; DEL10-RS ; UOP01-DEL10-RS 
497930;2023-01-08; domingo ; 00:30:00 ; MG ;262;780; UBERABA ; Velocidade Incompatível ; Colisão lateral sentido oposto ; Com Vítimas Feridas ; Plena Noite ; Crescente ; Nublado ; Simples ; Reta ; Não ;2;0;1;0;1;0;1;2;-19,7448167;-47,76085822; SPRF-MG ; DEL13-MG ; UOP01-DEL13-MG 
497935;2023-01-07; sábado ; 17:30:00 ; MG ;365;325; SAO GONCALO DO ABAETE ; Transitar na contramão ; Colisão lateral sentido oposto ; Sem Vítimas ; Pleno dia ; Decrescente ; Chuva ; Simples ; Não Informado ; Não ;2;0;0;0;2;0;0;2;-18,28289196;-45,91092202; SPRF-MG ; DEL10-MG ; UOP01-DEL10-MG 
497939;2023-01-08; domingo ; 05:30:00 ; MT ;174;388; NOVA LACERDA ; Ingestão de álcool pelo condutor ; Colisão lateral sentido oposto ; Com Vítimas Feridas ; Pleno dia ; Decrescente ; Sol ; Simples ; Reta ; Não ;3;0;2;0;1;0;2;2;-14,482545;-59,58194; SPRF-MT ; DEL04-MT ; UOP01-DEL04-MT 
497948;2023-01-08; domingo ; 06:30:00 ; MG ;381;576,9; ITAGUARA ; Pista esburacada ; Saída de leito carroçável ; Sem Vítimas ; Amanhecer ; Crescente ; Garoa/Chuvisco ; Dupla ; Não Informado ; Não ;2;0;0;0;2;0;0;1;-20,48100267;-44,58883345; SPRF-MG ; DEL04-MG ; UOP01-DEL04-MG 
497950;2023-01-08; domingo ; 08:35:00 ; PE ;423;76; JUCATI ; Carga excessiva e/ou mal acondicionada ; Tombamento ; Com Vítimas Feridas ; Pleno dia ; Crescente ; Céu Claro ; Simples ; Não Informado ; Não ;1;0;1;0;0;0;1;1;-8,73183901;-36,43146015; SPRF-PE ; DEL03-PE ; UOP01-DEL03-PE 
497953;2023-01-04; quarta-feira ; 14:40:00 ; MS ;163;432; CAMPO GRANDE ; Demais falhas mecânicas ou elétricas ; Colisão traseira ; Sem Vítimas ; Pleno dia ; Decrescente ; Chuva ; Múltipla ; Reta ; Não ;2;0;0;0;2;0;0;2;-20,88353204;-54,50456322; SPRF-MS ; DEL01-MS ; UOP01-DEL01-MS 
497954;2023-01-08; domingo ; 07:59:00 ; PR ;277;154,5; PALMEIRA ; Ausência de reação do condutor ; Colisão lateral sentido oposto ; Com Vítimas Feridas ; Pleno dia ; Crescente ; Nublado ; Simples ; Reta ; Não ;7;0;1;1;5;0;2;3;-25,4791;-49,8707; SPRF-PR ; DEL03-PR ; UOP03-DEL03-PR 
497965;2023-01-08; domingo ; 11:10:00 ; MG ;262;533,5; LUZ ; Condutor Dormindo ; Tombamento ; Com Vítimas Fatais ; Pleno dia ; Decrescente ; Chuva ; Simples ; Curva ; Não ;1;1;0;0;0;0;0;1;-19,77821294;-45,74227498; SPRF-MG ; DEL08-MG ; UOP02-DEL08-MG 
497966;2023-01-08; domingo ; 09:00:00 ; PA ;155;321; MARABA ; Ultrapassagem Indevida ; Colisão frontal ; Com Vítimas Feridas ; Pleno dia ; Crescente ; Céu Claro ; Simples ; Reta ; Não ;3;0;1;0;1;1;1;2;-5,56653113;-49,0769657; SPRF-PA ; DEL03-PA ; UOP01-DEL03-PA 
497981;2023-01-08; domingo ; 13:20:00 ; BA ;116;815; VITORIA DA CONQUISTA ; Ingestão de álcool pelo condutor ; Engavetamento ; Com Vítimas Feridas ; Pleno dia ; Crescente ; Nublado ; Simples ; Não Informado ; Sim ;7;0;1;0;6;0;1;4;-14,77315332;-40,72201784; SPRF-BA ; DEL08-BA ; UOP01-DEL08-BA 
497982;2023-01-08; domingo ; 07:30:00 ; PR ;476;75,8; RIO BRANCO DO SUL ; Reação tardia ou ineficiente do condutor ; Colisão lateral sentido oposto ; Com Vítimas Feridas ; Pleno dia ; Decrescente ; Nublado ; Simples ; Não Informado ; Não ;5;0;3;0;2;0;3;2;-25,099615;-49,105515; SPRF-PR ; DEL01-PR ; UOP01-DEL01-PR 
497983;2023-01-08; domingo ; 12:40:00 ; MG ;40;511,8; RIBEIRAO DAS NEVES ; Ingestão de álcool pelo condutor ; Colisão traseira ; Com Vítimas Feridas ; Pleno dia ; Crescente ; Nublado ; Dupla ; Reta ; Não ;2;0;1;0;1;0;1;2;-19,78164295;-44,11733194; SPRF-MG ; DEL01-MG ; UOP02-DEL01-MG 
497995;2023-01-08; domingo ; 15:00:00 ; SC ;282;224; LAGES ; Acessar a via sem observar a presença dos outros veículos ; Colisão transversal ; Com Vítimas Feridas ; Pleno dia ; Decrescente ; Céu Claro ; Simples ; Rotatória ; Sim ;3;0;1;1;1;0;2;2;-27,79969745;-50,36334515; SPRF-SC ; DEL05-SC ; UOP02-DEL05-SC 
497998;2023-01-08; domingo ; 11:00:00 ; MT ;70;72; GENERAL CARNEIRO ; Reação tardia ou ineficiente do condutor ; Tombamento ; Com Vítimas Feridas ; Pleno dia ; Crescente ; Nublado ; Simples ; Curva ; Não ;1;0;1;0;0;0;1;1;-15,69824441;-52,79619381; SPRF-MT ; DEL07-MT ; UOP01-DEL07-MT 
498007;2023-01-08; domingo ; 15:35:00 ; PR ;163;23,5; BARRACAO ; Ultrapassagem Indevida ; Colisão lateral mesmo sentido ; Com Vítimas Feridas ; Pleno dia ; Crescente ; Céu Claro ; Simples ; Não Informado ; Não ;5;0;2;0;3;0;2;2;-26,18955394;-53,65594692; SPRF-PR ; DEL02-PR ; UOP02-DEL02-PR 
498008;2023-01-08; domingo ; 12:00:00 ; MA ;230;478; RIACHAO ; Pista esburacada ; Tombamento ; Com Vítimas Feridas ; Pleno dia ; Decrescente ; Céu Claro ; Simples ; Reta ; Não ;2;0;1;0;1;0;1;1;-7,40288422;-46,64804978; SPRF-MA ; DEL05-MA ; UOP01-DEL05-MA 
498017;2023-01-08; domingo ; 14:30:00 ; MG ;381;938,7; EXTREMA ; Reação tardia ou ineficiente do condutor ; Colisão traseira ; Com Vítimas Feridas ; Pleno dia ; Crescente ; Chuva ; Dupla ; Curva ; Não ;2;0;0;1;1;0;1;2;-22,83909203;-46,32850893; SPRF-MG ; DEL16-MG ; UOP03-DEL16-MG 
498022;2023-01-08; domingo ; 18:04:00 ; SP ;116;167; JACAREI ; Acessar a via sem observar a presença dos outros veículos ; Colisão lateral mesmo sentido ; Com Vítimas Feridas ; Pleno dia ; Decrescente ; Garoa/Chuvisco ; Dupla ; Desvio Temporário ; Sim ;2;0;1;0;0;1;1;2;-23,30254924;-46,02640493; SPRF-SP ; DEL02-SP ; UOP01-DEL02-SP 
498025;2023-01-08; domingo ; 16:50:00 ; MT ;364;219; RONDONOPOLIS ; Velocidade Incompatível ; Colisão lateral mesmo sentido ; Com Vítimas Fatais ; Pleno dia ; Decrescente ; Céu Claro ; Dupla ; Curva ; Não ;3;1;0;0;2;0;0;3;-16,35492299;-54,73390098; SPRF-MT ; DEL02-MT ; UOP01-DEL02-MT 
498033;2023-01-08; domingo ; 16:00:00 ; MT ;163;114; RONDONOPOLIS ; Velocidade Incompatível ; Colisão traseira ; Com Vítimas Fatais ; Pleno dia ; Decrescente ; Sol ; Dupla ; Não Informado ; Não ;3;1;0;0;1;1;0;2;-16,5440645;-54,67086252; SPRF-MT ; DEL02-MT ; UOP01-DEL02-MT 
498040;2023-01-08; domingo ; 16:32:00 ; MS ;163;646,1; SAO GABRIEL DO OESTE ; Ausência de reação do condutor ; Tombamento ; Com Vítimas Feridas ; Pleno dia ; Crescente ; Céu Claro ; Dupla ; Reta ; Não ;1;0;0;1;0;0;1;1;-19,194609;-54,74762; SPRF-MS ; DEL06-MS ; UOP02-DEL06-MS 
498045;2023-01-08; domingo ; 18:00:00 ; ES ;262;53,5; MARECHAL FLORIANO ; Problema com o freio ; Saída de leito carroçável ; Com Vítimas Feridas ; Anoitecer ; Crescente ; Chuva ; Simples ; Curva ; Não ;3;0;2;1;0;0;3;1;-20,41397156;-40,73317528; SPRF-ES ; DEL01-ES ; UOP01-DEL01-ES 
498055;2023-01-08; domingo ; 17:10:00 ; RS ;153;403,1; CACHOEIRA DO SUL ; Entrada inopinada do pedestre ; Atropelamento de Pedestre ; Com Vítimas Feridas ; Pleno dia ; Crescente ; Céu Claro ; Simples ; Não Informado ; Não ;5;0;0;1;1;3;1;1;-30,03550492;-52,91456559; SPRF-RS ; DEL02-RS ; UOP03-DEL02-RS 
498066;2023-01-08; domingo ; 19:30:00 ; ES ;101;347,9; GUARAPARI ; Ingestão de álcool pelo condutor ; Colisão frontal ; Com Vítimas Feridas ; Plena Noite ; Decrescente ; Céu Claro ; Simples ; Reta ; Não ;5;0;2;0;1;2;2;2;-20,65365634;-40,62631414; SPRF-ES ; DEL03-ES ; UOP01-DEL03-ES 
498069;2023-01-08; domingo ; 17:10:00 ; MA ;316;616,4; TIMON ; Condutor deixou de manter distância do veículo da frente ; Colisão transversal ; Com Vítimas Fatais ; Pleno dia ; Decrescente ; Céu Claro ; Dupla ; Reta ; Sim ;2;1;0;0;1;0;0;2;-5,08379169;-42,83964694; SPRF-MA ; DEL03-MA ; UOP02-DEL03-MA 
498078;2023-01-08; domingo ; 10:45:00 ; DF ;251;5; BRASILIA ; Reação tardia ou ineficiente do condutor ; Tombamento ; Com Vítimas Feridas ; Pleno dia ; Crescente ; Céu Claro ; Dupla ; Curva ; Não ;1;0;1;0;0;0;1;1;-16,007332;-47,552052; SPRF-DF ; DEL01-DF ; UOP01-DEL01-DF 
498086;2023-01-08; domingo ; 10:30:00 ; MG ;116;226,7; CATUJI ; Ingestão de álcool pelo condutor ; Tombamento ; Com Vítimas Feridas ; Pleno dia ; Decrescente ; Sol ; Simples ; Não Informado ; Não ;2;0;0;1;1;0;1;2;-17,45272285;-41,4999207; SPRF-MG ; DEL11-MG ; UOP01-DEL11-MG 
498093;2023-01-08; domingo ; 21:50:00 ; RS ;287;263; SANTA MARIA ; Transitar na contramão ; Colisão frontal ; Com Vítimas Feridas ; Plena Noite ; Crescente ; Céu Claro ; Simples ; Não Informado ; Não ;3;0;2;1;0;0;3;2;-29,67234507;-54,00188201; SPRF-RS ; DEL09-RS ; UOP01-DEL09-RS 
498096;2023-01-08; domingo ; 23:00:00 ; PR ;277;581,3; CASCAVEL ; Reação tardia ou ineficiente do condutor ; Colisão traseira ; Com Vítimas Feridas ; Plena Noite ; Decrescente ; Nublado ; Dupla ; Reta ; Não ;2;0;1;0;1;0;1;2;-24,98125257;-53,37778678; SPRF-PR ; DEL04-PR ; UOP01-DEL04-PR 
498116;2023-01-08; domingo ; 23:30:00 ; MG ;262;803; UBERABA ; Chuva ; Engavetamento ; Sem Vítimas ; Anoitecer ; Crescente ; Chuva ; Dupla ; Reta ; Sim ;8;0;0;0;6;2;0;3;-19,77509606;-47,97201785; SPRF-MG ; DEL13-MG ; UOP01-DEL13-MG 
498119;2023-01-09; segunda-feira ; 00:40:00 ; MA ;222;264,8; SANTA INES ; Pedestre andava na pista ; Atropelamento de Pedestre ; Com Vítimas Fatais ; Plena Noite ; Crescente ; Céu Claro ; Simples ; Reta ; Não ;2;1;0;0;0;1;0;1;-3,678825;-45,352052; SPRF-MA ; DEL01-MA ; UOP02-DEL01-MA 
498127;2023-01-09; segunda-feira ; 03:30:00 ; MG ;381;910,9; CAMANDUCAIA ; Ausência de reação do condutor ; Colisão traseira ; Com Vítimas Feridas ; Plena Noite ; Crescente ; Chuva ; Dupla ; Reta ; Não ;2;0;0;1;1;0;1;2;-22,732552;-46,135303; SPRF-MG ; DEL16-MG ; UOP03-DEL16-MG 
498133;2023-01-09; segunda-feira ; 06:20:00 ; PR ;116;51; CAMPINA GRANDE DO SUL ; Ausência de reação do condutor ; Tombamento ; Com Vítimas Feridas ; Amanhecer ; Crescente ; Céu Claro ; Simples ; Curva ; Não ;1;0;0;1;0;0;1;1;-25,24249703;-48,90292205; SPRF-PR ; DEL01-PR ; UOP02-DEL01-PR 
498136;2023-01-09; segunda-feira ; 04:10:00 ; BA ;116;433,5; FEIRA DE SANTANA ; Demais falhas mecânicas ou elétricas ; Saída de leito carroçável ; Com Vítimas Feridas ; Amanhecer ; Decrescente ; Céu Claro ; Dupla ; Curva ; Não ;1;0;1;0;0;0;1;1;-12,28864802;-39,014561; SPRF-BA ; DEL02-BA ; UOP01-DEL02-BA 
498138;2023-01-09; segunda-feira ; 06:40:00 ; PR ;376;600,3; CURITIBA ; Velocidade Incompatível ; Colisão traseira ; Com Vítimas Feridas ; Pleno dia ; Decrescente ; Nublado ; Dupla ; Desvio Temporário ; Sim ;2;0;0;1;1;0;1;2;-25,53195602;-49,32205901; SPRF-PR ; DEL01-PR ; UAP06-DEL01-PR 
498145;2023-01-09; segunda-feira ; 06:55:00 ; RJ ;393;275; BARRA DO PIRAI ; Chuva ; Colisão lateral sentido oposto ; Sem Vítimas ; Pleno dia ; Crescente ; Chuva ; Simples ; Não Informado ; Não ;4;0;0;0;4;0;0;3;-22,4739175;-43,99434328; SPRF-RJ ; DEL05-RJ ; UOP02-DEL05-RJ 
498148;2023-01-09; segunda-feira ; 07:40:00 ; PR ;376;619; SAO JOSE DOS PINHAIS ; Ultrapassagem Indevida ; Colisão lateral mesmo sentido ; Com Vítimas Feridas ; Pleno dia ; Crescente ; Céu Claro ; Simples ; Reta ; Sim ;2;0;1;0;1;0;1;2;-25,60034699;-49,17355691; SPRF-PR ; DEL01-PR ; UOP04-DEL01-PR 
498154;2023-01-09; segunda-feira ; 06:30:00 ; MS ;163;266; DOURADOS ; Avarias e/ou desgaste excessivo no pneu ; Tombamento ; Com Vítimas Feridas ; Pleno dia ; Crescente ; Céu Claro ; Dupla ; Reta ; Sim ;2;0;0;1;1;0;1;2;-22,21821026;-54,72287079; SPRF-MS ; DEL04-MS ; UOP01-DEL04-MS 
498158;2023-01-09; segunda-feira ; 09:00:00 ; CE ;116;44; HORIZONTE ; Acessar a via sem observar a presença dos outros veículos ; Atropelamento de Pedestre ; Com Vítimas Fatais ; Pleno dia ; Decrescente ; Sol ; Dupla ; Reta ; Sim ;2;1;0;0;1;0;0;1;-4,12328084;-38,48614261; SPRF-CE ; DEL01-CE ; UOP02-DEL01-CE 
498161;2023-01-09; segunda-feira ; 07:25:00 ; BA ;116;805,3; VITORIA DA CONQUISTA ; Condutor Dormindo ; Colisão frontal ; Com Vítimas Feridas ; Pleno dia ; Crescente ; Nublado ; Simples ; Reta ; Não ;4;0;2;0;2;0;2;3;-14,768385;-40,712742; SPRF-BA ; DEL08-BA ; UOP01-DEL08-BA 
498168;2023-01-09; segunda-feira ; 10:05:00 ; RS ;116;259,5; CANOAS ; Demais falhas mecânicas ou elétricas ; Eventos atípicos ; Com Vítimas Feridas ; Pleno dia ; Crescente ; Céu Claro ; Dupla ; Viaduto ; Sim ;2;0;1;0;1;0;1;1;-29,870408;-51,179909; SPRF-RS ; DEL01-RS ; UOP01-DEL01-RS 