 id ; data_inversa ; dia_semana ; horario ; uf ; br ; km ; municipio ; causa_acidente ; tipo_acidente ; classificacao_acidente ; fase_dia ; sentido_via ; condicao_metereologica ; tipo_pista ; tracado_via ; uso_solo ; pessoas ; mortos ; feridos_leves ; feridos_graves ; ilesos ; ignorados ; feridos ; veiculos ; latitude ; longitude ; regional ; delegacia ; uop 
499144;2023-01-14; sábado ; 15:45:00 ; MS ;163;265,5; DOURADOS ; Reação tardia ou ineficiente do condutor ; Tombamento ; Com Vítimas Feridas ; Pleno dia ; Decrescente ; Céu Claro ; Dupla ; Curva ; Não ;1;0;0;1;0;0;1;1;-22,2242568;-54,73270655; SPRF-MS ; DEL04-MS ; UOP01-DEL04-MS 
499149;2023-01-14; sábado ; 14:10:00 ; GO ;153;311,2; RIALMA ; Demais falhas mecânicas ou elétricas ; Tombamento ; Com Vítimas Feridas ; Pleno dia ; Decrescente ; Céu Claro ; Simples ; Curva ; Não ;1;0;1;0;0;0;1;1;-15,375852;-49,55616; SPRF-GO ; DEL02-GO ; UOP02-DEL02-GO 
499151;2023-01-14; sábado ; 17:45:00 ; ES ;101;288,9; CARIACICA ; Condutor deixou de manter distância do veículo da frente ; Colisão traseira ; Com Vítimas Feridas ; Anoitecer ; Decrescente ; Nublado ; Dupla ; Reta ; Sim ;2;0;1;0;1;0;1;2;-20,25148171;-40,37270066; SPRF-ES ; DEL01-ES ; UOP01-DEL01-ES 
499162;2023-01-14; sábado ; 06:00:00 ; PA ;153;140; SAO GERALDO DO ARAGUAIA ; Reação tardia ou ineficiente do condutor ; Tombamento ; Com Vítimas Feridas ; Pleno dia ; Crescente ; Sol ; Simples ; Não Informado ; Não ;2;0;2;0;0;0;2;1;-6,312557;-48,594467; SPRF-PA ; DEL03-PA ; UOP01-DEL03-PA 
499174;2023-01-14; sábado ; 20:00:00 ; MG ;267;166; LIMA DUARTE ; Ingestão de álcool e/ou substâncias psicoativas pelo pedestre ; Colisão transversal ; Com Vítimas Feridas ; Plena Noite ; Crescente ; Céu Claro ; Simples ; Não Informado ; Não ;2;0;1;0;1;0;1;2;-21,85623502;-43,835793; SPRF-MG ; DEL05-MG ; UOP01-DEL05-MG 
499186;2023-01-14; sábado ; 16:50:00 ; SP ;116;511; CAJATI ; Velocidade Incompatível ; Tombamento ; Com Vítimas Feridas ; Pleno dia ; Crescente ; Garoa/Chuvisco ; Dupla ; Não Informado ; Não ;1;0;1;0;0;0;1;1;-24,83558399;-48,2223738; SPRF-SP ; DEL05-SP ; UOP02-DEL05-SP 
499189;2023-01-14; sábado ; 19:30:00 ; RO ;364;34; VILHENA ; Ausência de sinalização ; Colisão lateral mesmo sentido ; Com Vítimas Feridas ; Anoitecer ; Crescente ; Nublado ; Simples ; Reta ; Não ;5;0;1;1;3;0;2;2;-12,67638631;-60,29635324; SPRF-RO ; DEL04-RO ; UOP01-DEL04-RO 
499200;2023-01-14; sábado ; 21:15:00 ; MG ;381;398; BARAO DE COCAIS ; Condutor deixou de manter distância do veículo da frente ; Colisão traseira ; Com Vítimas Feridas ; Plena Noite ; Crescente ; Céu Claro ; Dupla ; Não Informado ; Não ;2;0;0;1;1;0;1;2;-19,74180501;-43,50517402; SPRF-MG ; DEL01-MG ; UOP01-DEL01-MG 
499201;2023-01-13; sexta-feira ; 04:30:00 ; PR ;476;249; ANTONIO OLINTO ; Pista Escorregadia ; Saída de leito carroçável ; Com Vítimas Feridas ; Plena Noite ; Crescente ; Garoa/Chuvisco ; Simples ; Curva ; Não ;1;0;1;0;0;0;1;1;-25,86795;-50,149731; SPRF-PR ; DEL02-PR ; UOP03-DEL02-PR 
499205;2023-01-14; sábado ; 16:00:00 ; MT ;163;1111,5; GUARANTA DO NORTE ; Ingestão de álcool pelo condutor ; Tombamento ; Com Vítimas Feridas ; Pleno dia ; Crescente ; Nublado ; Simples ; Não Informado ; Não ;2;0;2;0;0;0;2;1;-9,60089407;-54,88393351; SPRF-MT ; DEL06-MT ; UOP03-DEL06-MT 
499209;2023-01-14; sábado ; 19:00:00 ; RJ ;101;229; SILVA JARDIM ; Ingestão de álcool pelo condutor ; Colisão traseira ; Com Vítimas Feridas ; Plena Noite ; Crescente ; Nublado ; Dupla ; Ponte ; Não ;4;0;3;0;1;0;3;2;-22,5653276;-42,36847904; SPRF-RJ ; DEL02-RJ ; UOP03-DEL02-RJ 
499223;2023-01-14; sábado ; 19:20:00 ; PR ;116;143; MANDIRITUBA ; Transitar na contramão ; Colisão frontal ; Com Vítimas Fatais ; Plena Noite ; Decrescente ; Nublado ; Dupla ; Reta ; Não ;2;1;0;0;1;0;0;2;-25,75533595;-49,31864209;NA;NA;NA
499244;2023-01-15; domingo ; 01:50:00 ; SP ;116;320; JUQUITIBA ; Acessar a via sem observar a presença dos outros veículos ; Colisão traseira ; Com Vítimas Feridas ; Plena Noite ; Decrescente ; Céu Claro ; Múltipla ; Curva ; Não ;3;0;1;0;2;0;1;2;-23,93226;-47,00835; SPRF-SP ; DEL04-SP ; UOP03-DEL04-SP 
499255;2023-01-15; domingo ; 03:00:00 ; ES ;101;127; SOORETAMA ; Acessar a via sem observar a presença dos outros veículos ; Colisão transversal ; Sem Vítimas ; Plena Noite ; Decrescente ; Nublado ; Simples ; Reta ; Não ;3;0;0;0;3;0;0;2;-19,202898;-40,095524; SPRF-ES ; DEL04-ES ; UOP01-DEL04-ES 
499257;2023-01-15; domingo ; 01:50:00 ; BA ;116;849; VITORIA DA CONQUISTA ; Condutor Dormindo ; Saída de leito carroçável ; Com Vítimas Feridas ; Plena Noite ; Crescente ; Céu Claro ; Simples ; Reta ; Não ;1;0;1;0;0;0;1;1;-14,98358283;-40,92239221; SPRF-BA ; DEL08-BA ; UOP01-DEL08-BA 
499258;2023-01-15; domingo ; 05:01:00 ; SC ;280;6,5; SAO FRANCISCO DO SUL ; Reação tardia ou ineficiente do condutor ; Saída de leito carroçável ; Com Vítimas Feridas ; Amanhecer ; Crescente ; Nublado ; Simples ; Reta ; Sim ;1;0;1;0;0;0;1;1;-26,268526;-48,637825; SPRF-SC ; DEL03-SC ; UOP03-DEL03-SC 
499266;2023-01-15; domingo ; 06:03:00 ; ES ;101;119; SOORETAMA ; Condutor Dormindo ; Colisão frontal ; Com Vítimas Fatais ; Pleno dia ; Crescente ; Céu Claro ; Simples ; Não Informado ; Não ;7;5;0;1;1;0;1;2;-19,13567283;-40,07109336; SPRF-ES ; DEL04-ES ; UOP01-DEL04-ES 
499271;2023-01-15; domingo ; 06:30:00 ; GO ;153;302; RIALMA ; Condutor Dormindo ; Colisão frontal ; Com Vítimas Fatais ; Amanhecer ; Crescente ; Céu Claro ; Simples ; Não Informado ; Não ;2;2;0;0;0;0;0;2;-15,294864;-49,568897; SPRF-GO ; DEL02-GO ; UOP02-DEL02-GO 
499281;2023-01-15; domingo ; 07:20:00 ; RJ ;116;117; MAGE ; Ausência de reação do condutor ; Colisão lateral mesmo sentido ; Com Vítimas Feridas ; Pleno dia ; Decrescente ; Céu Claro ; Dupla ; Reta ; Sim ;4;0;3;0;1;0;3;4;-22,60276206;-43,02514183; SPRF-RJ ; DEL02-RJ ; UOP04-DEL02-RJ 
499285;2023-01-15; domingo ; 05:00:00 ; MG ;116;685,9; MURIAE ; Acessar a via sem observar a presença dos outros veículos ; Colisão transversal ; Com Vítimas Fatais ; Amanhecer ; Crescente ; Céu Claro ; Simples ; Reta ; Não ;8;3;3;0;2;0;3;3;-20,98224297;-42,35482631; SPRF-MG ; DEL07-MG ; UOP02-DEL07-MG 
499286;2023-01-03; terça-feira ; 22:15:00 ; PR ;116;107,3; SAO JOSE DOS PINHAIS ; Manobra de mudança de faixa ; Colisão lateral mesmo sentido ; Com Vítimas Feridas ; Plena Noite ; Decrescente ; Garoa/Chuvisco ; Dupla ; Reta ; Não ;2;0;1;0;0;1;1;2;-25,56891753;-49,2283069; SPRF-PR ; DEL01-PR ; UOP07-DEL01-PR 
499291;2023-01-15; domingo ; 09:30:00 ; SP ;116;197; ARUJA ; Ausência de reação do condutor ; Colisão traseira ; Com Vítimas Feridas ; Pleno dia ; Crescente ; Sol ; Múltipla ; Não Informado ; Não ;3;0;1;1;1;0;2;3;-23,39721625;-46,29284287; SPRF-SP ; DEL01-SP ; UOP01-DEL01-SP 
499314;2023-01-15; domingo ; 09:40:00 ; CE ;222;201; FORQUILHA ; Velocidade Incompatível ; Tombamento ; Com Vítimas Feridas ; Pleno dia ; Crescente ; Nublado ; Simples ; Curva ; Não ;3;0;3;0;0;0;3;1;-3,80136098;-40,20767198; SPRF-CE ; DEL04-CE ; UOP01-DEL04-CE 
499324;2023-01-15; domingo ; 14:20:00 ; ES ;101;179; ARACRUZ ; Ultrapassagem Indevida ; Colisão lateral sentido oposto ; Com Vítimas Feridas ; Pleno dia ; Crescente ; Céu Claro ; Simples ; Não Informado ; Não ;8;0;2;1;5;0;3;3;-19,61640717;-40,21532077; SPRF-ES ; DEL04-ES ; UOP01-DEL04-ES 
499330;2023-01-15; domingo ; 14:10:00 ; PR ;153;39; SANTO ANTONIO DA PLATINA ; Problema com o freio ; Tombamento ; Com Vítimas Feridas ; Pleno dia ; Crescente ; Céu Claro ; Simples ; Não Informado ; Não ;1;0;1;0;0;0;1;1;-23,2795313;-50,05553484; SPRF-PR ; DEL07-PR ; UOP04-DEL07-PR 
499346;2023-01-15; domingo ; 16:00:00 ; SC ;101;340; TUBARAO ; Ultrapassagem Indevida ; Colisão lateral mesmo sentido ; Com Vítimas Feridas ; Pleno dia ; Decrescente ; Garoa/Chuvisco ; Simples ; Reta ; Sim ;2;0;1;0;1;0;1;2;-28,501444;-49,04690399; SPRF-SC ; DEL02-SC ; UOP01-DEL02-SC 
499351;2023-01-15; domingo ; 16:00:00 ; GO ;153;681,7; ITUMBIARA ; Velocidade Incompatível ; Tombamento ; Com Vítimas Feridas ; Pleno dia ; Decrescente ; Nublado ; Dupla ; Desvio Temporário ; Não ;1;0;1;0;0;0;1;1;-18,2326;-49,2614; SPRF-GO ; DEL03-GO ; UOP02-DEL03-GO 
499354;2023-01-15; domingo ; 15:52:00 ; SP ;381;83; SAO PAULO ; Condutor deixou de manter distância do veículo da frente ; Colisão traseira ; Sem Vítimas ; Pleno dia ; Decrescente ; Chuva ; Múltipla ; Reta ; Não ;2;0;0;0;2;0;0;2;-23,4309671;-46,56998022; SPRF-SP ; DEL03-SP ; UOP01-DEL03-SP 
499360;2023-01-15; domingo ; 16:10:00 ; SP ;116;322,8; JUQUITIBA ; Ingestão de álcool pelo condutor ; Saída de leito carroçável ; Com Vítimas Feridas ; Pleno dia ; Crescente ; Nublado ; Dupla ; Reta ; Não ;2;0;0;1;1;0;1;2;-23,935106;-47,026682; SPRF-SP ; DEL04-SP ; UOP03-DEL04-SP 
499371;2023-01-15; domingo ; 17:30:00 ; SC ;470;64; INDAIAL ; Ausência de reação do condutor ; Colisão lateral sentido oposto ; Com Vítimas Feridas ; Pleno dia ; Decrescente ; Nublado ; Simples ; Reta ; Não ;2;0;0;1;1;0;1;2;-26,869867;-49,201859; SPRF-SC ; DEL04-SC ; UOP01-DEL04-SC 
499374;2023-01-15; domingo ; 17:50:00 ; RS ;101;78; OSORIO ; Condutor deixou de manter distância do veículo da frente ; Colisão traseira ; Sem Vítimas ; Pleno dia ; Decrescente ; Céu Claro ; Dupla ; Reta ; Sim ;2;0;0;0;2;0;0;2;-29,81058704;-50,24122892; SPRF-RS ; DEL03-RS ; UOP01-DEL03-RS 
499375;2023-01-15; domingo ; 14:05:00 ; SC ;470;268,5; CURITIBANOS ; Reação tardia ou ineficiente do condutor ; Colisão frontal ; Com Vítimas Feridas ; Pleno dia ; Crescente ; Chuva ; Simples ; Não Informado ; Não ;3;0;3;0;0;0;3;3;-27,312988;-50,738847; SPRF-SC ; DEL05-SC ; UOP03-DEL05-SC 
499377;2023-01-15; domingo ; 17:15:00 ; RS ;116;464,7; SAO LOURENCO DO SUL ; Manobra de mudança de faixa ; Colisão lateral mesmo sentido ; Com Vítimas Feridas ; Pleno dia ; Decrescente ; Céu Claro ; Simples ; Túnel ; Não ;2;0;1;0;1;0;1;2;-31,31536934;-52,02399357; SPRF-RS ; DEL02-RS ; UOP02-DEL02-RS 
499386;2023-01-15; domingo ; 16:30:00 ; SC ;101;242; PALHOCA ; Ingestão de substâncias psicoativas pelo condutor ; Colisão lateral mesmo sentido ; Com Vítimas Feridas ; Pleno dia ; Crescente ; Chuva ; Dupla ; Reta ; Não ;2;0;1;0;1;0;1;2;-27,875012;-48,646989; SPRF-SC ; DEL01-SC ; UOP02-DEL01-SC 
499389;2023-01-15; domingo ; 10:40:00 ; MG ;251;336; FRUTA DE LEITE ; Velocidade Incompatível ; Colisão lateral sentido oposto ; Com Vítimas Feridas ; Pleno dia ; Crescente ; Sol ; Simples ; Não Informado ; Não ;2;0;2;0;0;0;2;2;-16,26002936;-42,42421031; SPRF-MG ; DEL12-MG ; UOP01-DEL12-MG 
499391;2023-01-15; domingo ; 17:45:00 ; PR ;153;33; SANTO ANTONIO DA PLATINA ; Problema com o freio ; Colisão lateral mesmo sentido ; Sem Vítimas ; Pleno dia ; Crescente ; Céu Claro ; Simples ; Desvio Temporário ; Não ;4;0;0;0;4;0;0;4;-23,23229394;-50,0364961; SPRF-PR ; DEL07-PR ; UOP04-DEL07-PR 
499393;2023-01-15; domingo ; 18:40:00 ; TO ;153;334; GUARAI ; Desrespeitar a preferência no cruzamento ; Colisão transversal ; Com Vítimas Feridas ; Pleno dia ; Crescente ; Céu Claro ; Simples ; Interseção de vias ; Não ;2;0;0;1;1;0;1;2;-8,835718;-48,512123; SPRF-TO ; DEL02-TO ; UOP02-DEL02-TO 
499423;2023-01-15; domingo ; 21:15:00 ; BA ;101;795; ITAMARAJU ; Transitar na contramão ; Colisão lateral sentido oposto ; Com Vítimas Fatais ; Plena Noite ; Decrescente ; Céu Claro ; Simples ; Reta ; Não ;3;1;0;0;2;0;0;2;-17,10313183;-39,56145878; SPRF-BA ; DEL09-BA ; UOP01-DEL09-BA 
499425;2023-01-15; domingo ; 20:08:00 ; MT ;70;501; CUIABA ; Ingestão de álcool pelo condutor ; Colisão lateral mesmo sentido ; Sem Vítimas ; Plena Noite ; Crescente ; Céu Claro ; Simples ; Reta ; Não ;3;0;0;0;3;0;0;2;-15,67848081;-55,93160992; SPRF-MT ; DEL01-MT ; UOP02-DEL01-MT 
499428;2023-01-14; sábado ; 17:45:00 ; MG ;153;1; ARAPORA ; Demais falhas mecânicas ou elétricas ; Saída de leito carroçável ; Com Vítimas Feridas ; Anoitecer ; Decrescente ; Nublado ; Dupla ; Não Informado ; Sim ;6;0;3;2;1;0;5;2;-18,42608911;-49,19359032; SPRF-MG ; DEL15-MG ; UOP03-DEL15-MG 
499440;2023-01-15; domingo ; 20:00:00 ; BA ;116;652; JEQUIE ; Conversão proibida ; Colisão transversal ; Com Vítimas Feridas ; Plena Noite ; Decrescente ; Céu Claro ; Simples ; Reta ; Não ;3;0;2;1;0;0;3;2;-13,62855903;-40,09262869; SPRF-BA ; DEL03-BA ; UOP01-DEL03-BA 
499445;2023-01-15; domingo ; 21:50:00 ; MG ;262;484,7; BOM DESPACHO ; Velocidade Incompatível ; Capotamento ; Com Vítimas Feridas ; Plena Noite ; Decrescente ; Chuva ; Simples ; Reta ; Não ;1;0;1;0;0;0;1;1;-19,78539973;-45,28487104; SPRF-MG ; DEL08-MG ; UOP03-DEL08-MG 
499455;2023-01-16; segunda-feira ; 00:45:00 ; MT ;364;573; NOBRES ; Ingestão de álcool pelo condutor ; Colisão transversal ; Sem Vítimas ; Plena Noite ; Crescente ; Céu Claro ; Dupla ; Reta ; Sim ;2;0;0;0;2;0;0;2;-14,70707506;-56,32215373; SPRF-MT ; DEL01-MT ; UOP01-DEL01-MT 
499463;2023-01-15; domingo ; 19:00:00 ; BA ;242;443; SEABRA ; Transitar na contramão ; Colisão transversal ; Com Vítimas Feridas ; Plena Noite ; Crescente ; Céu Claro ; Simples ; Reta ; Não ;2;0;1;0;1;0;1;2;-12,42853001;-42,01789856; SPRF-BA ; DEL06-BA ; UOP01-DEL06-BA 
499465;2023-01-15; domingo ; 22:20:00 ; MG ;381;641; SANTO ANTONIO DO AMPARO ; Ausência de reação do condutor ; Saída de leito carroçável ; Com Vítimas Feridas ; Plena Noite ; Decrescente ; Nublado ; Dupla ; Reta ; Não ;1;0;1;0;0;0;1;1;-20,92855294;-44,87437629; SPRF-MG ; DEL04-MG ; UOP01-DEL04-MG 
499466;2023-01-16; segunda-feira ; 06:00:00 ; PE ;101;65; RECIFE ; Trafegar com motocicleta (ou similar) entre as faixas ; Colisão traseira ; Com Vítimas Feridas ; Pleno dia ; Decrescente ; Nublado ; Múltipla ; Reta ; Sim ;3;0;1;1;0;1;2;2;-8,02478597;-34,94276635; SPRF-PE ; DEL01-PE ; UOP01-DEL01-PE 
499487;2023-01-16; segunda-feira ; 07:30:00 ; RS ;470;218; BENTO GONCALVES ; Acessar a via sem observar a presença dos outros veículos ; Colisão transversal ; Com Vítimas Feridas ; Pleno dia ; Crescente ; Céu Claro ; Simples ; Não Informado ; Sim ;2;0;0;1;1;0;1;2;-29,18266191;-51,52032566; SPRF-RS ; DEL06-RS ; UOP01-DEL06-RS 
499488;2023-01-12; quinta-feira ; 17:30:00 ; MG ;365;545; ESTRELA DO SUL ; Condutor deixou de manter distância do veículo da frente ; Saída de leito carroçável ; Com Vítimas Feridas ; Amanhecer ; Crescente ; Céu Claro ; Simples ; Reta ; Não ;1;0;1;0;0;0;1;1;-18,93294065;-47,638231; SPRF-MG ; DEL10-MG ; UOP01-DEL10-MG 
499490;2023-01-16; segunda-feira ; 07:20:00 ; SP ;116;354; MIRACATU ; Ausência de reação do condutor ; Colisão traseira ; Sem Vítimas ; Pleno dia ; Decrescente ; Céu Claro ; Dupla ; Reta ; Não ;2;0;0;0;1;1;0;2;-24,07491092;-47,24973213; SPRF-SP ; DEL04-SP ; UOP03-DEL04-SP 
499491;2023-01-16; segunda-feira ; 07:30:00 ; RJ ;116;236; PIRAI ; Curva acentuada ; Tombamento ; Com Vítimas Feridas ; Pleno dia ; Decrescente ; Céu Claro ; Simples ; Curva ; Não ;1;0;1;0;0;0;1;1;-22,665695;-43,864075; SPRF-RJ ; DEL07-RJ ; UOP01-DEL07-RJ 
499502;2023-01-16; segunda-feira ; 07:30:00 ; ES ;101;388,5; RIO NOVO DO SUL ; Velocidade Incompatível ; Tombamento ; Com Vítimas Feridas ; Pleno dia ; Decrescente ; Nublado ; Simples ; Curva ; Não ;1;0;1;0;0;0;1;1;-20,86182443;-40,87482893; SPRF-ES ; DEL03-ES ; UOP02-DEL03-ES 
499508;2023-01-16; segunda-feira ; 10:00:00 ; DF ;NA;NA; BRASILIA ; Manobra de mudança de faixa ; Colisão lateral mesmo sentido ; Sem Vítimas ; Pleno dia ; Não Informado ; Céu Claro ; Dupla ; Reta ; Sim ;4;0;0;0;4;0;0;3;-15,81589;-47,949594; N/A ; N/A ; N/A 
499511;2023-01-16; segunda-feira ; 11:00:00 ; MG ;40;564,3; NOVA LIMA ; Transitar na contramão ; Colisão frontal ; Com Vítimas Fatais ; Pleno dia ; Decrescente ; Céu Claro ; Simples ; Não Informado ; Não ;2;1;1;0;0;0;1;2;-20,16504605;-43,96518599; SPRF-MG ; DEL01-MG ; UOP02-DEL01-MG 
499515;2023-01-16; segunda-feira ; 04:42:00 ; BA ;324;430; RIACHAO DO JACUIPE ; Acessar a via sem observar a presença dos outros veículos ; Colisão transversal ; Com Vítimas Fatais ; Plena Noite ; Crescente ; Céu Claro ; Simples ; Não Informado ; Não ;4;1;1;0;1;1;1;3;-11,77381392;-39,45123017; SPRF-BA ; DEL04-BA ; UOP02-DEL04-BA 
499524;2023-01-16; segunda-feira ; 12:00:00 ; CE ;222;40,3; CAUCAIA ; Condutor deixou de manter distância do veículo da frente ; Engavetamento ; Com Vítimas Feridas ; Pleno dia ; Crescente ; Nublado ; Simples ; Reta ; Sim ;6;0;3;1;2;0;4;3;-3,68690023;-38,90730706; SPRF-CE ; DEL01-CE ; UOP03-DEL01-CE 
499538;2023-01-16; segunda-feira ; 12:30:00 ; PE ;408;59; TRACUNHAEM ; Desrespeitar a preferência no cruzamento ; Colisão lateral sentido oposto ; Com Vítimas Feridas ; Pleno dia ; Crescente ; Céu Claro ; Simples ; Interseção de vias ; Sim ;4;0;3;0;1;0;3;2;-7,807122;-35,243365; SPRF-PE ; DEL01-PE ; UOP01-DEL01-PE 
499540;2023-01-16; segunda-feira ; 14:35:00 ; MG ;262;22; REDUTO ; Ausência de reação do condutor ; Capotamento ; Com Vítimas Fatais ; Pleno dia ; Crescente ; Céu Claro ; Simples ; Curva ; Não ;2;1;0;1;0;0;1;1;-20,24575292;-41,92502101; SPRF-MG ; DEL06-MG ; UOP03-DEL06-MG 
499549;2023-01-16; segunda-feira ; 13:27:00 ; PR ;376;445,2; IPIRANGA ; Reação tardia ou ineficiente do condutor ; Colisão lateral mesmo sentido ; Com Vítimas Feridas ; Pleno dia ; Crescente ; Céu Claro ; Dupla ; Não Informado ; Não ;2;0;0;1;0;1;1;2;-24,848676;-50,473387; SPRF-PR ; DEL03-PR ; UOP02-DEL03-PR 
499554;2023-01-16; segunda-feira ; 15:20:00 ; MG ;262;479,3; BOM DESPACHO ; Transitar na contramão ; Colisão frontal ; Com Vítimas Fatais ; Pleno dia ; Decrescente ; Sol ; Simples ; Não Informado ; Sim ;2;1;1;0;0;0;1;2;-19,78628062;-45,23887303; SPRF-MG ; DEL08-MG ; UOP03-DEL08-MG 
499555;2023-01-16; segunda-feira ; 11:31:00 ; BA ;324;523; FEIRA DE SANTANA ; Demais falhas mecânicas ou elétricas ; Incêndio ; Sem Vítimas ; Pleno dia ; Decrescente ; Sol ; Dupla ; Não Informado ; Não ;1;0;0;0;1;0;0;1;-12,29007099;-38,91206799; SPRF-BA ; DEL01-BA ; UOP03-DEL01-BA 
499559;2023-01-16; segunda-feira ; 05:30:00 ; MG ;116;85; MEDINA ; Animais na Pista ; Saída de leito carroçável ; Com Vítimas Feridas ; Amanhecer ; Decrescente ; Céu Claro ; Dupla ; Reta ; Não ;1;0;1;0;0;0;1;1;-16,31233605;-41,4737529; SPRF-MG ; DEL11-MG ; UOP02-DEL11-MG 
499561;2023-01-16; segunda-feira ; 15:00:00 ; MG ;381;434,9; SABARA ; Demais falhas mecânicas ou elétricas ; Saída de leito carroçável ; Com Vítimas Feridas ; Pleno dia ; Decrescente ; Sol ; Simples ; Não Informado ; Sim ;5;0;2;2;0;1;4;1;-19,80043184;-43,75031407; SPRF-MG ; DEL01-MG ; UOP01-DEL01-MG 
499562;2023-01-16; segunda-feira ; 10:45:00 ; RJ ;116;94; GUAPIMIRIM ; Velocidade Incompatível ; Tombamento ; Com Vítimas Feridas ; Pleno dia ; Crescente ; Nublado ; Simples ; Curva ; Não ;1;0;1;0;0;0;1;1;-22,46643519;-43,00088701; SPRF-RJ ; DEL04-RJ ; UOP01-DEL04-RJ 
499566;2023-01-16; segunda-feira ; 15:30:00 ; PR ;376;616; SAO JOSE DOS PINHAIS ; Reação tardia ou ineficiente do condutor ; Colisão traseira ; Sem Vítimas ; Pleno dia ; Decrescente ; Nublado ; Dupla ; Não Informado ; Sim ;2;0;0;0;2;0;0;2;-25,57583659;-49,17953679; SPRF-PR ; DEL01-PR ; UOP04-DEL01-PR 
499576;2023-01-16; segunda-feira ; 17:00:00 ; GO ;452;2; RIO VERDE ; Ausência de sinalização ; Colisão traseira ; Com Vítimas Feridas ; Pleno dia ; Crescente ; Céu Claro ; Múltipla ; Não Informado ; Não ;4;0;1;2;1;0;3;2;-17,79595391;-50,88555295; SPRF-GO ; DEL04-GO ; UOP01-DEL04-GO 
499579;2023-01-16; segunda-feira ; 16:15:00 ; MS ;359;133; ALCINOPOLIS ; Ausência de reação do condutor ; Colisão frontal ; Com Vítimas Fatais ; Pleno dia ; Crescente ; Nublado ; Simples ; Não Informado ; Não ;2;1;0;0;1;0;0;2;-18,26399307;-53,94390403; SPRF-MS ; DEL06-MS ; UOP01-DEL06-MS 
499582;2023-01-16; segunda-feira ; 15:55:00 ; MG ;381;430; SABARA ; Retorno proibido ; Colisão lateral mesmo sentido ; Com Vítimas Feridas ; Pleno dia ; Decrescente ; Céu Claro ; Dupla ; Não Informado ; Não ;2;0;0;1;1;0;1;2;-19,78496805;-43,72311799; SPRF-MG ; DEL01-MG ; UOP01-DEL01-MG 
499583;2023-01-16; segunda-feira ; 16:30:00 ; PR ;116;210,8; RIO NEGRO ; Acessar a via sem observar a presença dos outros veículos ; Colisão transversal ; Sem Vítimas ; Pleno dia ; Decrescente ; Céu Claro ; Simples ; Reta ; Sim ;3;0;0;0;3;0;0;2;-26,09925138;-49,78061914; SPRF-SC ; DEL06-SC ; UOP01-DEL06-SC 
499584;2023-01-16; segunda-feira ; 15:00:00 ; MA ;316;410; ALTO ALEGRE DO MARANHAO ; Avarias e/ou desgaste excessivo no pneu ; Saída de leito carroçável ; Com Vítimas Feridas ; Pleno dia ; Decrescente ; Chuva ; Simples ; Reta ; Não ;3;0;1;1;1;0;2;1;-4,281436;-44,421883; SPRF-MA ; DEL03-MA ; UOP01-DEL03-MA 
499588;2023-01-16; segunda-feira ; 16:45:00 ; PA ;10;23,7; DOM ELISEU ; Condutor deixou de manter distância do veículo da frente ; Colisão traseira ; Com Vítimas Fatais ; Pleno dia ; Decrescente ; Sol ; Simples ; Não Informado ; Não ;4;1;1;0;2;0;1;3;-4,24085813;-47,55672076; SPRF-PA ; DEL02-PA ; UOP02-DEL02-PA 
499593;2023-01-16; segunda-feira ; 13:10:00 ; SC ;282;450,1; PONTE SERRADA ; Condutor deixou de manter distância do veículo da frente ; Colisão traseira ; Com Vítimas Fatais ; Pleno dia ; Crescente ; Sol ; Simples ; Não Informado ; Não ;4;1;0;0;3;0;0;4;-26,9200989;-51,9370182; SPRF-SC ; DEL07-SC ; UOP04-DEL07-SC 
499595;2023-01-16; segunda-feira ; 18:30:00 ; ES ;101;90; JAGUARE ; Conversão proibida ; Colisão lateral mesmo sentido ; Com Vítimas Feridas ; Anoitecer ; Crescente ; Céu Claro ; Simples ; Reta ; Sim ;2;0;1;0;1;0;1;2;-18,89806708;-39,95602283; SPRF-ES ; DEL04-ES ; UOP02-DEL04-ES 
499597;2023-01-16; segunda-feira ; 18:00:00 ; RS ;392;92,3; MORRO REDONDO ; Reação tardia ou ineficiente do condutor ; Colisão lateral sentido oposto ; Com Vítimas Feridas ; Pleno dia ; Decrescente ; Céu Claro ; Simples ; Desvio Temporário ; Não ;3;0;1;0;2;0;1;3;-31,59202994;-52,53032793; SPRF-RS ; DEL07-RS ; UOP01-DEL07-RS 
499604;2023-01-16; segunda-feira ; 19:10:00 ; MG ;381;513; IGARAPE ; Reação tardia ou ineficiente do condutor ; Colisão lateral mesmo sentido ; Com Vítimas Feridas ; Plena Noite ; Crescente ; Céu Claro ; Múltipla ; Reta ; Sim ;2;0;1;0;1;0;1;2;-20,099993;-44,318903; SPRF-MG ; DEL01-MG ; UOP03-DEL01-MG 
499605;2023-01-16; segunda-feira ; 18:45:00 ; SC ;101;274,1; IMBITUBA ; Velocidade Incompatível ; Colisão traseira ; Com Vítimas Fatais ; Anoitecer ; Decrescente ; Céu Claro ; Dupla ; Reta ; Sim ;3;1;1;0;1;0;1;2;-28,1417472;-48,6920212; SPRF-SC ; DEL02-SC ; UOP03-DEL02-SC 