 id ; data_inversa ; dia_semana ; horario ; uf ; br ; km ; municipio ; causa_acidente ; tipo_acidente ; classificacao_acidente ; fase_dia ; sentido_via ; condicao_metereologica ; tipo_pista ; tracado_via ; uso_solo ; pessoas ; mortos ; feridos_leves ; feridos_graves ; ilesos ; ignorados ; feridos ; veiculos ; latitude ; longitude ; regional ; delegacia ; uop 
499905;2023-01-18; quarta-feira ; 13:35:00 ; PE ;232;51,6; VITORIA DE SANTO ANTAO ; Demais falhas mecânicas ou elétricas ; Saída de leito carroçável ; Com Vítimas Feridas ; Pleno dia ; Crescente ; Nublado ; Dupla ; Reta ; Não ;2;0;1;0;1;0;1;1;-8,13823439;-35,33196918; SPRF-PE ; DEL01-PE ; UOP01-DEL01-PE 
499921;2023-01-18; quarta-feira ; 15:10:00 ; MT ;364;276,2; JACIARA ; Ingestão de álcool pelo condutor ; Tombamento ; Com Vítimas Feridas ; Pleno dia ; Crescente ; Céu Claro ; Simples ; Reta ; Sim ;2;0;1;1;0;0;2;1;-15,95344474;-54,99098104; SPRF-MT ; DEL05-MT ; UOP02-DEL05-MT 
499941;2023-01-18; quarta-feira ; 15:15:00 ; CE ;222;163; IRAUCUBA ; Acumulo de água sobre o pavimento ; Saída de leito carroçável ; Sem Vítimas ; Pleno dia ; Decrescente ; Chuva ; Simples ; Curva ; Não ;1;0;0;0;1;0;0;1;-3,72962497;-39,91024017; SPRF-CE ; DEL04-CE ; UOP03-DEL04-CE 
499944;2023-01-18; quarta-feira ; 18:06:00 ; SC ;282;17; PALHOCA ; Trafegar com motocicleta (ou similar) entre as faixas ; Colisão transversal ; Com Vítimas Feridas ; Pleno dia ; Crescente ; Céu Claro ; Simples ; Interseção de vias ; Não ;2;0;1;0;1;0;1;2;-27,665707;-48,688065; SPRF-SC ; DEL01-SC ; UOP02-DEL01-SC 
499946;2023-01-18; quarta-feira ; 18:20:00 ; ES ;101;298; VIANA ; Manobra de mudança de faixa ; Colisão lateral mesmo sentido ; Com Vítimas Feridas ; Anoitecer ; Decrescente ; Céu Claro ; Dupla ; Reta ; Sim ;2;0;1;0;1;0;1;2;-20,35374444;-40,4156433; SPRF-ES ; DEL01-ES ; UOP01-DEL01-ES 
499950;2023-01-18; quarta-feira ; 17:00:00 ; MT ;163;816; SINOP ; Acessar a via sem observar a presença dos outros veículos ; Colisão transversal ; Com Vítimas Feridas ; Anoitecer ; Decrescente ; Nublado ; Simples ; Reta ; Não ;2;0;0;1;1;0;1;2;-12,026251;-55,517224; SPRF-MT ; DEL06-MT ; UOP02-DEL06-MT 
499951;2023-01-18; quarta-feira ; 18:50:00 ; MG ;40;526; CONTAGEM ; Acessar a via sem observar a presença dos outros veículos ; Colisão lateral mesmo sentido ; Sem Vítimas ; Plena Noite ; Crescente ; Céu Claro ; Dupla ; Reta ; Sim ;2;0;0;0;2;0;0;2;-19,89255399;-44,04985478; SPRF-MG ; DEL01-MG ; UOP02-DEL01-MG 
499952;2023-01-18; quarta-feira ; 18:35:00 ; MG ;40;460; CAETANOPOLIS ; Obstrução na via ; Eventos atípicos ; Sem Vítimas ; Anoitecer ; Crescente ; Nublado ; Dupla ; Reta ; Não ;2;0;0;0;2;0;0;2;-19,3907;-44,3355; SPRF-MG ; DEL02-MG ; UOP01-DEL02-MG 
499953;2023-01-18; quarta-feira ; 15:20:00 ; MG ;116;502; INHAPIM ; Condutor deixou de manter distância do veículo da frente ; Colisão lateral mesmo sentido ; Com Vítimas Feridas ; Pleno dia ; Crescente ; Céu Claro ; Simples ; Reta ; Não ;2;0;1;0;1;0;1;2;-19,577398;-42,115808; SPRF-MG ; DEL06-MG ; UOP02-DEL06-MG 
499956;2023-01-18; quarta-feira ; 20:15:00 ; CE ;304;49,8; ARACATI ; Afundamento ou ondulação no pavimento ; Saída de leito carroçável ; Com Vítimas Feridas ; Plena Noite ; Decrescente ; Chuva ; Dupla ; Reta ; Sim ;3;0;1;0;2;0;1;1;-4,57352926;-37,76245988; SPRF-CE ; DEL03-CE ; UOP03-DEL03-CE 
499957;2023-01-18; quarta-feira ; 19:35:00 ; RS ;116;156,6; CAXIAS DO SUL ; Transitar na contramão ; Colisão frontal ; Com Vítimas Feridas ; Plena Noite ; Decrescente ; Nublado ; Simples ; Curva ; Não ;2;0;1;0;1;0;1;2;-29,20731013;-51,17757864; SPRF-RS ; DEL05-RS ; UOP01-DEL05-RS 
499964;2023-01-18; quarta-feira ; 14:35:00 ; RS ;116;470,1; SAO LOURENCO DO SUL ; Ausência de reação do condutor ; Engavetamento ; Sem Vítimas ; Pleno dia ; Crescente ; Céu Claro ; Simples ; Não Informado ; Não ;4;0;0;0;4;0;0;4;-31,35144027;-52,06807279; SPRF-RS ; DEL07-RS ; UOP01-DEL07-RS 
499965;2023-01-18; quarta-feira ; 16:30:00 ; MG ;365;164; PIRAPORA ; Velocidade Incompatível ; Tombamento ; Com Vítimas Feridas ; Pleno dia ; Decrescente ; Céu Claro ; Simples ; Rotatória ; Sim ;1;0;1;0;0;0;1;1;-17,36834997;-44,94108999; SPRF-MG ; DEL10-MG ; UOP01-DEL10-MG 
499970;2023-01-18; quarta-feira ; 20:30:00 ; RS ;285;437; BOZANO ; Ultrapassagem Indevida ; Colisão traseira ; Sem Vítimas ; Plena Noite ; Decrescente ; Céu Claro ; Simples ; Não Informado ; Não ;2;0;0;0;2;0;0;2;-28,347002;-53,710854; SPRF-RS ; DEL10-RS ; UOP01-DEL10-RS 
499972;2023-01-18; quarta-feira ; 14:00:00 ; MG ;116;562; MANHUACU ; Ultrapassagem Indevida ; Saída de leito carroçável ; Com Vítimas Feridas ; Pleno dia ; Crescente ; Nublado ; Simples ; Curva ; Não ;1;0;1;0;0;0;1;1;-20,04682025;-42,17884094; SPRF-MG ; DEL06-MG ; UOP03-DEL06-MG 
499973;2023-01-18; quarta-feira ; 18:30:00 ; SC ;480;126,7; CHAPECO ; Pista Escorregadia ; Tombamento ; Com Vítimas Fatais ; Pleno dia ; Decrescente ; Garoa/Chuvisco ; Múltipla ; Não Informado ; Sim ;5;1;0;0;4;0;0;2;-27,0256316;-52,6345637; SPRF-SC ; DEL07-SC ; UOP01-DEL07-SC 
499974;2023-01-18; quarta-feira ; 19:55:00 ; PR ;277;213; TEIXEIRA SOARES ; Acessar a via sem observar a presença dos outros veículos ; Colisão transversal ; Com Vítimas Feridas ; Plena Noite ; Crescente ; Chuva ; Simples ; Não Informado ; Não ;2;0;0;1;1;0;1;2;-25,47107905;-50,32175304; SPRF-PR ; DEL08-PR ; UOP02-DEL08-PR 
499975;2023-01-18; quarta-feira ; 22:40:00 ; PB ;116;9,2; CACHOEIRA DOS INDIOS ; Chuva ; Saída de leito carroçável ; Com Vítimas Feridas ; Plena Noite ; Crescente ; Chuva ; Simples ; Curva ; Não ;1;0;1;0;0;0;1;1;-6,97240402;-38,73457506; SPRF-CE ; DEL05-CE ; UOP03-DEL05-CE 
499977;2023-01-18; quarta-feira ; 21:30:00 ; RJ ;101;523; ANGRA DOS REIS ; Animais na Pista ; Atropelamento de Animal ; Com Vítimas Feridas ; Plena Noite ; Crescente ; Nublado ; Simples ; Reta ; Não ;2;0;0;1;1;0;1;2;-23,00283001;-44,47362994; SPRF-RJ ; DEL03-RJ ; UOP02-DEL03-RJ 
499985;2023-01-19; quinta-feira ; 00:40:00 ; SP ;116;507; CAJATI ; Ausência de reação do condutor ; Saída de leito carroçável ; Com Vítimas Fatais ; Plena Noite ; Decrescente ; Chuva ; Simples ; Não Informado ; Não ;1;1;0;0;0;0;0;1;-24,805288;-48,214966; SPRF-SP ; DEL05-SP ; UOP02-DEL05-SP 
499992;2023-01-19; quinta-feira ; 02:00:00 ; TO ;153;611; CRIXAS DO TOCANTINS ; Condutor deixou de manter distância do veículo da frente ; Colisão traseira ; Sem Vítimas ; Plena Noite ; Crescente ; Céu Claro ; Simples ; Reta ; Não ;4;0;0;0;4;0;0;2;-11,193768;-48,92957102; SPRF-TO ; DEL01-TO ; UOP02-DEL01-TO 
499993;2023-01-19; quinta-feira ; 01:40:00 ; TO ;153;609,5; CRIXAS DO TOCANTINS ; Animais na Pista ; Atropelamento de Animal ; Sem Vítimas ; Plena Noite ; Decrescente ; Céu Claro ; Simples ; Reta ; Não ;1;0;0;0;1;0;0;1;-11,17595301;-48,92781585; SPRF-TO ; DEL01-TO ; UOP02-DEL01-TO 
499994;2023-01-19; quinta-feira ; 03:30:00 ; MG ;116;251,6; TEOFILO OTONI ; Condutor Dormindo ; Colisão com objeto ; Sem Vítimas ; Plena Noite ; Decrescente ; Chuva ; Simples ; Não Informado ; Não ;1;0;0;0;1;0;0;1;-17,654873;-41,49268; SPRF-MG ; DEL11-MG ; UOP01-DEL11-MG 
499996;2023-01-18; quarta-feira ; 06:50:00 ; PI ;135;602; CORRENTE ; Reação tardia ou ineficiente do condutor ; Tombamento ; Com Vítimas Feridas ; Pleno dia ; Decrescente ; Céu Claro ; Simples ; Não Informado ; Não ;1;0;0;1;0;0;1;1;-10,501587;-45,184489; SPRF-PI ; DEL03-PI ; UOP02-DEL03-PI 
499997;2023-01-19; quinta-feira ; 04:40:00 ; PR ;476;309,1; PAULO FRONTIN ; Condutor Dormindo ; Saída de leito carroçável ; Com Vítimas Feridas ; Plena Noite ; Crescente ; Nublado ; Simples ; Não Informado ; Não ;2;0;2;0;0;0;2;1;-26,01798516;-50,64471628; SPRF-PR ; DEL02-PR ; UOP03-DEL02-PR 
500002;2023-01-19; quinta-feira ; 03:00:00 ; SC ;470;356; CAMPOS NOVOS ; Velocidade Incompatível ; Tombamento ; Com Vítimas Feridas ; Plena Noite ; Crescente ; Céu Claro ; Simples ; Não Informado ; Não ;1;0;1;0;0;0;1;1;-27,596577;-51,473782; SPRF-SC ; DEL07-SC ; UOP06-DEL07-SC 
500006;2023-01-18; quarta-feira ; 23:45:00 ; PR ;277;17; PARANAGUA ; Reação tardia ou ineficiente do condutor ; Colisão traseira ; Com Vítimas Feridas ; Plena Noite ; Decrescente ; Nublado ; Dupla ; Reta ; Não ;2;0;1;0;1;0;1;2;-25,56380488;-48,63457397; SPRF-PR ; DEL01-PR ; UOP05-DEL01-PR 
500008;2023-01-19; quinta-feira ; 07:00:00 ; PR ;116;62; QUATRO BARRAS ; Ultrapassagem Indevida ; Colisão lateral mesmo sentido ; Sem Vítimas ; Pleno dia ; Decrescente ; Nublado ; Dupla ; Não Informado ; Não ;2;0;0;0;1;1;0;2;-25,30617192;-48,99337399; SPRF-PR ; DEL01-PR ; UOP02-DEL01-PR 
500025;2023-01-18; quarta-feira ; 17:00:00 ; MA ;230;165,6; PASTOS BONS ; Manobra de mudança de faixa ; Colisão lateral sentido oposto ; Com Vítimas Feridas ; Pleno dia ; Decrescente ; Céu Claro ; Simples ; Reta ; Não ;7;0;3;0;4;0;3;2;-6,7031468;-44,2521656; SPRF-MA ; DEL05-MA ; UOP01-DEL05-MA 
500030;2023-01-19; quinta-feira ; 08:00:00 ; RJ ;493;22; MAGE ; Condutor deixou de manter distância do veículo da frente ; Colisão traseira ; Com Vítimas Feridas ; Pleno dia ; Decrescente ; Céu Claro ; Simples ; Não Informado ; Não ;3;0;1;0;2;0;1;2;-22,659311;-43,053303; SPRF-RJ ; DEL02-RJ ; UOP04-DEL02-RJ 
500035;2023-01-19; quinta-feira ; 08:00:00 ; PR ;277;344; GUARAPUAVA ; Acessar a via sem observar a presença dos outros veículos ; Colisão traseira ; Com Vítimas Feridas ; Pleno dia ; Crescente ; Céu Claro ; Dupla ; Reta ; Sim ;4;0;2;0;2;0;2;3;-25,33928412;-51,42880296; SPRF-PR ; DEL08-PR ; UOP01-DEL08-PR 
500041;2023-01-19; quinta-feira ; 08:55:00 ; SC ;282;20,7; PALHOCA ; Velocidade Incompatível ; Colisão frontal ; Com Vítimas Feridas ; Pleno dia ; Crescente ; Nublado ; Simples ; Curva ; Sim ;2;0;1;0;1;0;1;2;-27,683958;-48,71006; SPRF-SC ; DEL01-SC ; UOP02-DEL01-SC 
500048;2023-01-19; quinta-feira ; 09:50:00 ; PR ;116;106; SAO JOSE DOS PINHAIS ; Ausência de reação do condutor ; Engavetamento ; Com Vítimas Feridas ; Pleno dia ; Crescente ; Céu Claro ; Dupla ; Reta ; Sim ;5;0;3;0;2;0;3;3;-25,56830653;-49,17799791; SPRF-PR ; DEL01-PR ; UOP07-DEL01-PR 
500053;2023-01-19; quinta-feira ; 09:30:00 ; PR ;163;144,1; CAPITAO LEONIDAS MARQUES ; Acessar a via sem observar a presença dos outros veículos ; Colisão transversal ; Com Vítimas Feridas ; Pleno dia ; Crescente ; Céu Claro ; Dupla ; Não Informado ; Não ;2;0;1;0;1;0;1;2;-25,46918522;-53,58266078; SPRF-PR ; DEL04-PR ; UOP04-DEL04-PR 
500054;2023-01-19; quinta-feira ; 10:45:00 ; MG ;40;58,1; PARACATU ; Reação tardia ou ineficiente do condutor ; Colisão traseira ; Com Vítimas Feridas ; Pleno dia ; Decrescente ; Céu Claro ; Simples ; Reta ; Não ;2;0;1;0;0;1;1;2;-17,30237298;-46,77173492; SPRF-MG ; DEL14-MG ; UOP01-DEL14-MG 
500058;2023-01-19; quinta-feira ; 11:00:00 ; ES ;101;358; ANCHIETA ; Manobra de mudança de faixa ; Colisão lateral mesmo sentido ; Com Vítimas Feridas ; Pleno dia ; Decrescente ; Céu Claro ; Dupla ; Não Informado ; Não ;3;0;2;0;1;0;2;2;-20,691717;-40,704254; SPRF-ES ; DEL03-ES ; UOP01-DEL03-ES 
500059;2023-01-19; quinta-feira ; 10:01:00 ; MS ;163;556; BANDEIRANTES ; Ultrapassagem Indevida ; Colisão lateral mesmo sentido ; Com Vítimas Feridas ; Pleno dia ; Crescente ; Céu Claro ; Simples ; Desvio Temporário ; Não ;4;0;2;0;2;0;2;2;-19,855787;-54,36913089; SPRF-MS ; DEL01-MS ; UOP02-DEL01-MS 
500062;2023-01-18; quarta-feira ; 20:00:00 ; GO ;20;61; FORMOSA ; Chuva ; Colisão frontal ; Com Vítimas Feridas ; Plena Noite ; Decrescente ; Chuva ; Múltipla ; Não Informado ; Não ;2;0;1;1;0;0;2;2;-15,238772;-47,17049; SPRF-DF ; DEL02-DF ; UOP02-DEL02-DF 
500069;2023-01-19; quinta-feira ; 12:00:00 ; MS ;163;211; CAARAPO ; Reação tardia ou ineficiente do condutor ; Saída de leito carroçável ; Com Vítimas Feridas ; Pleno dia ; Crescente ; Céu Claro ; Simples ; Reta ; Sim ;4;0;0;2;1;1;2;2;-22,609825;-54,816148; SPRF-MS ; DEL04-MS ; UOP02-DEL04-MS 
500071;2023-01-16; segunda-feira ; 21:45:00 ; SP ;116;227; SAO PAULO ; Manobra de mudança de faixa ; Colisão transversal ; Com Vítimas Feridas ; Plena Noite ; Decrescente ; Céu Claro ; Múltipla ; Não Informado ; Sim ;2;0;1;0;1;0;1;2;-23,50217447;-46,56452179; SPRF-SP ; DEL01-SP ; UOP01-DEL01-SP 
500079;2023-01-19; quinta-feira ; 10:00:00 ; BA ;242;266; BOA VISTA DO TUPIM ; Velocidade Incompatível ; Tombamento ; Com Vítimas Feridas ; Pleno dia ; Decrescente ; Céu Claro ; Simples ; Curva ; Não ;2;0;1;0;1;0;1;1;-12,45256408;-40,59493303; SPRF-BA ; DEL06-BA ; UOP02-DEL06-BA 
500089;2023-01-19; quinta-feira ; 13:55:00 ; MT ;364;604; DIAMANTINO ; Condutor deixou de manter distância do veículo da frente ; Colisão traseira ; Com Vítimas Feridas ; Pleno dia ; Decrescente ; Céu Claro ; Simples ; Reta ; Não ;6;0;4;0;2;0;4;3;-14,431101;-56,303852; SPRF-MT ; DEL01-MT ; UOP01-DEL01-MT 
500095;2023-01-19; quinta-feira ; 15:50:00 ; SP ;116;458; REGISTRO ; Manobra de mudança de faixa ; Colisão com objeto ; Com Vítimas Feridas ; Pleno dia ; Decrescente ; Céu Claro ; Dupla ; Não Informado ; Não ;3;0;2;0;1;0;2;2;-24,5958452;-47,8771454; SPRF-SP ; DEL05-SP ; UOP01-DEL05-SP 
500100;2023-01-19; quinta-feira ; 16:17:00 ; SC ;101;113; ITAJAI ; Reação tardia ou ineficiente do condutor ; Colisão traseira ; Com Vítimas Feridas ; Pleno dia ; Crescente ; Garoa/Chuvisco ; Múltipla ; Reta ; Sim ;2;0;1;0;1;0;1;2;-26,85311393;-48,72689927; SPRF-SC ; DEL04-SC ; UOP04-DEL04-SC 
500102;2023-01-19; quinta-feira ; 17:20:00 ; MG ;381;929,2; ITAPEVA ; Demais falhas mecânicas ou elétricas ; Capotamento ; Com Vítimas Feridas ; Pleno dia ; Decrescente ; Nublado ; Dupla ; Curva ; Não ;2;0;1;0;1;0;1;2;-22,79911462;-46,26123692; SPRF-MG ; DEL16-MG ; UOP03-DEL16-MG 
500105;2023-01-19; quinta-feira ; 14:59:00 ; RJ ;40;3; COMENDADOR LEVY GASPARIAN ; Curva acentuada ; Tombamento ; Com Vítimas Feridas ; Pleno dia ; Decrescente ; Céu Claro ; Dupla ; Curva ; Não ;1;0;1;0;0;0;1;1;-22,00844904;-43,24336605; SPRF-RJ ; DEL06-RJ ; UOP01-DEL06-RJ 
500110;2023-01-19; quinta-feira ; 07:25:00 ; PE ;424;89; GARANHUNS ; Demais falhas mecânicas ou elétricas ; Tombamento ; Com Vítimas Feridas ; Pleno dia ; Crescente ; Céu Claro ; Simples ; Não Informado ; Sim ;1;0;1;0;0;0;1;1;-8,89138375;-36,50571483; SPRF-PE ; DEL03-PE ; UOP01-DEL03-PE 
500113;2023-01-10; terça-feira ; 23:00:00 ; SC ;101;349,7; JAGUARUNA ; Chuva ; Tombamento ; Com Vítimas Fatais ; Plena Noite ; Crescente ; Garoa/Chuvisco ; Dupla ; Não Informado ; Não ;5;1;0;0;2;2;0;5;-28,59514821;-49,04716372; SPRF-SC ; DEL02-SC ; UOP01-DEL02-SC 
500118;2023-01-19; quinta-feira ; 19:00:00 ; SE ;101;9; CEDRO DE SAO JOAO ; Ausência de reação do condutor ; Saída de leito carroçável ; Sem Vítimas ; Plena Noite ; Decrescente ; Céu Claro ; Dupla ; Não Informado ; Não ;1;0;0;0;0;1;0;1;-10,27168159;-36,8698989; SPRF-SE ; DEL02-SE ; UOP02-DEL02-SE 
500122;2023-01-19; quinta-feira ; 20:00:00 ; ES ;101;248; SERRA ; Ultrapassagem Indevida ; Colisão frontal ; Com Vítimas Feridas ; Plena Noite ; Crescente ; Nublado ; Simples ; Reta ; Não ;4;0;3;0;1;0;3;2;-20,06899842;-40,3614491; SPRF-ES ; DEL02-ES ; UOP01-DEL02-ES 
500129;2023-01-19; quinta-feira ; 20:30:00 ; SP ;116;377; MIRACATU ; Ausência de reação do condutor ; Colisão traseira ; Com Vítimas Feridas ; Plena Noite ; Decrescente ; Céu Claro ; Dupla ; Curva ; Não ;6;0;2;1;3;0;3;2;-24,19592033;-47,36368081; SPRF-SP ; DEL04-SP ; UOP02-DEL04-SP 
500133;2023-01-19; quinta-feira ; 14:50:00 ; SP ;116;561; BARRA DO TURVO ; Reação tardia ou ineficiente do condutor ; Tombamento ; Com Vítimas Feridas ; Pleno dia ; Crescente ; Céu Claro ; Dupla ; Não Informado ; Não ;2;0;1;1;0;0;2;1;-25,02487301;-48,52000237; SPRF-SP ; DEL05-SP ; UOP02-DEL05-SP 
500135;2023-01-19; quinta-feira ; 15:15:00 ; PR ;153;339,8; IRATI ; Reação tardia ou ineficiente do condutor ; Colisão frontal ; Com Vítimas Feridas ; Pleno dia ; Decrescente ; Céu Claro ; Simples ; Reta ; Não ;4;0;1;2;1;0;3;2;-25,52383787;-50,65389862; SPRF-PR ; DEL08-PR ; UOP02-DEL08-PR 
500144;2023-01-19; quinta-feira ; 21:09:00 ; GO ;40;9; LUZIANIA ; Reação tardia ou ineficiente do condutor ; Colisão traseira ; Com Vítimas Feridas ; Plena Noite ; Crescente ; Céu Claro ; Múltipla ; Reta ; Sim ;2;0;1;0;1;0;1;2;-16,131158;-47,957739; SPRF-DF ; DEL01-DF ; UOP01-DEL01-DF 
500155;2023-01-19; quinta-feira ; 20:45:00 ; MS ;262;389,5; TERENOS ; Ingestão de álcool pelo condutor ; Colisão lateral sentido oposto ; Com Vítimas Feridas ; Plena Noite ; Decrescente ; Céu Claro ; Simples ; Reta ; Não ;4;0;1;0;3;0;1;2;-20,42781715;-54,9237442; SPRF-MS ; DEL01-MS ; UOP03-DEL01-MS 
500161;2023-01-19; quinta-feira ; 16:00:00 ; BA ;242;306; IBIQUERA ; Velocidade Incompatível ; Tombamento ; Com Vítimas Feridas ; Pleno dia ; Crescente ; Nublado ; Simples ; Reta ; Não ;2;0;1;0;1;0;1;2;-12,46702212;-40,94178597; SPRF-BA ; DEL06-BA ; UOP02-DEL06-BA 
500162;2023-01-19; quinta-feira ; 23:25:00 ; RS ;116;300; GUAIBA ; Ingestão de álcool pelo condutor ; Colisão lateral mesmo sentido ; Sem Vítimas ; Plena Noite ; Crescente ; Céu Claro ; Dupla ; Reta ; Sim ;3;0;0;0;3;0;0;3;-30,12368942;-51,34922543; SPRF-RS ; DEL02-RS ; UOP01-DEL02-RS 
500165;2023-01-19; quinta-feira ; 22:30:00 ; ES ;101;66,2; SAO MATEUS ; Condutor desrespeitou a iluminação vermelha do semáforo ; Colisão transversal ; Com Vítimas Feridas ; Plena Noite ; Decrescente ; Nublado ; Múltipla ; Não Informado ; Sim ;2;0;0;1;1;0;1;2;-18,7165195;-39,87436378; SPRF-ES ; DEL04-ES ; UOP02-DEL04-ES 
500171;2023-01-20; sexta-feira ; 01:30:00 ; GO ;50;244,3; CATALAO ; Ausência de reação do condutor ; Colisão com objeto ; Com Vítimas Feridas ; Plena Noite ; Crescente ; Céu Claro ; Simples ; Não Informado ; Sim ;1;0;1;0;0;0;1;1;-17,9172;-47,7901; SPRF-GO ; DEL06-GO ; UOP01-DEL06-GO 
500172;2023-01-20; sexta-feira ; 01:00:00 ; RS ;285;287; PASSO FUNDO ; Condutor Dormindo ; Colisão com objeto ; Sem Vítimas ; Plena Noite ; Decrescente ; Céu Claro ; Simples ; Rotatória ; Não ;1;0;0;0;1;0;0;1;-28,240465;-52,31797; SPRF-RS ; DEL08-RS ; UOP03-DEL08-RS 
500176;2023-01-20; sexta-feira ; 02:00:00 ; MG ;153;90; PRATA ; Ausência de reação do condutor ; Tombamento ; Com Vítimas Feridas ; Plena Noite ; Crescente ; Nublado ; Simples ; Reta ; Não ;1;0;1;0;0;0;1;1;-19,146825;-48,963154; SPRF-MG ; DEL15-MG ; UOP03-DEL15-MG 
500179;2023-01-20; sexta-feira ; 03:30:00 ; RS ;472;132; TRES DE MAIO ; Condutor Dormindo ; Saída de leito carroçável ; Com Vítimas Feridas ; Plena Noite ; Decrescente ; Céu Claro ; Simples ; Rotatória ; Sim ;1;0;0;1;0;0;1;1;-27,75233819;-54,23914297; SPRF-RS ; DEL10-RS ; UOP01-DEL10-RS 
500182;2023-01-20; sexta-feira ; 05:40:00 ; GO ;40;113; CRISTALINA ; Condutor Dormindo ; Capotamento ; Com Vítimas Feridas ; Amanhecer ; Crescente ; Céu Claro ; Dupla ; Reta ; Não ;1;0;0;1;0;0;1;1;-16,847953;-47,483787; SPRF-DF ; DEL01-DF ; UOP04-DEL01-DF 
500184;2023-01-20; sexta-feira ; 02:10:00 ; SC ;163;69; SAO MIGUEL DO OESTE ; Acessar a via sem observar a presença dos outros veículos ; Colisão transversal ; Com Vítimas Feridas ; Plena Noite ; Decrescente ; Céu Claro ; Dupla ; Não Informado ; Sim ;2;0;0;1;1;0;1;2;-26,7402449;-53,501122; SPRF-SC ; DEL07-SC ; UOP03-DEL07-SC 
500193;2023-01-20; sexta-feira ; 06:10:00 ; MG ;365;855,5; SANTA VITORIA ; Conversão proibida ; Colisão traseira ; Com Vítimas Feridas ; Pleno dia ; Crescente ; Nublado ; Simples ; Reta ; Não ;2;0;1;0;1;0;1;2;-19,02816636;-50,3638289; SPRF-MG ; DEL15-MG ; UOP03-DEL15-MG 
500198;2023-01-20; sexta-feira ; 00:20:00 ; SC ;101;82; BARRA VELHA ; Mal súbito do condutor ; Tombamento ; Com Vítimas Feridas ; Plena Noite ; Crescente ; Céu Claro ; Dupla ; Reta ; Não ;1;0;1;0;0;0;1;1;-26,61323628;-48,7210232; SPRF-SC ; DEL03-SC ; UOP02-DEL03-SC 
500208;2023-01-20; sexta-feira ; 08:25:00 ; RJ ;101;64; CAMPOS DOS GOYTACAZES ; Trafegar com motocicleta (ou similar) entre as faixas ; Colisão transversal ; Com Vítimas Feridas ; Pleno dia ; Decrescente ; Sol ; Simples ; Reta ; Sim ;2;0;0;1;1;0;1;2;-21,74908605;-41,33632461; SPRF-RJ ; DEL08-RJ ; UOP02-DEL08-RJ 
500216;2023-01-12; quinta-feira ; 23:50:00 ; MS ;463;20; DOURADOS ; Condutor Dormindo ; Saída de leito carroçável ; Com Vítimas Feridas ; Plena Noite ; Crescente ; Ignorado ; Simples ; Reta ; Não ;1;0;1;0;0;0;1;1;-22,25882844;-54,98508769; SPRF-MS ; DEL04-MS ; UOP03-DEL04-MS 
500217;2023-01-19; quinta-feira ; 23:30:00 ; PR ;277;410,6; CANDOI ; Ausência de reação do condutor ; Saída de leito carroçável ; Sem Vítimas ; Plena Noite ; Decrescente ; Céu Claro ; Simples ; Curva ; Não ;1;0;0;0;1;0;0;1;-25,41928;-52,04668; SPRF-PR ; DEL04-PR ; UOP02-DEL04-PR 
500221;2023-01-20; sexta-feira ; 09:40:00 ; MA ;135;11,7; SAO LUIS ; Demais falhas mecânicas ou elétricas ; Incêndio ; Sem Vítimas ; Pleno dia ; Crescente ; Sol ; Dupla ; Reta ; Sim ;1;0;0;0;1;0;0;1;-2,66470782;-44,28673431; SPRF-MA ; DEL01-MA ; UOP01-DEL01-MA 
500225;2023-01-20; sexta-feira ; 08:00:00 ; SC ;480;127,2; CHAPECO ; Mal súbito do condutor ; Saída de leito carroçável ; Sem Vítimas ; Pleno dia ; Decrescente ; Céu Claro ; Simples ; Reta ; Não ;1;0;0;0;1;0;0;1;-27,02885905;-52,63380035; SPRF-SC ; DEL07-SC ; UOP01-DEL07-SC 
500227;2023-01-20; sexta-feira ; 04:30:00 ; PE ;232;254,7; ARCOVERDE ; Demais falhas mecânicas ou elétricas ; Eventos atípicos ; Sem Vítimas ; Amanhecer ; Decrescente ; Nublado ; Simples ; Não Informado ; Sim ;1;0;0;0;1;0;0;1;-8,41875994;-37,07859892; SPRF-PE ; DEL04-PE ; UOP02-DEL04-PE 
500229;2023-01-20; sexta-feira ; 10:20:00 ; PR ;277;473,7; NOVA LARANJEIRAS ; Velocidade Incompatível ; Tombamento ; Com Vítimas Fatais ; Pleno dia ; Decrescente ; Céu Claro ; Simples ; Não Informado ; Não ;1;1;0;0;0;0;0;1;-25,30497324;-52,55909642; SPRF-PR ; DEL04-PR ; UOP02-DEL04-PR 
500233;2023-01-20; sexta-feira ; 10:40:00 ; CE ;116;3; FORTALEZA ; Velocidade Incompatível ; Engavetamento ; Com Vítimas Feridas ; Pleno dia ; Crescente ; Chuva ; Múltipla ; Reta ; Sim ;3;0;1;0;2;0;1;3;-3,77866493;-38,51490171; SPRF-CE ; DEL01-CE ; UOP02-DEL01-CE 
500242;2023-01-20; sexta-feira ; 09:15:00 ; SC ;282;62; RANCHO QUEIMADO ; Transitar na contramão ; Saída de leito carroçável ; Sem Vítimas ; Pleno dia ; Decrescente ; Céu Claro ; Simples ; Não Informado ; Não ;4;0;0;0;2;2;0;2;-27,688046;-49,037033; SPRF-SC ; DEL01-SC ; UOP03-DEL01-SC 