 id ; data_inversa ; dia_semana ; horario ; uf ; br ; km ; municipio ; causa_acidente ; tipo_acidente ; classificacao_acidente ; fase_dia ; sentido_via ; condicao_metereologica ; tipo_pista ; tracado_via ; uso_solo ; pessoas ; mortos ; feridos_leves ; feridos_graves ; ilesos ; ignorados ; feridos ; veiculos ; latitude ; longitude ; regional ; delegacia ; uop 
500244;2023-01-20; sexta-feira ; 07:50:00 ; SC ;116;86,8; MONTE CASTELO ; Transitar na contramão ; Colisão lateral sentido oposto ; Com Vítimas Feridas ; Pleno dia ; Decrescente ; Nublado ; Simples ; Curva ; Não ;4;0;0;1;3;0;1;3;-26,60977491;-50,22937022; SPRF-SC ; DEL06-SC ; UOP02-DEL06-SC 
500250;2023-01-08; domingo ; 16:30:00 ; RS ;293;259; DOM PEDRITO ; Manobra de mudança de faixa ; Colisão lateral sentido oposto ; Com Vítimas Fatais ; Pleno dia ; Crescente ; Céu Claro ; Simples ; Reta ; Não ;2;1;0;0;1;0;0;2;-30,9353215;-54,74517219; SPRF-RS ; DEL11-RS ; UOP01-DEL11-RS 
500254;2023-01-20; sexta-feira ; 10:15:00 ; SC ;101;312; LAGUNA ; Reação tardia ou ineficiente do condutor ; Colisão traseira ; Com Vítimas Feridas ; Pleno dia ; Crescente ; Sol ; Dupla ; Não Informado ; Não ;4;0;0;1;3;0;1;4;-28,433701;-48,806344; SPRF-SC ; DEL02-SC ; UOP01-DEL02-SC 
500261;2023-01-20; sexta-feira ; 14:25:00 ; PE ;232;12,1; RECIFE ; Ausência de reação do condutor ; Colisão traseira ; Com Vítimas Feridas ; Pleno dia ; Decrescente ; Céu Claro ; Dupla ; Reta ; Sim ;3;0;1;0;1;1;1;2;-8,08577691;-35,00345603; SPRF-PE ; DEL01-PE ; UOP01-DEL01-PE 
500272;2023-01-20; sexta-feira ; 13:45:00 ; MG ;381;710,2; CARMO DA CACHOEIRA ; Chuva ; Colisão com objeto ; Com Vítimas Feridas ; Pleno dia ; Crescente ; Chuva ; Dupla ; Curva ; Não ;2;0;1;0;1;0;1;1;-21,38614615;-45,1948603; SPRF-MG ; DEL04-MG ; UOP02-DEL04-MG 
500273;2023-01-20; sexta-feira ; 15:00:00 ; SC ;280;44,5; GUARAMIRIM ; Reação tardia ou ineficiente do condutor ; Saída de leito carroçável ; Com Vítimas Feridas ; Pleno dia ; Crescente ; Sol ; Simples ; Reta ; Não ;1;0;1;0;0;0;1;1;-26,45228544;-48,8951683; SPRF-SC ; DEL03-SC ; UOP03-DEL03-SC 
500274;2023-01-17; terça-feira ; 10:00:00 ; BA ;242;357; LENCOIS ; Reação tardia ou ineficiente do condutor ; Colisão traseira ; Sem Vítimas ; Pleno dia ; Decrescente ; Nublado ; Simples ; Reta ; Não ;12;0;0;0;12;0;0;5;-12,47066702;-41,36624402; SPRF-BA ; DEL08-BA ; UOP04-DEL08-BA 
500275;2023-01-20; sexta-feira ; 11:50:00 ; SC ;101;112; NAVEGANTES ; Condutor deixou de manter distância do veículo da frente ; Colisão traseira ; Com Vítimas Feridas ; Pleno dia ; Crescente ; Céu Claro ; Dupla ; Não Informado ; Não ;3;0;1;0;2;0;1;2;-26,84356253;-48,71857166; SPRF-SC ; DEL04-SC ; UOP04-DEL04-SC 
500277;2023-01-20; sexta-feira ; 12:00:00 ; SC ;470;2; NAVEGANTES ; Ultrapassagem Indevida ; Colisão lateral mesmo sentido ; Com Vítimas Feridas ; Pleno dia ; Crescente ; Céu Claro ; Múltipla ; Não Informado ; Sim ;2;0;1;0;1;0;1;2;-26,868551;-48,674831; SPRF-SC ; DEL04-SC ; UOP04-DEL04-SC 
500278;2023-01-20; sexta-feira ; 14:30:00 ; SC ;470;12; NAVEGANTES ; Condutor deixou de manter distância do veículo da frente ; Colisão traseira ; Com Vítimas Feridas ; Pleno dia ; Decrescente ; Céu Claro ; Dupla ; Reta ; Não ;2;0;1;0;1;0;1;2;-26,835169;-48,757267; SPRF-SC ; DEL04-SC ; UOP04-DEL04-SC 
500282;2023-01-20; sexta-feira ; 16:30:00 ; GO ;153;631,2; MORRINHOS ; Condutor Dormindo ; Saída de leito carroçável ; Com Vítimas Feridas ; Pleno dia ; Crescente ; Céu Claro ; Dupla ; Reta ; Não ;2;0;1;1;0;0;2;1;-17,7942;-49,2016; SPRF-GO ; DEL03-GO ; UOP01-DEL03-GO 
500285;2023-01-20; sexta-feira ; 15:55:00 ; MA ;135;7,4; SAO LUIS ; Reação tardia ou ineficiente do condutor ; Colisão traseira ; Sem Vítimas ; Pleno dia ; Decrescente ; Céu Claro ; Dupla ; Retorno Regulamentado ; Sim ;2;0;0;0;2;0;0;2;-2,63608835;-44,26848552; SPRF-MA ; DEL01-MA ; UOP01-DEL01-MA 
500286;2023-01-20; sexta-feira ; 16:40:00 ; MG ;50;27,6; ARAGUARI ; Velocidade Incompatível ; Tombamento ; Com Vítimas Feridas ; Pleno dia ; Crescente ; Nublado ; Dupla ; Não Informado ; Não ;1;0;0;1;0;0;1;1;-18,61943321;-48,09375199; SPRF-MG ; DEL15-MG ; UOP02-DEL15-MG 
500289;2023-01-20; sexta-feira ; 16:50:00 ; SC ;101;202; SAO JOSE ; Ausência de reação do condutor ; Engavetamento ; Com Vítimas Feridas ; Pleno dia ; Crescente ; Céu Claro ; Múltipla ; Reta ; Sim ;8;0;4;0;4;0;4;5;-27,55711595;-48,61897889; SPRF-SC ; DEL01-SC ; UOP01-DEL01-SC 
500295;2023-01-20; sexta-feira ; 15:40:00 ; MT ;70;521,6; VARZEA GRANDE ; Reação tardia ou ineficiente do condutor ; Colisão traseira ; Com Vítimas Fatais ; Pleno dia ; Decrescente ; Céu Claro ; Simples ; Reta ; Sim ;2;1;0;0;1;0;0;2;-15,66793061;-56,18183266; SPRF-MT ; DEL01-MT ; UOP02-DEL01-MT 
500303;2023-01-20; sexta-feira ; 16:50:00 ; RS ;101;9,7; TORRES ; Acessar a via sem observar a presença dos outros veículos ; Colisão traseira ; Com Vítimas Feridas ; Pleno dia ; Crescente ; Céu Claro ; Dupla ; Reta ; Não ;3;0;1;0;2;0;1;2;-29,36685801;-49,81514399; SPRF-RS ; DEL03-RS ; UOP02-DEL03-RS 
500310;2023-01-20; sexta-feira ; 17:29:00 ; ES ;101;295; CARIACICA ; Condutor deixou de manter distância do veículo da frente ; Colisão traseira ; Com Vítimas Feridas ; Anoitecer ; Decrescente ; Chuva ; Dupla ; Não Informado ; Sim ;4;0;2;0;2;0;2;3;-20,33223667;-40,40004683; SPRF-ES ; DEL01-ES ; UOP01-DEL01-ES 
500317;2023-01-20; sexta-feira ; 17:00:00 ; MT ;70;282; PRIMAVERA DO LESTE ; Acessar a via sem observar a presença dos outros veículos ; Colisão transversal ; Com Vítimas Feridas ; Pleno dia ; Crescente ; Céu Claro ; Simples ; Reta ; Sim ;3;0;1;0;2;0;1;3;-15,57124297;-54,31324402; SPRF-MT ; DEL05-MT ; UOP01-DEL05-MT 
500321;2023-01-22; domingo ; 13:20:00 ; CE ;304;50,3; ARACATI ; Ingestão de álcool pelo condutor ; Colisão transversal ; Com Vítimas Feridas ; Pleno dia ; Decrescente ; Céu Claro ; Dupla ; Não Informado ; Sim ;3;0;1;0;2;0;1;2;-4,57352926;-37,76245988; SPRF-CE ; DEL03-CE ; UOP03-DEL03-CE 
500324;2023-01-22; domingo ; 09:30:00 ; BA ;242;822; BARREIRAS ; Reação tardia ou ineficiente do condutor ; Tombamento ; Sem Vítimas ; Pleno dia ; Decrescente ; Garoa/Chuvisco ; Simples ; Reta ; Sim ;1;0;0;0;1;0;0;1;-12,11990727;-45,04979699; SPRF-BA ; DEL10-BA ; UOP01-DEL10-BA 
500332;2023-01-22; domingo ; 21:30:00 ; PR ;153;76; CONSELHEIRO MAIRINCK ; Ausência de reação do condutor ; Saída de leito carroçável ; Com Vítimas Fatais ; Plena Noite ; Decrescente ; Nublado ; Simples ; Curva ; Não ;1;1;0;0;0;0;0;1;-23,568391;-50,143047; SPRF-PR ; DEL07-PR ; UOP04-DEL07-PR 
500339;2023-01-22; domingo ; 12:35:00 ; PB ;230;485; SAO JOAO DO RIO DO PEIXE ; Condutor Dormindo ; Capotamento ; Com Vítimas Feridas ; Pleno dia ; Crescente ; Céu Claro ; Simples ; Não Informado ; Não ;1;0;1;0;0;0;1;1;-6,8631;-38,3794; SPRF-PB ; DEL03-PB ; UOP03-DEL03-PB 
500340;2023-01-22; domingo ; 20:00:00 ; BA ;324;366; TANQUINHO ; Ausência de reação do condutor ; Colisão frontal ; Com Vítimas Feridas ; Plena Noite ; Crescente ; Céu Claro ; Simples ; Reta ; Não ;5;0;0;1;4;0;1;2;-11,96142858;-39,16197713; SPRF-BA ; DEL04-BA ; UOP02-DEL04-BA 
500342;2023-01-22; domingo ; 17:45:00 ; SC ;153;67,6; IRANI ; Ingestão de álcool pelo condutor ; Saída de leito carroçável ; Sem Vítimas ; Pleno dia ; Crescente ; Céu Claro ; Simples ; Reta ; Não ;2;0;0;0;2;0;0;1;-27,036904;-51,880014; SPRF-SC ; DEL07-SC ; UOP04-DEL07-SC 
500357;2023-01-22; domingo ; 08:31:00 ; RO ;364;237,9; CACOAL ; Acessar a via sem observar a presença dos outros veículos ; Colisão lateral mesmo sentido ; Com Vítimas Feridas ; Pleno dia ; Crescente ; Céu Claro ; Simples ; Não Informado ; Sim ;4;0;0;2;2;0;2;3;-11,44341056;-61,44672787; SPRF-RO ; DEL02-RO ; UOP02-DEL02-RO 
500362;2023-01-23; segunda-feira ; 05:50:00 ; MG ;381;484,3; BETIM ; Ausência de reação do condutor ; Colisão lateral mesmo sentido ; Com Vítimas Feridas ; Pleno dia ; Crescente ; Garoa/Chuvisco ; Dupla ; Reta ; Sim ;2;0;1;0;1;0;1;2;-19,95594491;-44,10721699; SPRF-MG ; DEL01-MG ; UOP03-DEL01-MG 
500366;2023-01-22; domingo ; 20:00:00 ; MT ;364;270,4; JACIARA ; Reação tardia ou ineficiente do condutor ; Derramamento de carga ; Sem Vítimas ; Plena Noite ; Decrescente ; Nublado ; Dupla ; Reta ; Não ;1;0;0;0;1;0;0;1;-15,9689785;-54,94463002; SPRF-MT ; DEL05-MT ; UOP02-DEL05-MT 
500372;2023-01-20; sexta-feira ; 23:40:00 ; ES ;101;156; LINHARES ; Reação tardia ou ineficiente do condutor ; Colisão traseira ; Sem Vítimas ; Plena Noite ; Crescente ; Chuva ; Simples ; Reta ; Não ;2;0;0;0;2;0;0;2;-19,44596035;-40,09435048; SPRF-ES ; DEL04-ES ; UOP01-DEL04-ES 
500373;2023-01-22; domingo ; 18:55:00 ; MG ;262;145; RIO CASCA ; Demais falhas mecânicas ou elétricas ; Incêndio ; Sem Vítimas ; Plena Noite ; Decrescente ; Nublado ; Simples ; Reta ; Não ;1;0;0;0;1;0;0;1;-20,03578173;-42,73569975; SPRF-MG ; DEL03-MG ; UOP03-DEL03-MG 
500381;2023-01-22; domingo ; 14:00:00 ; MG ;116;781,7; LEOPOLDINA ; Curva acentuada ; Tombamento ; Com Vítimas Feridas ; Pleno dia ; Decrescente ; Nublado ; Simples ; Não Informado ; Não ;1;0;1;0;0;0;1;1;-21,6267797;-42,69994324; SPRF-MG ; DEL07-MG ; UOP01-DEL07-MG 
500383;2023-01-23; segunda-feira ; 08:20:00 ; ES ;101;260; SERRA ; Reação tardia ou ineficiente do condutor ; Colisão frontal ; Com Vítimas Fatais ; Pleno dia ; Crescente ; Céu Claro ; Dupla ; Curva ; Sim ;4;1;0;0;3;0;0;4;-20,14616415;-40,28836206; SPRF-ES ; DEL02-ES ; UOP01-DEL02-ES 
500391;2023-01-23; segunda-feira ; 08:25:00 ; RN ;304;52; MOSSORO ; Reação tardia ou ineficiente do condutor ; Colisão lateral sentido oposto ; Com Vítimas Feridas ; Pleno dia ; Decrescente ; Céu Claro ; Simples ; Reta ; Não ;2;0;1;0;1;0;1;2;-5,26016181;-37,30441867; SPRF-RN ; DEL04-RN ; UOP01-DEL04-RN 
500393;2023-01-22; domingo ; 11:10:00 ; MG ;116;783; LEOPOLDINA ; Velocidade Incompatível ; Tombamento ; Sem Vítimas ; Pleno dia ; Decrescente ; Sol ; Simples ; Não Informado ; Não ;1;0;0;0;1;0;0;1;-21,63453389;-42,69665944; SPRF-MG ; DEL07-MG ; UOP01-DEL07-MG 
500403;2023-01-23; segunda-feira ; 08:15:00 ; SC ;101;117; ITAJAI ; Mal súbito do condutor ; Saída de leito carroçável ; Com Vítimas Feridas ; Pleno dia ; Decrescente ; Céu Claro ; Dupla ; Reta ; Sim ;1;0;1;0;0;0;1;1;-26,88747187;-48,72252969; SPRF-SC ; DEL04-SC ; UOP04-DEL04-SC 
500404;2023-01-22; domingo ; 16:45:00 ; MS ;163;400,3; NOVA ALVORADA DO SUL ; Manobra de mudança de faixa ; Tombamento ; Com Vítimas Feridas ; Pleno dia ; Crescente ; Nublado ; Simples ; Reta ; Não ;8;0;3;1;2;2;4;3;-21,16832399;-54,47599465; SPRF-MS ; DEL02-MS ; UOP01-DEL02-MS 
500405;2023-01-21; sábado ; 13:55:00 ; GO ;414;238; NIQUELANDIA ; Ultrapassagem Indevida ; Colisão frontal ; Com Vítimas Fatais ; Pleno dia ; Crescente ; Garoa/Chuvisco ; Simples ; Reta ; Não ;2;1;0;0;1;0;0;2;-14,72069917;-48,60820552; SPRF-GO ; DEL07-GO ; UOP02-DEL07-GO 
500409;2023-01-23; segunda-feira ; 07:00:00 ; BA ;242;892; LUIS EDUARDO MAGALHAES ; Ausência de reação do condutor ; Colisão traseira ; Com Vítimas Feridas ; Pleno dia ; Crescente ; Céu Claro ; Simples ; Reta ; Não ;3;0;0;1;2;0;1;3;-12,10115231;-45,86929849; SPRF-BA ; DEL10-BA ; UOP01-DEL10-BA 
500413;2023-01-20; sexta-feira ; 05:45:00 ; MG ;116;779; LEOPOLDINA ; Reação tardia ou ineficiente do condutor ; Tombamento ; Com Vítimas Feridas ; Amanhecer ; Decrescente ; Céu Claro ; Simples ; Curva ; Não ;8;0;1;0;7;0;1;2;-21,60837977;-42,69596393; SPRF-MG ; DEL07-MG ; UOP01-DEL07-MG 
500417;2023-01-23; segunda-feira ; 09:10:00 ; RJ ;101;478; ANGRA DOS REIS ; Estacionar ou parar em local proibido ; Colisão frontal ; Com Vítimas Feridas ; Pleno dia ; Decrescente ; Céu Claro ; Simples ; Curva ; Sim ;3;0;1;0;2;0;1;3;-23,0024652732;-44,2727059415; SPRF-RJ ; DEL03-RJ ; UOP02-DEL03-RJ 
500418;2023-01-21; sábado ; 04:00:00 ; RS ;285;460; IJUI ; Ausência de reação do condutor ; Colisão com objeto ; Com Vítimas Feridas ; Plena Noite ; Crescente ; Céu Claro ; Simples ; Interseção de vias ; Sim ;2;0;1;0;0;1;1;1;-28,41555985;-53,91094208; SPRF-RS ; DEL10-RS ; UOP01-DEL10-RS 
500426;2023-01-21; sábado ; 17:30:00 ; RJ ;116;288; BARRA MANSA ; Ingestão de álcool pelo condutor ; Colisão traseira ; Com Vítimas Feridas ; Pleno dia ; Decrescente ; Chuva ; Dupla ; Não Informado ; Não ;2;0;1;0;1;0;1;2;-22,48686584;-44,25027602; SPRF-RJ ; DEL07-RJ ; UOP02-DEL07-RJ 
500446;2023-01-21; sábado ; 16:20:00 ; MA ;135;180; SAO MATEUS DO MARANHAO ; Reação tardia ou ineficiente do condutor ; Colisão traseira ; Sem Vítimas ; Pleno dia ; Crescente ; Céu Claro ; Simples ; Reta ; Sim ;2;0;0;0;2;0;0;2;-4,02061306;-44,46649723; SPRF-MA ; DEL03-MA ; UOP01-DEL03-MA 
500447;2023-01-20; sexta-feira ; 08:30:00 ; MG ;381;430; SABARA ; Avarias e/ou desgaste excessivo no pneu ; Tombamento ; Com Vítimas Feridas ; Pleno dia ; Crescente ; Nublado ; Simples ; Curva ; Não ;2;0;1;0;0;1;1;1;-19,78496805;-43,72311799; SPRF-MG ; DEL01-MG ; UOP01-DEL01-MG 
500450;2023-01-23; segunda-feira ; 05:50:00 ; ES ;101;443,8; MIMOSO DO SUL ; Reação tardia ou ineficiente do condutor ; Saída de leito carroçável ; Com Vítimas Feridas ; Pleno dia ; Crescente ; Céu Claro ; Simples ; Curva ; Não ;1;0;1;0;0;0;1;1;-21,09789425;-41,25305078; SPRF-ES ; DEL03-ES ; UOP02-DEL03-ES 
500454;2023-01-21; sábado ; 13:00:00 ; GO ;60;5; SANTO ANTONIO DO DESCOBERTO ; Reação tardia ou ineficiente do condutor ; Colisão com objeto ; Com Vítimas Feridas ; Pleno dia ; Crescente ; Chuva ; Dupla ; Não Informado ; Não ;2;0;1;0;1;0;1;1;-16,09002147;-48,27547073; SPRF-DF ; DEL01-DF ; UOP02-DEL01-DF 
500460;2023-01-21; sábado ; 20:37:00 ; MG ;153;99; PRATA ; Ausência de reação do condutor ; Colisão traseira ; Com Vítimas Feridas ; Plena Noite ; Crescente ; Nublado ; Simples ; Reta ; Não ;6;0;2;0;3;1;2;2;-19,21986713;-48,93484939; SPRF-MG ; DEL15-MG ; UOP03-DEL15-MG 
500469;2023-01-23; segunda-feira ; 11:06:00 ; SC ;101;199,1; BIGUACU ; Reação tardia ou ineficiente do condutor ; Engavetamento ; Com Vítimas Feridas ; Pleno dia ; Crescente ; Céu Claro ; Múltipla ; Reta ; Sim ;5;0;1;0;4;0;1;4;-27,53413705;-48,63003205; SPRF-SC ; DEL01-SC ; UOP01-DEL01-SC 
500471;2023-01-21; sábado ; 15:00:00 ; MA ;230;312; SAO RAIMUNDO DAS MANGABEIRAS ; Velocidade Incompatível ; Colisão frontal ; Com Vítimas Fatais ; Pleno dia ; Decrescente ; Sol ; Simples ; Não Informado ; Não ;3;2;0;0;0;1;0;2;-7,005147;-45,461262; SPRF-MA ; DEL05-MA ; UOP01-DEL05-MA 
500474;2023-01-23; segunda-feira ; 09:30:00 ; BA ;242;493; OLIVEIRA DOS BREJINHOS ; Avarias e/ou desgaste excessivo no pneu ; Tombamento ; Com Vítimas Fatais ; Pleno dia ; Crescente ; Nublado ; Simples ; Não Informado ; Não ;4;2;1;1;0;0;2;2;-12,39898;-42,39651; SPRF-BA ; DEL06-BA ; UOP01-DEL06-BA 
500477;2023-01-21; sábado ; 09:50:00 ; MG ;40;48; PARACATU ; Avarias e/ou desgaste excessivo no pneu ; Colisão com objeto ; Com Vítimas Feridas ; Pleno dia ; Decrescente ; Chuva ; Simples ; Reta ; Não ;4;0;1;1;2;0;2;2;-17,24150062;-46,81848808; SPRF-MG ; DEL14-MG ; UOP01-DEL14-MG 
500478;2023-01-20; sexta-feira ; 16:00:00 ; PA ;163;397; ITAITUBA ; Reação tardia ou ineficiente do condutor ; Colisão traseira ; Com Vítimas Feridas ; Pleno dia ; Crescente ; Céu Claro ; Simples ; Reta ; Não ;2;0;1;0;1;0;1;2;-6,32296799;-55,58613917; SPRF-PA ; DEL05-PA ; UOP01-DEL05-PA 
500480;2023-01-23; segunda-feira ; 10:35:00 ; BA ;116;1,8; VITORIA DA CONQUISTA ; Ausência de reação do condutor ; Colisão frontal ; Com Vítimas Fatais ; Pleno dia ; Decrescente ; Sol ; Simples ; Reta ; Não ;2;1;1;0;0;0;1;2;-14,825324;-40,847885; SPRF-BA ; DEL08-BA ; UOP01-DEL08-BA 
500481;2023-01-23; segunda-feira ; 11:04:00 ; GO ;251;32; CRISTALINA ; Acessar a via sem observar a presença dos outros veículos ; Colisão transversal ; Com Vítimas Feridas ; Pleno dia ; Decrescente ; Céu Claro ; Simples ; Reta ; Sim ;3;0;1;1;1;0;2;2;-16,06677565;-47,53166968; SPRF-DF ; DEL01-DF ; UOP01-DEL01-DF 
500489;2023-01-22; domingo ; 20:42:00 ; RO ;421;4; ARIQUEMES ; Acessar a via sem observar a presença dos outros veículos ; Colisão transversal ; Com Vítimas Feridas ; Plena Noite ; Decrescente ; Céu Claro ; Simples ; Reta ; Não ;2;0;2;0;0;0;2;2;-9,934051;-63,086868; SPRF-RO ; DEL03-RO ; UOP01-DEL03-RO 
500490;2023-01-23; segunda-feira ; 10:55:00 ; SC ;101;41,2; JOINVILLE ; Velocidade Incompatível ; Colisão traseira ; Com Vítimas Feridas ; Pleno dia ; Decrescente ; Céu Claro ; Dupla ; Reta ; Sim ;2;0;1;0;1;0;1;2;-26,28215489;-48,88973081; SPRF-SC ; DEL03-SC ; UOP01-DEL03-SC 
500491;2023-01-22; domingo ; 20:10:00 ; GO ;153;221; URUACU ; Velocidade Incompatível ; Colisão traseira ; Com Vítimas Feridas ; Plena Noite ; Decrescente ; Céu Claro ; Simples ; Reta ; Não ;6;0;0;4;2;0;4;2;-14,710026;-49,224863; SPRF-GO ; DEL07-GO ; UOP02-DEL07-GO 
500492;2023-01-22; domingo ; 08:40:00 ; GO ;153;200; URUACU ; Entrada inopinada do pedestre ; Atropelamento de Pedestre ; Com Vítimas Feridas ; Pleno dia ; Crescente ; Céu Claro ; Simples ; Reta ; Sim ;2;0;1;0;1;0;1;1;-14,531547;-49,160595; SPRF-GO ; DEL07-GO ; UOP02-DEL07-GO 
500502;2023-01-20; sexta-feira ; 13:20:00 ; RJ ;40;107; DUQUE DE CAXIAS ; Transitar na contramão ; Colisão lateral mesmo sentido ; Sem Vítimas ; Pleno dia ; Crescente ; Nublado ; Dupla ; Reta ; Sim ;3;0;0;0;2;1;0;2;-22,65581497;-43,28378546; SPRF-RJ ; DEL01-RJ ; UOP01-DEL01-RJ 
500505;2023-01-22; domingo ; 04:25:00 ; MG ;153;54; MONTE ALEGRE DE MINAS ; Condutor Dormindo ; Saída de leito carroçável ; Com Vítimas Feridas ; Plena Noite ; Decrescente ; Nublado ; Dupla ; Não Informado ; Não ;2;0;2;0;0;0;2;1;-18,85277763;-49,08301967; SPRF-MG ; DEL15-MG ; UOP03-DEL15-MG 
500506;2023-01-23; segunda-feira ; 11:40:00 ; RO ;364;185,1; PIMENTA BUENO ; Condutor Dormindo ; Colisão lateral mesmo sentido ; Sem Vítimas ; Pleno dia ; Crescente ; Céu Claro ; Simples ; Reta ; Não ;2;0;0;0;2;0;0;2;-11,74672;-61,106695; SPRF-RO ; DEL02-RO ; UOP02-DEL02-RO 
500507;2023-01-20; sexta-feira ; 18:30:00 ; PR ;153;338; IRATI ; Reação tardia ou ineficiente do condutor ; Saída de leito carroçável ; Sem Vítimas ; Anoitecer ; Crescente ; Chuva ; Simples ; Reta ; Sim ;1;0;0;0;1;0;0;1;-25,51485498;-50,65402607; SPRF-PR ; DEL08-PR ; UOP02-DEL08-PR 
500508;2023-01-21; sábado ; 06:30:00 ; GO ;60;382; RIO VERDE ; Manobra de mudança de faixa ; Colisão lateral mesmo sentido ; Com Vítimas Fatais ; Amanhecer ; Decrescente ; Céu Claro ; Dupla ; Reta ; Sim ;4;1;1;0;1;1;1;2;-17,779;-50,8933; SPRF-GO ; DEL04-GO ; UOP02-DEL04-GO 
500509;2023-01-23; segunda-feira ; 09:40:00 ; MG ;262;895,5; CAMPO FLORIDO ; Reação tardia ou ineficiente do condutor ; Saída de leito carroçável ; Com Vítimas Fatais ; Pleno dia ; Decrescente ; Nublado ; Simples ; Não Informado ; Não ;1;1;0;0;0;0;0;1;-19,715142;-48,728836; SPRF-MG ; DEL13-MG ; UOP02-DEL13-MG 
500510;2023-01-23; segunda-feira ; 07:50:00 ; MS ;163;564; BANDEIRANTES ; Ausência de reação do condutor ; Tombamento ; Com Vítimas Feridas ; Amanhecer ; Decrescente ; Nublado ; Simples ; Reta ; Não ;1;0;1;0;0;0;1;1;-19,78437199;-54,36537203; SPRF-MS ; DEL01-MS ; UOP02-DEL01-MS 
500512;2023-01-21; sábado ; 21:40:00 ; MT ;174;458; COMODORO ; Condutor Dormindo ; Colisão traseira ; Com Vítimas Feridas ; Plena Noite ; Crescente ; Ignorado ; Múltipla ; Não Informado ; Não ;2;0;2;0;0;0;2;2;-13,90340601;-59,76096714; SPRF-MT ; DEL04-MT ; UOP02-DEL04-MT 
500513;2023-01-23; segunda-feira ; 12:30:00 ; PR ;373;230,6; IMBITUVA ; Transitar na contramão ; Colisão frontal ; Com Vítimas Fatais ; Pleno dia ; Decrescente ; Céu Claro ; Simples ; Não Informado ; Sim ;2;1;0;0;1;0;0;2;-25,17934169;-50,66209838; SPRF-PR ; DEL03-PR ; UOP01-DEL03-PR 
500520;2023-01-22; domingo ; 23:30:00 ; MA ;135;16; SAO LUIS ; Condutor Dormindo ; Colisão frontal ; Com Vítimas Fatais ; Plena Noite ; Crescente ; Céu Claro ; Simples ; Reta ; Sim ;2;1;0;0;1;0;0;2;-2,53073;-44,3068; SPRF-MA ; DEL01-MA ; UOP01-DEL01-MA 
500526;2023-01-22; domingo ; 14:00:00 ; GO ;80;149; BARRO ALTO ; Transitar na contramão ; Colisão lateral sentido oposto ; Com Vítimas Feridas ; Pleno dia ; Crescente ; Chuva ; Múltipla ; Não Informado ; Não ;2;0;1;0;1;0;1;2;-14,93317472;-48,94752502; SPRF-GO ; DEL07-GO ; UOP02-DEL07-GO 
500528;2023-01-22; domingo ; 18:00:00 ; MS ;262;773; CORUMBA ; Reação tardia ou ineficiente do condutor ; Engavetamento ; Sem Vítimas ; Anoitecer ; Crescente ; Céu Claro ; Simples ; Reta ; Sim ;3;0;0;0;3;0;0;3;-19,08285699;-57,62168025; SPRF-MS ; DEL03-MS ; UOP03-DEL03-MS 
500540;2023-01-23; segunda-feira ; 14:30:00 ; SC ;101;200,9; SAO JOSE ; Condutor Dormindo ; Colisão traseira ; Com Vítimas Feridas ; Pleno dia ; Crescente ; Céu Claro ; Múltipla ; Reta ; Não ;3;0;2;0;1;0;2;2;-27,54018513;-48,62287714; SPRF-SC ; DEL01-SC ; UOP01-DEL01-SC 
500541;2023-01-21; sábado ; 22:30:00 ; GO ;60;70,6; ABADIANIA ; Neblina ; Colisão traseira ; Com Vítimas Feridas ; Plena Noite ; Crescente ; Céu Claro ; Simples ; Reta ; Não ;3;0;1;0;2;0;1;2;-16,2462;-48,7613; SPRF-GO ; DEL02-GO ; UOP01-DEL02-GO 
500545;2023-01-21; sábado ; 10:45:00 ; PR ;277;347; GUARAPUAVA ; Ultrapassagem Indevida ; Colisão frontal ; Com Vítimas Fatais ; Pleno dia ; Decrescente ; Céu Claro ; Simples ; Curva ; Sim ;4;1;0;1;2;0;1;3;-25,36845518;-51,49535; SPRF-PR ; DEL08-PR ; UOP01-DEL08-PR 
500547;2023-01-23; segunda-feira ; 14:00:00 ; PR ;163;154,2; SANTA LUCIA ; Ultrapassagem Indevida ; Colisão frontal ; Com Vítimas Fatais ; Pleno dia ; Crescente ; Sol ; Simples ; Reta ; Não ;4;1;1;1;1;0;2;2;-25,38467195;-53,57633054; SPRF-PR ; DEL04-PR ; UOP04-DEL04-PR 
500557;2023-01-20; sexta-feira ; 20:30:00 ; PR ;376;265; MARILANDIA DO SUL ; Transitar na contramão ; Colisão frontal ; Com Vítimas Feridas ; Plena Noite ; Crescente ; Céu Claro ; Dupla ; Curva ; Não ;4;0;1;1;1;1;2;3;-23,72812607;-51,29079206; SPRF-PR ; DEL07-PR ; UOP03-DEL07-PR 
500558;2023-01-21; sábado ; 16:32:00 ; MG ;251;492; FRANCISCO SA ; Demais falhas mecânicas ou elétricas ; Colisão frontal ; Com Vítimas Feridas ; Pleno dia ; Crescente ; Céu Claro ; Simples ; Não Informado ; Não ;3;0;3;0;0;0;3;2;-16,54433804;-43,59543496; SPRF-MG ; DEL12-MG ; UOP01-DEL12-MG 
500563;2023-01-23; segunda-feira ; 05:10:00 ; SP ;116;225; GUARULHOS ; Carga excessiva e/ou mal acondicionada ; Derramamento de carga ; Sem Vítimas ; Amanhecer ; Decrescente ; Céu Claro ; Dupla ; Reta ; Não ;4;0;0;0;4;0;0;4;-23,48586772;-46,54075317; SPRF-SP ; DEL01-SP ; UOP01-DEL01-SP 