 id ; data_inversa ; dia_semana ; horario ; uf ; br ; km ; municipio ; causa_acidente ; tipo_acidente ; classificacao_acidente ; fase_dia ; sentido_via ; condicao_metereologica ; tipo_pista ; tracado_via ; uso_solo ; pessoas ; mortos ; feridos_leves ; feridos_graves ; ilesos ; ignorados ; feridos ; veiculos ; latitude ; longitude ; regional ; delegacia ; uop 
502322;2023-01-31; terça-feira ; 09:30:00 ; MG ;365;697; MONTE ALEGRE DE MINAS ; Acessar a via sem observar a presença dos outros veículos ; Tombamento ; Com Vítimas Feridas ; Pleno dia ; Decrescente ; Céu Claro ; Dupla ; Retorno Regulamentado ; Não ;2;0;1;0;1;0;1;2;-18,879038;-48,967991; SPRF-MG ; DEL15-MG ; UOP03-DEL15-MG 
502324;2023-01-31; terça-feira ; 13:00:00 ; SP ;116;177; GUARAREMA ; Reação tardia ou ineficiente do condutor ; Colisão traseira ; Com Vítimas Feridas ; Pleno dia ; Crescente ; Céu Claro ; Dupla ; Não Informado ; Sim ;2;0;0;1;1;0;1;2;-23,32333315;-46,11958293; SPRF-SP ; DEL01-SP ; UOP01-DEL01-SP 
502325;2023-01-31; terça-feira ; 13:00:00 ; PR ;116;111; CURITIBA ; Reação tardia ou ineficiente do condutor ; Colisão lateral mesmo sentido ; Com Vítimas Feridas ; Pleno dia ; Decrescente ; Nublado ; Dupla ; Reta ; Não ;6;0;3;0;2;1;3;2;-25,55989614;-49,26655769; SPRF-PR ; DEL01-PR ; UOP07-DEL01-PR 
502328;2023-01-31; terça-feira ; 12:00:00 ; SP ;381;70; MAIRIPORA ; Carga excessiva e/ou mal acondicionada ; Colisão com objeto ; Com Vítimas Feridas ; Pleno dia ; Decrescente ; Céu Claro ; Simples ; Não Informado ; Não ;3;0;1;0;2;0;1;3;-23,34972978;-46,56070474; SPRF-SP ; DEL03-SP ; UOP01-DEL03-SP 
502330;2023-01-31; terça-feira ; 12:20:00 ; SC ;101;263,9; GAROPABA ; Acessar a via sem observar a presença dos outros veículos ; Colisão transversal ; Sem Vítimas ; Pleno dia ; Crescente ; Céu Claro ; Dupla ; Reta ; Não ;2;0;0;0;2;0;0;2;-28,05218753;-48,7168014; SPRF-SC ; DEL02-SC ; UOP03-DEL02-SC 
502332;2023-01-31; terça-feira ; 10:55:00 ; CE ;116;14; FORTALEZA ; Pista esburacada ; Tombamento ; Com Vítimas Fatais ; Pleno dia ; Decrescente ; Céu Claro ; Múltipla ; Reta ; Sim ;2;1;0;0;1;0;0;2;-3,872406;-38,498646; SPRF-CE ; DEL01-CE ; UOP02-DEL01-CE 
502335;2023-01-31; terça-feira ; 09:20:00 ; GO ;364;211; JATAI ; Condutor deixou de manter distância do veículo da frente ; Colisão lateral mesmo sentido ; Com Vítimas Feridas ; Pleno dia ; Decrescente ; Céu Claro ; Simples ; Não Informado ; Não ;2;0;2;0;0;0;2;2;-17,889294;-51,849514; SPRF-GO ; DEL05-GO ; UOP01-DEL05-GO 
502336;2023-01-31; terça-feira ; 12:45:00 ; MT ;163;639; NOVA MUTUM ; Manobra de mudança de faixa ; Colisão lateral mesmo sentido ; Com Vítimas Feridas ; Pleno dia ; Crescente ; Nublado ; Simples ; Reta ; Não ;2;0;1;0;1;0;1;2;-13,56662999;-56,0289131; SPRF-MT ; DEL01-MT ; UOP01-DEL01-MT 
502342;2023-01-31; terça-feira ; 11:30:00 ; MT ;163;987; TERRA NOVA DO NORTE ; Acessar a via sem observar a presença dos outros veículos ; Colisão transversal ; Com Vítimas Feridas ; Pleno dia ; Decrescente ; Céu Claro ; Simples ; Rotatória ; Não ;2;0;1;0;1;0;1;2;-10,60491126;-55,10770082; SPRF-MT ; DEL06-MT ; UOP03-DEL06-MT 
502359;2023-01-31; terça-feira ; 09:50:00 ; MG ;365;434,9; PATOS DE MINAS ; Velocidade Incompatível ; Colisão frontal ; Com Vítimas Fatais ; Pleno dia ; Crescente ; Nublado ; Simples ; Reta ; Não ;7;4;1;0;1;1;1;2;-18,77949359;-46,69622198; SPRF-MG ; DEL10-MG ; UOP01-DEL10-MG 
502363;2023-01-31; terça-feira ; 15:45:00 ; SC ;282;33,9; AGUAS MORNAS ; Velocidade Incompatível ; Colisão lateral mesmo sentido ; Sem Vítimas ; Pleno dia ; Crescente ; Chuva ; Simples ; Não Informado ; Não ;3;0;0;0;3;0;0;3;-27,706587;-48,808144; SPRF-SC ; DEL01-SC ; UOP03-DEL01-SC 
502367;2023-01-31; terça-feira ; 14:20:00 ; MG ;50;206,6; DELTA ; Mal súbito do condutor ; Saída de leito carroçável ; Com Vítimas Feridas ; Pleno dia ; Crescente ; Chuva ; Dupla ; Não Informado ; Não ;2;0;2;0;0;0;2;1;-19,980178;-47,78909; SPRF-MG ; DEL13-MG ; UOP01-DEL13-MG 
502369;2023-01-31; terça-feira ; 14:50:00 ; PR ;376;366,3; ORTIGUEIRA ; Problema com o freio ; Colisão com objeto ; Com Vítimas Fatais ; Pleno dia ; Decrescente ; Garoa/Chuvisco ; Simples ; Reta ; Não ;2;1;0;0;0;1;0;2;-24,31745;-50,85915; SPRF-PR ; DEL07-PR ; UOP02-DEL07-PR 
502373;2023-01-31; terça-feira ; 16:30:00 ; SP ;116;161; SAO JOSE DOS CAMPOS ; Ausência de reação do condutor ; Colisão lateral mesmo sentido ; Com Vítimas Feridas ; Pleno dia ; Crescente ; Céu Claro ; Dupla ; Reta ; Sim ;3;0;1;0;2;0;1;3;-23,27617003;-45,97592098; SPRF-SP ; DEL02-SP ; UOP01-DEL02-SP 
502374;2023-01-31; terça-feira ; 17:05:00 ; SC ;101;214,9; PALHOCA ; Condutor deixou de manter distância do veículo da frente ; Colisão traseira ; Com Vítimas Feridas ; Pleno dia ; Decrescente ; Nublado ; Múltipla ; Reta ; Sim ;2;0;0;1;0;1;1;2;-27,64443;-48,67057; SPRF-SC ; DEL01-SC ; UOP02-DEL01-SC 
502375;2023-01-31; terça-feira ; 15:15:00 ; RJ ;116;190; QUEIMADOS ; Acessar a via sem observar a presença dos outros veículos ; Colisão lateral mesmo sentido ; Com Vítimas Feridas ; Pleno dia ; Crescente ; Céu Claro ; Dupla ; Reta ; Sim ;2;0;1;0;1;0;1;2;-22,74123776;-43,5007311; SPRF-RJ ; DEL01-RJ ; UOP02-DEL01-RJ 
502386;2023-01-31; terça-feira ; 17:00:00 ; MS ;163;284; DOURADOS ; Ausência de reação do condutor ; Colisão traseira ; Com Vítimas Feridas ; Pleno dia ; Crescente ; Céu Claro ; Simples ; Reta ; Sim ;2;0;1;0;1;0;1;2;-22,11453367;-54,58973426; SPRF-MS ; DEL04-MS ; UOP01-DEL04-MS 
502392;2023-01-31; terça-feira ; 18:50:00 ; SC ;101;115; ITAJAI ; Ausência de reação do condutor ; Colisão traseira ; Com Vítimas Feridas ; Anoitecer ; Decrescente ; Nublado ; Dupla ; Reta ; Não ;3;0;1;0;2;0;1;2;-26,87064015;-48,72954134; SPRF-SC ; DEL04-SC ; UOP04-DEL04-SC 
502402;2023-01-31; terça-feira ; 17:30:00 ; RJ ;40;93; DUQUE DE CAXIAS ; Reação tardia ou ineficiente do condutor ; Colisão com objeto ; Com Vítimas Feridas ; Pleno dia ; Decrescente ; Céu Claro ; Dupla ; Não Informado ; Não ;1;0;1;0;0;0;1;1;-22,5554282;-43,25829998; SPRF-RJ ; DEL06-RJ ; UOP02-DEL06-RJ 
502404;2023-01-31; terça-feira ; 19:35:00 ; SC ;470;9,8; NAVEGANTES ; Desrespeitar a preferência no cruzamento ; Colisão transversal ; Com Vítimas Feridas ; Plena Noite ; Crescente ; Garoa/Chuvisco ; Simples ; Retorno Regulamentado ; Não ;2;0;1;0;1;0;1;2;-26,833143;-48,727432; SPRF-SC ; DEL04-SC ; UOP04-DEL04-SC 
502409;2023-01-20; sexta-feira ; 01:45:00 ; RJ ;116;228; PIRAI ; Reação tardia ou ineficiente do condutor ; Colisão traseira ; Com Vítimas Feridas ; Plena Noite ; Decrescente ; Sol ; Simples ; Curva ; Não ;5;0;1;0;4;0;1;5;-22,66993707;-43,82738113; SPRF-RJ ; DEL07-RJ ; UOP01-DEL07-RJ 
502419;2023-01-31; terça-feira ; 15:10:00 ; PR ;277;482,8; NOVA LARANJEIRAS ; Curva acentuada ; Tombamento ; Com Vítimas Feridas ; Pleno dia ; Decrescente ; Sol ; Simples ; Não Informado ; Não ;1;0;1;0;0;0;1;1;-25,27437517;-52,59403497; SPRF-PR ; DEL04-PR ; UOP02-DEL04-PR 
502420;2023-01-25; quarta-feira ; 23:30:00 ; SC ;282;485; FAXINAL DOS GUEDES ; Demais falhas mecânicas ou elétricas ; Tombamento ; Com Vítimas Feridas ; Plena Noite ; Crescente ; Céu Claro ; Simples ; Reta ; Não ;1;0;1;0;0;0;1;1;-26,857132;-52,245258; SPRF-SC ; DEL07-SC ; UOP01-DEL07-SC 
502423;2023-01-31; terça-feira ; 19:30:00 ; PB ;116;7,9; CACHOEIRA DOS INDIOS ; Afundamento ou ondulação no pavimento ; Saída de leito carroçável ; Com Vítimas Feridas ; Plena Noite ; Crescente ; Céu Claro ; Simples ; Reta ; Não ;4;0;4;0;0;0;4;1;-6,956637;-38,723457; SPRF-CE ; DEL05-CE ; UOP03-DEL05-CE 
502431;2023-01-31; terça-feira ; 23:45:00 ; PR ;116;130; FAZENDA RIO GRANDE ; Acessar a via sem observar a presença dos outros veículos ; Atropelamento de Pedestre ; Com Vítimas Feridas ; Plena Noite ; Decrescente ; Céu Claro ; Dupla ; Reta ; Não ;2;0;0;1;1;0;1;1;-25,63927799;-49,31302988; SPRF-PR ; DEL01-PR ; UOP03-DEL01-PR 
502435;2023-01-31; terça-feira ; 22:20:00 ; PR ;376;221,5; ORTIGUEIRA ; Chuva ; Tombamento ; Com Vítimas Feridas ; Plena Noite ; Crescente ; Garoa/Chuvisco ; Simples ; Reta ; Não ;1;0;1;0;0;0;1;1;-24,03893912;-51,07955933; SPRF-PR ; DEL09-PR ; UOP01-DEL09-PR 
502438;2023-01-31; terça-feira ; 22:50:00 ; RJ ;101;118; CAMPOS DOS GOYTACAZES ; Velocidade Incompatível ; Colisão traseira ; Com Vítimas Feridas ; Plena Noite ; Crescente ; Céu Claro ; Dupla ; Reta ; Não ;2;0;1;0;1;0;1;2;-22,01462656;-41,67706468; SPRF-RJ ; DEL08-RJ ; UOP02-DEL08-RJ 
502449;2023-01-20; sexta-feira ; 20:10:00 ; PR ;277;535,7; IBEMA ; Desrespeitar a preferência no cruzamento ; Colisão transversal ; Com Vítimas Feridas ; Plena Noite ; Decrescente ; Nublado ; Simples ; Interseção de vias ; Sim ;2;0;1;0;1;0;1;2;-25,10716706;-52,99434897; SPRF-PR ; DEL04-PR ; UOP05-DEL04-PR 
502450;2023-01-31; terça-feira ; 23:40:00 ; MG ;381;265; TIMOTEO ; Ausência de reação do condutor ; Incêndio ; Sem Vítimas ; Plena Noite ; Decrescente ; Céu Claro ; Simples ; Reta ; Não ;1;0;0;0;1;0;0;1;-19,52569913;-42,66364497; SPRF-MG ; DEL03-MG ; UOP02-DEL03-MG 
502479;2023-01-22; domingo ; 07:00:00 ; GO ;60;454; JATAI ; Neblina ; Colisão traseira ; Com Vítimas Feridas ; Amanhecer ; Decrescente ; Nevoeiro/Neblina ; Dupla ; Curva ; Não ;2;0;1;0;0;1;1;2;-17,8614;-51,5611; SPRF-GO ; DEL05-GO ; UOP01-DEL05-GO 
502483;2023-01-17; terça-feira ; 16:20:00 ; MG ;50;123; UBERABA ; Condutor deixou de manter distância do veículo da frente ; Engavetamento ; Com Vítimas Feridas ; Pleno dia ; Decrescente ; Nublado ; Dupla ; Reta ; Não ;8;0;1;0;7;0;1;4;-19,33326318;-48,09913641; SPRF-MG ; DEL13-MG ; UOP01-DEL13-MG 
502492;2023-01-12; quinta-feira ; 12:30:00 ; DF ;20;49,1; BRASILIA ; Manobra de mudança de faixa ; Colisão traseira ; Com Vítimas Feridas ; Pleno dia ; Decrescente ; Nublado ; Dupla ; Não Informado ; Não ;3;0;0;2;1;0;2;2;-15,580705;-47,41259; SPRF-DF ; DEL02-DF ; UOP01-DEL02-DF 
502498;2023-01-31; terça-feira ; 05:00:00 ; RJ ;393;151; TRES RIOS ; Velocidade Incompatível ; Tombamento ; Com Vítimas Feridas ; Amanhecer ; Crescente ; Céu Claro ; Simples ; Curva ; Não ;1;0;1;0;0;0;1;1;-22,06019504;-43,02885795; SPRF-RJ ; DEL06-RJ ; UOP01-DEL06-RJ 
502515;2023-01-03; terça-feira ; 05:00:00 ; MG ;116;712,4; MURIAE ; Condutor Dormindo ; Colisão frontal ; Com Vítimas Feridas ; Amanhecer ; Crescente ; Céu Claro ; Simples ; Curva ; Não ;4;0;2;1;1;0;3;2;-21,19049794;-42,3684161; SPRF-MG ; DEL07-MG ; UOP02-DEL07-MG 
503008;2023-01-22; domingo ; 20:20:00 ; RS ;290;227,4; PANTANO GRANDE ; Ultrapassagem Indevida ; Colisão frontal ; Com Vítimas Fatais ; Plena Noite ; Decrescente ; Céu Claro ; Simples ; Reta ; Não ;2;1;0;0;1;0;0;2;-30,206095;-52,489033; SPRF-RS ; DEL02-RS ; UOP03-DEL02-RS 
503070;2023-01-27; sexta-feira ; 19:00:00 ; MS ;262;491,3; ANASTACIO ; Animais na Pista ; Saída de leito carroçável ; Com Vítimas Feridas ; Plena Noite ; Crescente ; Nublado ; Simples ; Reta ; Sim ;1;0;1;0;0;0;1;1;-20,50107013;-55,82486196; SPRF-MS ; DEL03-MS ; UOP01-DEL03-MS 
503276;2023-01-20; sexta-feira ; 23:15:00 ; PR ;376;103; SAO JOSE DOS PINHAIS ; Sinalização mal posicionada ; Colisão traseira ; Com Vítimas Feridas ; Plena Noite ; Decrescente ; Garoa/Chuvisco ; Simples ; Curva ; Não ;2;0;0;1;1;0;1;2;-25,57075895;-49,18374583; SPRF-PR ; DEL09-PR ; UOP02-DEL09-PR 
503278;2023-01-20; sexta-feira ; 17:10:00 ; SC ;280;56,5; GUARAMIRIM ; Condutor deixou de manter distância do veículo da frente ; Colisão traseira ; Com Vítimas Fatais ; Pleno dia ; Crescente ; Céu Claro ; Dupla ; Reta ; Não ;2;1;0;0;0;1;0;2;-26,47947677;-49,00298702; SPRF-SC ; DEL03-SC ; UOP03-DEL03-SC 
503463;2023-01-19; quinta-feira ; 02:20:00 ; PR ;153;9,7; JACAREZINHO ; Manobra de mudança de faixa ; Colisão frontal ; Com Vítimas Feridas ; Plena Noite ; Decrescente ; Céu Claro ; Simples ; Reta ; Não ;2;0;0;1;1;0;1;2;-23,06718709;-49,93251361; SPRF-PR ; DEL07-PR ; UOP04-DEL07-PR 
503526;2023-01-13; sexta-feira ; 15:50:00 ; SC ;282;195,3; LAGES ; Condutor deixou de manter distância do veículo da frente ; Colisão traseira ; Sem Vítimas ; Pleno dia ; Crescente ; Nublado ; Simples ; Não Informado ; Não ;4;0;0;0;3;1;0;3;-27,746756;-50,084789; SPRF-SC ; DEL05-SC ; UOP01-DEL05-SC 
503648;2023-01-27; sexta-feira ; 13:50:00 ; SC ;158;107; CUNHA PORA ; Acessar a via sem observar a presença dos outros veículos ; Tombamento ; Com Vítimas Feridas ; Pleno dia ; Decrescente ; Céu Claro ; Simples ; Não Informado ; Não ;3;0;1;0;2;0;1;3;-26,86864986;-53,16268086; SPRF-SC ; DEL07-SC ; UOP02-DEL07-SC 
503656;2023-01-26; quinta-feira ; 21:32:00 ; RS ;392;66,9; PELOTAS ; Desrespeitar a preferência no cruzamento ; Colisão transversal ; Com Vítimas Feridas ; Plena Noite ; Crescente ; Céu Claro ; Simples ; Rotatória ; Sim ;3;0;2;0;1;0;2;2;-31,7627503;-52,39165019; SPRF-RS ; DEL07-RS ; UOP01-DEL07-RS 
503674;2023-01-17; terça-feira ; 20:00:00 ; PA ;163;402; ITAITUBA ; Curva acentuada ; Tombamento ; Com Vítimas Feridas ; Plena Noite ; Decrescente ; Garoa/Chuvisco ; Simples ; Curva ; Não ;1;0;1;0;0;0;1;1;-6,28076292;-55,59574744; SPRF-PA ; DEL05-PA ; UOP01-DEL05-PA 
503681;2023-01-21; sábado ; 05:20:00 ; SC ;470;250,8; CURITIBANOS ; Transitar na contramão ; Colisão frontal ; Com Vítimas Fatais ; Amanhecer ; Crescente ; Céu Claro ; Simples ; Reta ; Não ;5;4;1;0;0;0;1;2;-27,3121834;-50,5951378; SPRF-SC ; DEL05-SC ; UOP03-DEL05-SC 
503737;2023-01-31; terça-feira ; 22:00:00 ; PR ;277;322; GUARAPUAVA ; Ultrapassagem Indevida ; Colisão frontal ; Com Vítimas Fatais ; Plena Noite ; Crescente ; Chuva ; Dupla ; Reta ; Sim ;7;1;1;0;5;0;1;3;-25,35708881;-51,23746716; SPRF-PR ; DEL08-PR ; UOP01-DEL08-PR 
503764;2023-01-03; terça-feira ; 14:20:00 ; RS ;386;409,3; TRIUNFO ; Condutor deixou de manter distância do veículo da frente ; Colisão traseira ; Com Vítimas Feridas ; Pleno dia ; Decrescente ; Céu Claro ; Dupla ; Não Informado ; Sim ;2;0;1;0;1;0;1;2;-29,796766;-51,527248; SPRF-RS ; DEL01-RS ; UOP01-DEL01-RS 
503811;2023-01-31; terça-feira ; 23:20:00 ; MG ;381;403; BOM JESUS DO AMPARO ; Manobra de mudança de faixa ; Colisão lateral mesmo sentido ; Com Vítimas Feridas ; Plena Noite ; Decrescente ; Céu Claro ; Dupla ; Reta ; Sim ;3;0;1;0;2;0;1;2;-19,738091;-43,510637; SPRF-MG ; DEL01-MG ; UOP01-DEL01-MG 
503866;2023-01-25; quarta-feira ; 06:30:00 ; PR ;277;226; FERNANDES PINHEIRO ; Condutor deixou de manter distância do veículo da frente ; Colisão traseira ; Com Vítimas Feridas ; Pleno dia ; Decrescente ; Céu Claro ; Simples ; Reta ; Não ;8;0;7;0;1;0;7;2;-25,45787055;-50,43363476; SPRF-PR ; DEL08-PR ; UOP02-DEL08-PR 
503869;2023-01-23; segunda-feira ; 18:00:00 ; MG ;365;26,2; MONTES CLAROS ; Chuva ; Colisão frontal ; Com Vítimas Fatais ; Anoitecer ; Crescente ; Chuva ; Simples ; Reta ; Não ;3;1;0;0;2;0;0;2;-16,85144573;-44,06967486; SPRF-MG ; DEL12-MG ; UOP01-DEL12-MG 
503996;2023-01-31; terça-feira ; 01:20:00 ; RJ ;116;310; RESENDE ; Acessar a via sem observar a presença dos outros veículos ; Colisão frontal ; Com Vítimas Feridas ; Plena Noite ; Crescente ; Nublado ; Simples ; Não Informado ; Sim ;2;0;0;1;1;0;1;2;-22,458555;-44,43081; SPRF-RJ ; DEL07-RJ ; UOP02-DEL07-RJ 
504044;2023-01-04; quarta-feira ; 10:21:00 ; PR ;476;117,8; COLOMBO ; Condutor deixou de manter distância do veículo da frente ; Colisão traseira ; Com Vítimas Feridas ; Pleno dia ; Crescente ; Chuva ; Dupla ; Reta ; Sim ;3;0;1;0;2;0;1;3;-25,34884496;-49,17034149; SPRF-PR ; DEL01-PR ; UOP01-DEL01-PR 
504071;2023-01-29; domingo ; 18:30:00 ; PA ;316;60; CASTANHAL ; Pista Escorregadia ; Queda de ocupante de veículo ; Com Vítimas Fatais ; Plena Noite ; Decrescente ; Chuva ; Dupla ; Reta ; Sim ;3;1;0;0;1;1;0;2;-1,29772957;-47,95528793; SPRF-PA ; DEL01-PA ; UOP01-DEL01-PA 
504136;2023-01-25; quarta-feira ; 06:40:00 ; SP ;116;146,4; SAO JOSE DOS CAMPOS ; Condutor deixou de manter distância do veículo da frente ; Engavetamento ; Com Vítimas Feridas ; Amanhecer ; Crescente ; Céu Claro ; Dupla ; Reta ; Sim ;6;0;3;0;3;0;3;4;-23,19122919;-45,86327591; SPRF-SP ; DEL02-SP ; UOP01-DEL02-SP 
504186;2023-01-21; sábado ; 13:55:00 ; PE ;104;64; CARUARU ; Avarias e/ou desgaste excessivo no pneu ; Tombamento ; Com Vítimas Feridas ; Pleno dia ; Crescente ; Céu Claro ; Dupla ; Não Informado ; Sim ;2;0;1;0;0;1;1;1;-8,2783;-35,9815; SPRF-PE ; DEL02-PE ; UOP01-DEL02-PE 
504228;2023-01-16; segunda-feira ; 13:59:00 ; TO ;153;345; FORTALEZA DO TABOCAO ; Reação tardia ou ineficiente do condutor ; Saída de leito carroçável ; Com Vítimas Feridas ; Pleno dia ; Crescente ; Céu Claro ; Simples ; Reta ; Não ;4;0;1;0;3;0;1;1;-8,93568917;-48,50773634; SPRF-TO ; DEL02-TO ; UOP02-DEL02-TO 
504232;2023-01-29; domingo ; 23:00:00 ; SC ;153;1; AGUA DOCE ; Reação tardia ou ineficiente do condutor ; Saída de leito carroçável ; Com Vítimas Feridas ; Plena Noite ; Decrescente ; Ignorado ; Simples ; Curva ; Não ;2;0;2;0;0;0;2;1;-26,612688;-51,494854; SPRF-SC ; DEL07-SC ; UOP07-DEL07-SC 
504252;2023-01-26; quinta-feira ; 16:45:00 ; BA ;330;788,8; JEQUIE ; Acessar a via sem observar a presença dos outros veículos ; Colisão transversal ; Com Vítimas Feridas ; Pleno dia ; Decrescente ; Céu Claro ; Simples ; Reta ; Não ;3;0;0;1;1;1;1;2;-13,88803096;-40,02893197; SPRF-BA ; DEL03-BA ; UOP01-DEL03-BA 
504262;2023-01-02; segunda-feira ; 21:00:00 ; RN ;101;139,9; ARES ; Condutor deixou de manter distância do veículo da frente ; Colisão traseira ; Com Vítimas Feridas ; Plena Noite ; Crescente ; Céu Claro ; Dupla ; Reta ; Não ;2;0;1;0;1;0;1;2;-6,200842;-35,214205; SPRF-RN ; DEL01-RN ; UOP01-DEL01-RN 
504280;2023-01-28; sábado ; 13:40:00 ; MG ;251;477,7; FRANCISCO SA ; Condutor deixou de manter distância do veículo da frente ; Colisão traseira ; Com Vítimas Fatais ; Pleno dia ; Decrescente ; Nublado ; Simples ; Reta ; Não ;2;1;0;0;0;1;0;2;-16,468982;-43,48431; SPRF-MG ; DEL12-MG ; UOP01-DEL12-MG 
504308;2023-01-30; segunda-feira ; 20:30:00 ; CE ;222;31; CAUCAIA ; Frear bruscamente ; Tombamento ; Com Vítimas Feridas ; Plena Noite ; Decrescente ; Céu Claro ; Dupla ; Reta ; Não ;1;0;0;1;0;0;1;1;-3,71019947;-38,82872412; SPRF-CE ; DEL01-CE ; UOP01-DEL01-CE 
504333;2023-01-22; domingo ; 02:00:00 ; MA ;135;321,3; DOM PEDRO ; Ausência de reação do condutor ; Tombamento ; Sem Vítimas ; Plena Noite ; Decrescente ; Nublado ; Simples ; Não Informado ; Não ;2;0;0;0;1;1;0;1;-5,10474387;-44,40216065; SPRF-MA ; DEL03-MA ; UOP01-DEL03-MA 
504446;2023-01-20; sexta-feira ; 14:20:00 ; MT ;163;1004; TERRA NOVA DO NORTE ; Acessar a via sem observar a presença dos outros veículos ; Tombamento ; Com Vítimas Feridas ; Pleno dia ; Decrescente ; Céu Claro ; Simples ; Reta ; Não ;1;0;1;0;0;0;1;1;-10,58824596;-55,09321322; SPRF-MT ; DEL06-MT ; UOP03-DEL06-MT 
504658;2023-01-31; terça-feira ; 20:10:00 ; PR ;163;52; PRANCHITA ; Iluminação deficiente ; Colisão traseira ; Com Vítimas Feridas ; Plena Noite ; Crescente ; Céu Claro ; Simples ; Não Informado ; Não ;3;0;2;0;1;0;2;2;-25,96681899;-53,72229007; SPRF-PR ; DEL02-PR ; UOP02-DEL02-PR 
504667;2023-01-23; segunda-feira ; 19:50:00 ; ES ;101;457; MIMOSO DO SUL ; Acessar a via sem observar a presença dos outros veículos ; Colisão transversal ; Com Vítimas Feridas ; Plena Noite ; Crescente ; Céu Claro ; Simples ; Interseção de vias ; Não ;3;0;0;1;2;0;1;2;-21,19404508;-41,29778404; SPRF-ES ; DEL03-ES ; UOP02-DEL03-ES 
505031;2023-01-25; quarta-feira ; 17:30:00 ; RJ ;101;293; ITABORAI ; Ausência de reação do condutor ; Engavetamento ; Com Vítimas Feridas ; Anoitecer ; Crescente ; Céu Claro ; Dupla ; Viaduto ; Não ;6;0;3;0;3;0;3;4;-22,756203;-42,88724; SPRF-RJ ; DEL02-RJ ; UOP02-DEL02-RJ 
505100;2023-01-30; segunda-feira ; 15:11:00 ; PE ;101;65; RECIFE ; Manobra de mudança de faixa ; Colisão traseira ; Com Vítimas Feridas ; Pleno dia ; Decrescente ; Céu Claro ; Dupla ; Reta ; Sim ;3;0;1;0;2;0;1;2;-8,02478597;-34,94276635; SPRF-PE ; DEL01-PE ; UOP01-DEL01-PE 
505109;2023-01-27; sexta-feira ; 20:30:00 ; AM ;174;1064; PRESIDENTE FIGUEIREDO ; Manobra de mudança de faixa ; Colisão frontal ; Com Vítimas Feridas ; Plena Noite ; Crescente ; Céu Claro ; Simples ; Reta ; Não ;4;0;4;0;0;0;4;2;-1,472094;-60,277462; SPRF-AM ; N/A ; UOP02-DEL01-AM 
505250;2023-01-26; quinta-feira ; 14:45:00 ; RS ;470;231,2; CARLOS BARBOSA ; Reação tardia ou ineficiente do condutor ; Colisão transversal ; Com Vítimas Feridas ; Pleno dia ; Crescente ; Nublado ; Dupla ; Reta ; Sim ;2;0;1;0;1;0;1;2;-29,23579206;-51,51193423; SPRF-RS ; DEL06-RS ; UOP01-DEL06-RS 
505305;2023-01-22; domingo ; 11:25:00 ; SP ;153;168,6; GUAICARA ; Manobra de mudança de faixa ; Colisão frontal ; Com Vítimas Fatais ; Pleno dia ; Crescente ; Céu Claro ; Simples ; Não Informado ; Não ;4;1;0;0;3;0;0;3;-21,57925698;-49,7840404; SPRF-SP ; DEL07-SP ; UOP01-DEL07-SP 
505440;2023-01-27; sexta-feira ; 04:30:00 ; BA ;116;495; RAFAEL JAMBEIRO ; Acessar a via sem observar a presença dos outros veículos ; Colisão transversal ; Com Vítimas Feridas ; Plena Noite ; Decrescente ; Céu Claro ; Simples ; Interseção de vias ; Não ;4;0;1;1;2;0;2;2;-12,56913026;-39,49062787; SPRF-BA ; DEL02-BA ; UOP01-DEL02-BA 
505489;2023-01-27; sexta-feira ; 23:15:00 ; MG ;381;652; SANTO ANTONIO DO AMPARO ; Problema com o freio ; Incêndio ; Sem Vítimas ; Plena Noite ; Crescente ; Chuva ; Dupla ; Reta ; Não ;1;0;0;0;1;0;0;1;-20,98384831;-44,94479972; SPRF-MG ; DEL04-MG ; UOP02-DEL04-MG 
505596;2023-01-16; segunda-feira ; 19:30:00 ; MT ;163;561; DIAMANTINO ; Chuva ; Tombamento ; Com Vítimas Feridas ; Plena Noite ; Decrescente ; Chuva ; Simples ; Não Informado ; Não ;1;0;0;1;0;0;1;1;-14,23218537;-56,11056372; SPRF-MT ; DEL01-MT ; UOP01-DEL01-MT 
505711;2023-01-17; terça-feira ; 19:45:00 ; MG ;40;446,3; PARAOPEBA ; Pedestre cruzava a pista fora da faixa ; Atropelamento de Pedestre ; Com Vítimas Feridas ; Plena Noite ; Decrescente ; Céu Claro ; Dupla ; Reta ; Não ;2;0;0;1;1;0;1;1;-19,28815;-44,392; SPRF-MG ; DEL02-MG ; UOP01-DEL02-MG 
497487;2023-01-05; quinta-feira ; 21:00:00 ; SC ;470;60; BLUMENAU ; Ingestão de álcool e/ou substâncias psicoativas pelo pedestre ; Atropelamento de Pedestre ; Com Vítimas Feridas ; Plena Noite ; Crescente ; Ignorado ; Dupla ; Não Informado ; Sim ;2;0;0;1;1;0;1;2;-26,88138;-49,164543; SPRF-SC ; DEL04-SC ; UOP01-DEL04-SC 
498117;2023-01-09; segunda-feira ; 01:50:00 ; BA ;324;442,7; RIACHAO DO JACUIPE ; Ingestão de álcool pelo condutor ; Colisão frontal ; Com Vítimas Fatais ; Plena Noite ; Decrescente ; Céu Claro ; Simples ; Não Informado ; Não ;3;1;0;0;1;1;0;3;-11,82877428;-39,36212626; SPRF-BA ; DEL02-BA ; UOP01-DEL02-BA 