 id ; data_inversa ; dia_semana ; horario ; uf ; br ; km ; municipio ; causa_acidente ; tipo_acidente ; classificacao_acidente ; fase_dia ; sentido_via ; condicao_metereologica ; tipo_pista ; tracado_via ; uso_solo ; pessoas ; mortos ; feridos_leves ; feridos_graves ; ilesos ; ignorados ; feridos ; veiculos ; latitude ; longitude ; regional ; delegacia ; uop 
499916;2023-01-18; quarta-feira ; 11:15:00 ; RO ;364;400,9; OURO PRETO DO OESTE ; Ultrapassagem Indevida ; Colisão frontal ; Com Vítimas Feridas ; Pleno dia ; Crescente ; Céu Claro ; Simples ; Reta ; Não ;3;0;1;0;2;0;1;3;-10,6037419;-62,34299189; SPRF-RO ; DEL03-RO ; UOP02-DEL03-RO 
500894;2023-01-24; terça-feira ; 15:20:00 ; RJ ;101;308,4; SAO GONCALO ; Ausência de reação do condutor ; Colisão traseira ; Com Vítimas Feridas ; Pleno dia ; Crescente ; Nublado ; Dupla ; Reta ; Sim ;2;0;1;0;1;0;1;2;-22,79309326;-43,02479595; SPRF-RJ ; DEL02-RJ ; UOP02-DEL02-RJ 
501002;2023-01-21; sábado ; 16:00:00 ; SC ;101;284,8; IMBITUBA ; Carga excessiva e/ou mal acondicionada ; Atropelamento de Pedestre ; Com Vítimas Feridas ; Pleno dia ; Crescente ; Sol ; Dupla ; Curva ; Não ;2;0;1;0;1;0;1;2;-28,23624684;-48,70092273; SPRF-SC ; DEL02-SC ; UOP03-DEL02-SC 
501106;2023-01-21; sábado ; 09:55:00 ; MG ;381;544; ITATIAIUCU ; Condutor Dormindo ; Colisão traseira ; Sem Vítimas ; Pleno dia ; Crescente ; Chuva ; Dupla ; Reta ; Não ;2;0;0;0;1;1;0;2;-20,28193579;-44,42882633; SPRF-MG ; DEL04-MG ; UOP03-DEL04-MG 
501615;2023-01-27; sexta-feira ; 21:40:00 ; MG ;267;161,8; LIMA DUARTE ; Ingestão de álcool pelo condutor ; Colisão frontal ; Com Vítimas Feridas ; Plena Noite ; Decrescente ; Chuva ; Simples ; Reta ; Não ;7;0;2;2;1;2;4;3;-21,8462762;-43,79762289; SPRF-MG ; DEL05-MG ; UOP01-DEL05-MG 
496506;2023-01-01; domingo ; 00:15:00 ; MG ;116;587; MANHUACU ; Ingestão de álcool pelo condutor ; Tombamento ; Com Vítimas Feridas ; Plena Noite ; Crescente ; Nublado ; Simples ; Reta ; Sim ;1;0;1;0;0;0;1;1;-20,24173903;-42,15868042; SPRF-MG ; DEL06-MG ; UOP03-DEL06-MG 
496507;2023-01-01; domingo ; 00:20:00 ; MG ;381;686,5; LAVRAS ; Demais falhas mecânicas ou elétricas ; Capotamento ; Com Vítimas Feridas ; Pleno dia ; Decrescente ; Garoa/Chuvisco ; Dupla ; Curva ; Não ;1;0;1;0;0;0;1;1;-21,17928973;-45,12256622; SPRF-MG ; DEL04-MG ; UOP02-DEL04-MG 
496512;2023-01-01; domingo ; 00:55:00 ; RS ;386;353,2; ESTRELA ; Velocidade Incompatível ; Saída de leito carroçável ; Com Vítimas Feridas ; Plena Noite ; Decrescente ; Céu Claro ; Múltipla ; Reta ; Não ;5;0;0;5;0;0;5;1;-29,50160055;-51,94784403; SPRF-RS ; DEL04-RS ; UOP02-DEL04-RS 
496513;2023-01-01; domingo ; 00:20:00 ; SE ;235;6; NOSSA SENHORA DO SOCORRO ; Ingestão de álcool pelo condutor ; Colisão com objeto ; Com Vítimas Feridas ; Plena Noite ; Decrescente ; Chuva ; Dupla ; Reta ; Não ;2;0;0;2;0;0;2;1;-10,903851;-37,128677; SPRF-SE ; DEL01-SE ; UOP01-DEL01-SE 
496515;2023-01-01; domingo ; 00:15:00 ; PR ;376;617; SAO JOSE DOS PINHAIS ; Reação tardia ou ineficiente do condutor ; Colisão traseira ; Com Vítimas Feridas ; Plena Noite ; Crescente ; Céu Claro ; Simples ; Reta ; Não ;5;0;2;0;2;1;2;2;-25,58426494;-49,17618795; SPRF-PR ; DEL01-PR ; UOP04-DEL01-PR 
496516;2023-01-01; domingo ; 01:05:00 ; MG ;50;202; DELTA ; Avarias e/ou desgaste excessivo no pneu ; Tombamento ; Com Vítimas Feridas ; Plena Noite ; Decrescente ; Céu Claro ; Dupla ; Reta ; Não ;2;0;2;0;0;0;2;1;-19,92627147;-47,82191068; SPRF-MG ; DEL13-MG ; UOP01-DEL13-MG 
496517;2023-01-01; domingo ; 01:20:00 ; SP ;153;49; SAO JOSE DO RIO PRETO ; Demais falhas na via ; Tombamento ; Com Vítimas Feridas ; Amanhecer ; Decrescente ; Céu Claro ; Simples ; Reta ; Não ;1;0;1;0;0;0;1;1;-20,699442;-49,339495; SPRF-SP ; DEL09-SP ; UOP01-DEL09-SP 
496521;2023-01-01; domingo ; 01:00:00 ; ES ;101;270,6; SERRA ; Ausência de reação do condutor ; Queda de ocupante de veículo ; Com Vítimas Feridas ; Plena Noite ; Decrescente ; Céu Claro ; Múltipla ; Reta ; Sim ;2;0;0;2;0;0;2;1;-20,22662056;-40,27075088; SPRF-ES ; DEL02-ES ; UOP01-DEL02-ES 
496522;2023-01-01; domingo ; 01:40:00 ; ES ;101;299,9; VIANA ; Pedestre andava na pista ; Atropelamento de Pedestre ; Com Vítimas Fatais ; Plena Noite ; Crescente ; Céu Claro ; Múltipla ; Reta ; Sim ;4;2;0;0;1;1;0;2;-20,35860628;-40,42327504; SPRF-ES ; DEL01-ES ; UOP01-DEL01-ES 
496524;2023-01-01; domingo ; 02:20:00 ; SC ;101;408; ARARANGUA ; Ingestão de álcool pelo condutor ; Saída de leito carroçável ; Com Vítimas Feridas ; Plena Noite ; Crescente ; Céu Claro ; Simples ; Curva ; Não ;1;0;1;0;0;0;1;1;-28,90746181;-49,48048824; SPRF-SC ; DEL02-SC ; UOP02-DEL02-SC 
496525;2023-01-01; domingo ; 02:50:00 ; RJ ;116;172; RIO DE JANEIRO ; Ingestão de álcool pelo condutor ; Colisão transversal ; Com Vítimas Feridas ; Plena Noite ; Crescente ; Garoa/Chuvisco ; Múltipla ; Reta ; Sim ;4;0;2;0;2;0;2;2;-22,80373852;-43,34717989; SPRF-RJ ; DEL01-RJ ; UOP02-DEL01-RJ 
496526;2023-01-01; domingo ; 02:10:00 ; MT ;163;1056; MATUPA ; Reação tardia ou ineficiente do condutor ; Saída de leito carroçável ; Com Vítimas Feridas ; Plena Noite ; Crescente ; Nevoeiro/Neblina ; Simples ; Reta ; Não ;1;0;1;0;0;0;1;1;-10,16007133;-54,93469767; SPRF-MT ; DEL06-MT ; UOP03-DEL06-MT 
496527;2023-01-01; domingo ; 03:30:00 ; PE ;232;21; MORENO ; Acumulo de água sobre o pavimento ; Saída de leito carroçável ; Com Vítimas Feridas ; Amanhecer ; Decrescente ; Chuva ; Dupla ; Reta ; Não ;2;0;2;0;0;0;2;1;-8,09580234;-35,08012588; SPRF-PE ; DEL01-PE ; UOP01-DEL01-PE 
496528;2023-01-01; domingo ; 03:16:00 ; SC ;101;202; SAO JOSE ; Ingestão de álcool pelo condutor ; Colisão traseira ; Sem Vítimas ; Plena Noite ; Decrescente ; Céu Claro ; Múltipla ; Curva ; Sim ;4;0;0;0;4;0;0;2;-27,55711595;-48,61897889; SPRF-SC ; DEL01-SC ; UOP01-DEL01-SC 
496530;2023-01-01; domingo ; 03:30:00 ; PR ;277;586,9; CASCAVEL ; Reação tardia ou ineficiente do condutor ; Colisão com objeto ; Com Vítimas Feridas ; Plena Noite ; Decrescente ; Céu Claro ; Simples ; Curva ; Sim ;1;0;1;0;0;0;1;1;-24,9649472;-53,4210459; SPRF-PR ; DEL04-PR ; UOP01-DEL04-PR 
496531;2023-01-01; domingo ; 03:33:00 ; PR ;277;41; MORRETES ; Reação tardia ou ineficiente do condutor ; Queda de ocupante de veículo ; Com Vítimas Feridas ; Plena Noite ; Decrescente ; Céu Claro ; Dupla ; Não Informado ; Não ;2;0;2;0;0;0;2;1;-25,581;-48,877; SPRF-PR ; DEL01-PR ; UOP01-DEL01-PR 
496533;2023-01-01; domingo ; 03:30:00 ; SC ;101;252,2; PAULO LOPES ; Condutor Dormindo ; Saída de leito carroçável ; Com Vítimas Feridas ; Plena Noite ; Decrescente ; Céu Claro ; Dupla ; Curva ; Sim ;2;0;1;1;0;0;2;1;-27,95672412;-48,6767588; SPRF-SC ; DEL02-SC ; UOP03-DEL02-SC 
496534;2023-01-01; domingo ; 01:30:00 ; RJ ;356;72; ITALVA ; Animais na Pista ; Atropelamento de Animal ; Com Vítimas Fatais ; Plena Noite ; Crescente ; Céu Claro ; Simples ; Reta ; Não ;1;1;0;0;0;0;0;1;-21,39690599;-41,69222213; SPRF-RJ ; DEL08-RJ ; UOP03-DEL08-RJ 
496535;2023-01-01; domingo ; 04:40:00 ; PR ;277;227; FERNANDES PINHEIRO ; Transitar na contramão ; Colisão frontal ; Com Vítimas Fatais ; Amanhecer ; Crescente ; Céu Claro ; Simples ; Reta ; Não ;2;1;1;0;0;0;1;2;-25,466762;-50,51163; SPRF-PR ; DEL08-PR ; UOP02-DEL08-PR 
496536;2023-01-01; domingo ; 03:45:00 ; RS ;116;264; CANOAS ; Ingestão de álcool e/ou substâncias psicoativas pelo pedestre ; Colisão com objeto ; Sem Vítimas ; Plena Noite ; Decrescente ; Céu Claro ; Múltipla ; Reta ; Sim ;1;0;0;0;1;0;0;1;-29,914435;-51,17754495; SPRF-RS ; DEL01-RS ; UOP01-DEL01-RS 
496537;2023-01-01; domingo ; 03:30:00 ; SC ;101;159; PORTO BELO ; Ausência de reação do condutor ; Colisão com objeto ; Com Vítimas Feridas ; Plena Noite ; Crescente ; Nublado ; Dupla ; Reta ; Não ;1;0;1;0;0;0;1;1;-27,1998778;-48,61534236; SPRF-SC ; DEL04-SC ; UOP03-DEL04-SC 
496538;2023-01-01; domingo ; 03:00:00 ; PA ;316;119,8; SANTA MARIA DO PARA ; Ausência de reação do condutor ; Colisão transversal ; Com Vítimas Fatais ; Plena Noite ; Crescente ; Céu Claro ; Simples ; Reta ; Não ;2;1;0;1;0;0;1;2;-1,31062901;-47,443276; SPRF-PA ; DEL01-PA ; UOP02-DEL01-PA 
496540;2023-01-01; domingo ; 03:30:00 ; RS ;116;195; PICADA CAFE ; Reação tardia ou ineficiente do condutor ; Colisão com objeto ; Com Vítimas Feridas ; Plena Noite ; Decrescente ; Céu Claro ; Simples ; Reta ; Sim ;3;0;1;0;2;0;1;1;-29,460423;-51,139767; SPRF-RS ; DEL05-RS ; UOP02-DEL05-RS 
496541;2023-01-01; domingo ; 03:30:00 ; MG ;50;79; UBERLANDIA ; Animais na Pista ; Atropelamento de Animal ; Com Vítimas Feridas ; Plena Noite ; Decrescente ; Nublado ; Dupla ; Reta ; Sim ;2;0;2;0;0;0;2;1;-18,986906;-48,211853; SPRF-MG ; DEL15-MG ; UOP01-DEL15-MG 
496542;2023-01-01; domingo ; 05:20:00 ; SP ;116;157,6; SAO JOSE DOS CAMPOS ; Avarias e/ou desgaste excessivo no pneu ; Saída de leito carroçável ; Com Vítimas Feridas ; Amanhecer ; Decrescente ; Céu Claro ; Múltipla ; Reta ; Sim ;2;0;2;0;0;0;2;1;-23,25558031;-45,9437828; SPRF-SP ; DEL02-SP ; UOP01-DEL02-SP 
496545;2023-01-01; domingo ; 05:30:00 ; SP ;116;296; ITAPECERICA DA SERRA ; Velocidade Incompatível ; Capotamento ; Com Vítimas Feridas ; Amanhecer ; Crescente ; Nevoeiro/Neblina ; Dupla ; Reta ; Não ;1;0;1;0;0;0;1;1;-23,775485;-46,914416; SPRF-SP ; DEL04-SP ; UOP01-DEL04-SP 
496546;2023-01-01; domingo ; 06:10:00 ; CE ;222;4; CAUCAIA ; Condutor Dormindo ; Saída de leito carroçável ; Com Vítimas Feridas ; Pleno dia ; Crescente ; Nublado ; Múltipla ; Reta ; Sim ;1;0;1;0;0;0;1;1;-3,74164754;-38,60449792; SPRF-CE ; DEL01-CE ; UOP01-DEL01-CE 
496548;2023-01-01; domingo ; 02:00:00 ; AM ;319;740; HUMAITA ; Ingestão de álcool pelo condutor ; Atropelamento de Pedestre ; Com Vítimas Fatais ; Plena Noite ; Decrescente ; Céu Claro ; Simples ; Reta ; Não ;2;1;1;0;0;0;1;1;-7,95332769;-63,36137507; SPRF-AM ; N/A ; UOP05-DEL01-AM 
496549;2023-01-01; domingo ; 05:00:00 ; PA ;163;982; SANTAREM ; Acessar a via sem observar a presença dos outros veículos ; Colisão traseira ; Com Vítimas Feridas ; Amanhecer ; Crescente ; Ignorado ; Simples ; Reta ; Sim ;2;0;0;1;0;1;1;2;-2,6226074;-54,73532058; SPRF-PA ; DEL05-PA ; UOP01-DEL05-PA 
496550;2023-01-01; domingo ; 05:40:00 ; BA ;101;172; FEIRA DE SANTANA ; Ausência de reação do condutor ; Saída de leito carroçável ; Com Vítimas Fatais ; Amanhecer ; Crescente ; Céu Claro ; Simples ; Não Informado ; Não ;1;1;0;0;0;0;0;1;-12,36620293;-38,86819124; SPRF-BA ; DEL01-BA ; UOP03-DEL01-BA 
496551;2023-01-01; domingo ; 06:00:00 ; SP ;116;269,7; TABOAO DA SERRA ; Velocidade Incompatível ; Colisão com objeto ; Com Vítimas Feridas ; Amanhecer ; Crescente ; Nublado ; Dupla ; Curva ; Sim ;1;0;1;0;0;0;1;1;-23,61593059;-46,78826044; SPRF-SP ; DEL04-SP ; UOP01-DEL04-SP 
496554;2023-01-01; domingo ; 04:10:00 ; ES ;101;422,8; ATILIO VIVACQUA ; Reação tardia ou ineficiente do condutor ; Saída de leito carroçável ; Com Vítimas Feridas ; Amanhecer ; Decrescente ; Nublado ; Simples ; Curva ; Não ;1;0;1;0;0;0;1;1;-20,98070633;-41,11625915; SPRF-ES ; DEL03-ES ; UOP02-DEL03-ES 
496556;2023-01-01; domingo ; 06:00:00 ; DF ;40;0,5; BRASILIA ; Ingestão de álcool pelo condutor ; Colisão com objeto ; Com Vítimas Feridas ; Amanhecer ; Crescente ; Céu Claro ; Dupla ; Não Informado ; Não ;1;0;0;1;0;0;1;1;-15,976897;-47,990129; SPRF-DF ; DEL01-DF ; UOP01-DEL01-DF 
496557;2023-01-01; domingo ; 00:45:00 ; MG ;381;6; BETIM ; Ingestão de álcool pelo condutor ; Colisão com objeto ; Sem Vítimas ; Plena Noite ; Crescente ; Garoa/Chuvisco ; Dupla ; Não Informado ; Não ;1;0;0;0;0;1;0;1;-19,96825;-44,198708; SPRF-MG ; DEL01-MG ; UOP03-DEL01-MG 
496558;2023-01-01; domingo ; 07:00:00 ; PE ;232;11; JABOATAO DOS GUARARAPES ; Reação tardia ou ineficiente do condutor ; Atropelamento de Pedestre ; Com Vítimas Feridas ; Pleno dia ; Decrescente ; Céu Claro ; Dupla ; Curva ; Sim ;2;0;0;1;0;1;1;1;-8,082244;-34,993707; SPRF-PE ; DEL01-PE ; UOP01-DEL01-PE 
496559;2023-01-01; domingo ; 05:50:00 ; MG ;381;433; SABARA ; Velocidade Incompatível ; Colisão frontal ; Com Vítimas Feridas ; Amanhecer ; Decrescente ; Nublado ; Simples ; Curva ; Não ;7;0;7;0;0;0;7;2;-19,79269213;-43,74585386; SPRF-MG ; DEL01-MG ; UOP01-DEL01-MG 
496560;2023-01-01; domingo ; 02:00:00 ; MG ;50;63; UBERLANDIA ; Estacionar ou parar em local proibido ; Colisão traseira ; Com Vítimas Feridas ; Plena Noite ; Decrescente ; Garoa/Chuvisco ; Dupla ; Reta ; Não ;2;0;0;1;0;1;1;2;-18,84456304;-48,25306892; SPRF-MG ; DEL15-MG ; UOP02-DEL15-MG 
496561;2023-01-01; domingo ; 04:40:00 ; MG ;50;61; UBERLANDIA ; Ingestão de álcool pelo condutor ; Saída de leito carroçável ; Sem Vítimas ; Plena Noite ; Decrescente ; Garoa/Chuvisco ; Dupla ; Retorno Regulamentado ; Não ;2;0;0;0;2;0;0;1;-18,818608;-48,249929; SPRF-MG ; DEL15-MG ; UOP02-DEL15-MG 
496562;2023-01-01; domingo ; 01:00:00 ; MG ;251;307; SALINAS ; Ingestão de álcool pelo condutor ; Tombamento ; Com Vítimas Feridas ; Plena Noite ; Crescente ; Céu Claro ; Simples ; Reta ; Não ;2;0;1;0;1;0;1;1;-16,13437689;-42,29354318; SPRF-MG ; DEL11-MG ; UOP02-DEL11-MG 
496563;2023-01-01; domingo ; 06:50:00 ; RS ;290;92; PORTO ALEGRE ; Ausência de reação do condutor ; Saída de leito carroçável ; Com Vítimas Feridas ; Pleno dia ; Crescente ; Céu Claro ; Simples ; Curva ; Não ;1;0;1;0;0;0;1;1;-29,97062439;-51,18249178; SPRF-RS ; DEL01-RS ; UOP01-DEL01-RS 
496564;2023-01-01; domingo ; 06:47:00 ; RJ ;101;307; SAO GONCALO ; Ausência de reação do condutor ; Queda de ocupante de veículo ; Com Vítimas Fatais ; Amanhecer ; Decrescente ; Céu Claro ; Dupla ; Reta ; Sim ;1;1;0;0;0;0;0;1;-22,79115777;-43,01514205; SPRF-RJ ; DEL02-RJ ; UOP02-DEL02-RJ 
496565;2023-01-01; domingo ; 06:10:00 ; RO ;364;697; PORTO VELHO ; Ingestão de álcool pelo condutor ; Colisão com objeto ; Com Vítimas Feridas ; Pleno dia ; Decrescente ; Céu Claro ; Dupla ; Curva ; Não ;1;0;1;0;0;0;1;1;-8,80365395;-63,74956369; SPRF-RO ; DEL01-RO ; UOP01-DEL01-RO 
496567;2023-01-01; domingo ; 06:30:00 ; SC ;282;256; SAO JOSE DO CERRITO ; Condutor Dormindo ; Saída de leito carroçável ; Com Vítimas Feridas ; Amanhecer ; Decrescente ; Sol ; Simples ; Não Informado ; Sim ;5;0;1;0;4;0;1;1;-27,67211;-50,581013; SPRF-SC ; DEL05-SC ; UOP02-DEL05-SC 
496568;2023-01-01; domingo ; 07:20:00 ; MG ;381;480; BETIM ; Entrada inopinada do pedestre ; Atropelamento de Pedestre ; Com Vítimas Feridas ; Pleno dia ; Crescente ; Céu Claro ; Dupla ; Não Informado ; Não ;2;0;0;1;0;1;1;1;-19,95749597;-44,07899901; SPRF-MG ; DEL01-MG ; UOP03-DEL01-MG 
496569;2023-01-01; domingo ; 05:45:00 ; RN ;405;75,4; APODI ; Reação tardia ou ineficiente do condutor ; Colisão traseira ; Com Vítimas Feridas ; Amanhecer ; Crescente ; Sol ; Dupla ; Reta ; Sim ;2;0;0;1;1;0;1;2;-5,6430151;-37,79996162; SPRF-RN ; DEL04-RN ; UOP02-DEL04-RN 
496570;2023-01-01; domingo ; 07:40:00 ; DF ;20;5; BRASILIA ; Ausência de reação do condutor ; Saída de leito carroçável ; Sem Vítimas ; Pleno dia ; Decrescente ; Céu Claro ; Dupla ; Reta ; Sim ;2;0;0;0;1;1;0;1;-15,670546;-47,816044; SPRF-DF ; DEL02-DF ; UOP01-DEL02-DF 
496571;2023-01-01; domingo ; 06:00:00 ; RJ ;101;514,7; ANGRA DOS REIS ; Curva acentuada ; Colisão frontal ; Com Vítimas Fatais ; Pleno dia ; Crescente ; Céu Claro ; Simples ; Curva ; Não ;5;1;2;2;0;0;4;2;-22,97968333;-44,43663687; SPRF-RJ ; DEL03-RJ ; UOP02-DEL03-RJ 
496572;2023-01-01; domingo ; 07:18:00 ; GO ;40;25,5; LUZIANIA ; Ingestão de álcool pelo condutor ; Saída de leito carroçável ; Com Vítimas Feridas ; Pleno dia ; Crescente ; Nublado ; Dupla ; Reta ; Não ;8;0;6;2;0;0;8;1;-16,252751;-47,900453; SPRF-DF ; DEL01-DF ; UOP01-DEL01-DF 
496573;2023-01-01; domingo ; 07:00:00 ; RS ;386;416,1; MONTENEGRO ; Condutor Dormindo ; Saída de leito carroçável ; Com Vítimas Fatais ; Pleno dia ; Crescente ; Céu Claro ; Simples ; Curva ; Sim ;5;1;0;4;0;0;4;2;-29,817626;-51,461312; SPRF-RS ; DEL01-RS ; UOP01-DEL01-RS 
496575;2023-01-01; domingo ; 07:55:00 ; PE ;232;60; POMBOS ; Velocidade Incompatível ; Colisão com objeto ; Com Vítimas Feridas ; Pleno dia ; Crescente ; Céu Claro ; Dupla ; Reta ; Sim ;1;0;1;0;0;0;1;1;-8,14788448;-35,40768085; SPRF-PE ; DEL02-PE ; UOP02-DEL02PE 
496576;2023-01-01; domingo ; 08:15:00 ; SC ;116;7; MAFRA ; Acessar a via sem observar a presença dos outros veículos ; Colisão transversal ; Com Vítimas Feridas ; Pleno dia ; Decrescente ; Céu Claro ; Simples ; Não Informado ; Sim ;5;0;3;0;2;0;3;2;-26,15196176;-49,83102416; SPRF-SC ; DEL06-SC ; UOP01-DEL06-SC 
496577;2023-01-01; domingo ; 02:30:00 ; MT ;158;571; AGUA BOA ; Ingestão de álcool pelo condutor ; Queda de ocupante de veículo ; Com Vítimas Feridas ; Plena Noite ; Crescente ; Céu Claro ; Simples ; Reta ; Não ;1;0;1;0;0;0;1;1;-14,0814012;-52,15733668; SPRF-MT ; DEL07-MT ; UOP02-DEL07-MT 
496578;2023-01-01; domingo ; 07:25:00 ; SP ;101;34,5; UBATUBA ; Ausência de reação do condutor ; Colisão com objeto ; Sem Vítimas ; Pleno dia ; Decrescente ; Céu Claro ; Dupla ; Não Informado ; Não ;1;0;0;0;1;0;0;1;-23,39141027;-44,99853296; SPRF-SP ; DEL06-SP ; UOP01-DEL06-SP 
496579;2023-01-01; domingo ; 08:42:00 ; RJ ;101;318; SAO GONCALO ; Reação tardia ou ineficiente do condutor ; Colisão com objeto ; Com Vítimas Feridas ; Pleno dia ; Crescente ; Céu Claro ; Dupla ; Reta ; Sim ;2;0;1;0;1;0;1;1;-22,84562994;-43,09841211; SPRF-RJ ; DEL02-RJ ; UOP02-DEL02-RJ 
496580;2023-01-01; domingo ; 08:20:00 ; DF ;60;1,5; BRASILIA ; Reação tardia ou ineficiente do condutor ; Tombamento ; Com Vítimas Feridas ; Pleno dia ; Decrescente ; Céu Claro ; Dupla ; Reta ; Não ;1;0;1;0;0;0;1;1;-15,885093;-48,068954; SPRF-DF ; DEL01-DF ; UOP02-DEL01-DF 
496581;2023-01-01; domingo ; 08:50:00 ; DF ;70;9; BRASILIA ; Ingestão de álcool pelo condutor ; Queda de ocupante de veículo ; Com Vítimas Feridas ; Pleno dia ; Crescente ; Céu Claro ; Dupla ; Reta ; Não ;1;0;1;0;0;0;1;1;-15,784615;-48,132023; SPRF-DF ; DEL01-DF ; UOP03-DEL01-DF 
496582;2023-01-01; domingo ; 08:35:00 ; PE ;101;45; IGARASSU ; Ausência de reação do condutor ; Colisão traseira ; Com Vítimas Feridas ; Pleno dia ; Decrescente ; Céu Claro ; Múltipla ; Reta ; Sim ;2;0;0;1;1;0;1;2;-7,86521297;-34,90715176; SPRF-PE ; DEL01-PE ; UOP02-DEL01-PE 
496583;2023-01-01; domingo ; 04:00:00 ; BA ;101;307; VALENCA ; Velocidade Incompatível ; Saída de leito carroçável ; Com Vítimas Fatais ; Plena Noite ; Crescente ; Garoa/Chuvisco ; Simples ; Não Informado ; Não ;1;1;0;0;0;0;0;1;-13,30800773;-39,35229778; SPRF-BA ; DEL05-BA ; UOP03-DEL05-BA 
496584;2023-01-01; domingo ; 09:40:00 ; PR ;277;57; SAO JOSE DOS PINHAIS ; Demais falhas mecânicas ou elétricas ; Colisão com objeto ; Sem Vítimas ; Pleno dia ; Decrescente ; Céu Claro ; Dupla ; Reta ; Não ;4;0;0;0;4;0;0;1;-25,58123713;-48,96273806; SPRF-PR ; DEL01-PR ; UOP01-DEL01-PR 
496585;2023-01-01; domingo ; 09:05:00 ; PB ;230;50; SANTA RITA ; Avarias e/ou desgaste excessivo no pneu ; Queda de ocupante de veículo ; Com Vítimas Feridas ; Pleno dia ; Crescente ; Céu Claro ; Dupla ; Reta ; Não ;2;0;2;0;0;0;2;1;-7,1846;-35,0544; SPRF-PB ; DEL01-PB ; UOP03-DEL01-PB 
496586;2023-01-01; domingo ; 07:00:00 ; RS ;101;57,1; TERRA DE AREIA ; Condutor Dormindo ; Saída de leito carroçável ; Com Vítimas Feridas ; Pleno dia ; Crescente ; Céu Claro ; Dupla ; Curva ; Não ;5;0;3;0;2;0;3;1;-29,65733491;-50,12800604; SPRF-RS ; DEL03-RS ; UOP02-DEL03-RS 
496587;2023-01-01; domingo ; 10:10:00 ; MG ;40;467,2; SETE LAGOAS ; Chuva ; Capotamento ; Com Vítimas Feridas ; Pleno dia ; Crescente ; Chuva ; Dupla ; Desvio Temporário ; Não ;2;0;1;0;1;0;1;1;-19,45038924;-44,3166822; SPRF-MG ; DEL02-MG ; UOP01-DEL02-MG 
496588;2023-01-01; domingo ; 08:30:00 ; AL ;101;212,7; SAO SEBASTIAO ; Ingestão de álcool pelo condutor ; Capotamento ; Sem Vítimas ; Pleno dia ; Decrescente ; Céu Claro ; Dupla ; Reta ; Não ;2;0;0;0;2;0;0;1;-10,01748316;-36,61993072; SPRF-AL ; DEL02-AL ; UOP02-DEL02-AL 
496589;2023-01-01; domingo ; 06:50:00 ; RJ ;116;263; PIRAI ; Estacionar ou parar em local proibido ; Colisão traseira ; Com Vítimas Feridas ; Pleno dia ; Crescente ; Nevoeiro/Neblina ; Múltipla ; Não Informado ; Não ;2;0;2;0;0;0;2;2;-22,59220328;-44,06782285; SPRF-RJ ; DEL07-RJ ; UOP02-DEL07-RJ 
496591;2023-01-01; domingo ; 10:15:00 ; RS ;287;359; JAGUARI ; Reação tardia ou ineficiente do condutor ; Colisão traseira ; Sem Vítimas ; Pleno dia ; Crescente ; Céu Claro ; Simples ; Reta ; Não ;3;0;0;0;2;1;0;2;-29,46074161;-54,71784671; SPRF-RS ; DEL12-RS ; UOP02-DEL12-RS 
496592;2023-01-01; domingo ; 08:22:00 ; MG ;40;711; BARBACENA ; Condutor Dormindo ; Colisão traseira ; Com Vítimas Feridas ; Pleno dia ; Crescente ; Céu Claro ; Simples ; Curva ; Sim ;4;0;1;0;3;0;1;2;-21,23767004;-43,706954; SPRF-MG ; DEL05-MG ; UOP02-DEL05-MG 
496593;2023-01-01; domingo ; 10:20:00 ; MS ;262;546; MIRANDA ; Reação tardia ou ineficiente do condutor ; Colisão frontal ; Com Vítimas Fatais ; Pleno dia ; Decrescente ; Céu Claro ; Simples ; Reta ; Sim ;6;1;3;1;1;0;4;2;-20,29349934;-56,28106216; SPRF-MS ; DEL03-MS ; UOP02-DEL03-MS 
496594;2023-01-01; domingo ; 11:30:00 ; CE ;222;222; SOBRAL ; Acessar a via sem observar a presença dos outros veículos ; Colisão transversal ; Com Vítimas Feridas ; Pleno dia ; Crescente ; Céu Claro ; Simples ; Reta ; Sim ;5;0;1;0;4;0;1;2;-3,72134641;-40,32871618; SPRF-CE ; DEL04-CE ; UOP01-DEL04-CE 
496595;2023-01-01; domingo ; 10:48:00 ; MG ;40;153,6; JOAO PINHEIRO ; Reação tardia ou ineficiente do condutor ; Saída de leito carroçável ; Com Vítimas Feridas ; Pleno dia ; Decrescente ; Céu Claro ; Simples ; Reta ; Não ;2;0;2;0;0;0;2;1;-17,81609697;-46,13329871; SPRF-MG ; DEL14-MG ; UOP02-DEL14-MG 
496596;2023-01-01; domingo ; 10:20:00 ; SC ;101;153,8; PORTO BELO ; Demais falhas mecânicas ou elétricas ; Tombamento ; Com Vítimas Feridas ; Pleno dia ; Crescente ; Céu Claro ; Dupla ; Reta ; Não ;1;0;1;0;0;0;1;1;-27,144717;-48,61063935; SPRF-SC ; DEL04-SC ; UOP03-DEL04-SC 
496597;2023-01-01; domingo ; 08:45:00 ; SC ;280;91,1; CORUPA ; Ausência de reação do condutor ; Colisão frontal ; Com Vítimas Feridas ; Pleno dia ; Crescente ; Céu Claro ; Simples ; Curva ; Não ;2;0;1;0;1;0;1;2;-26,40198057;-49,29053774; SPRF-SC ; DEL06-SC ; UOP03-DEL06-SC 
496598;2023-01-01; domingo ; 11:40:00 ; SE ;101;97; NOSSA SENHORA DO SOCORRO ; Reação tardia ou ineficiente do condutor ; Colisão lateral mesmo sentido ; Sem Vítimas ; Pleno dia ; Crescente ; Céu Claro ; Dupla ; Reta ; Não ;2;0;0;0;1;1;0;2;-10,92296794;-37,17475104; SPRF-SE ; DEL02-SE ; UOP01-DEL02-SE 