 id ; data_inversa ; dia_semana ; horario ; uf ; br ; km ; municipio ; causa_acidente ; tipo_acidente ; classificacao_acidente ; fase_dia ; sentido_via ; condicao_metereologica ; tipo_pista ; tracado_via ; uso_solo ; pessoas ; mortos ; feridos_leves ; feridos_graves ; ilesos ; ignorados ; feridos ; veiculos ; latitude ; longitude ; regional ; delegacia ; uop 
496687;2023-01-01; domingo ; 19:30:00 ; MG ;262;392,7; PARA DE MINAS ; Velocidade Incompatível ; Colisão traseira ; Com Vítimas Fatais ; Plena Noite ; Decrescente ; Chuva ; Dupla ; Não Informado ; Não ;2;1;0;0;0;1;0;2;-19,903476;-44,536596; SPRF-MG ; DEL01-MG ; UOP03-DEL01-MG 
496688;2023-01-01; domingo ; 19:40:00 ; PR ;487;177,7; CAMPO MOURAO ; Pedestre andava na pista ; Atropelamento de Pedestre ; Com Vítimas Feridas ; Plena Noite ; Crescente ; Céu Claro ; Simples ; Não Informado ; Sim ;2;0;0;1;1;0;1;1;-24,04322;-52,40061; SPRF-PR ; DEL09-PR ; UOP03-DEL09-PR 
496689;2023-01-01; domingo ; 20:10:00 ; BA ;324;626; SALVADOR ; Reação tardia ou ineficiente do condutor ; Colisão com objeto ; Com Vítimas Feridas ; Plena Noite ; Crescente ; Nublado ; Dupla ; Interseção de vias ; Não ;1;0;1;0;0;0;1;1;-12,95020997;-38,47073108; SPRF-BA ; DEL01-BA ; UOP01-DEL01-BA 
496690;2023-01-01; domingo ; 20:20:00 ; GO ;60;255; INDIARA ; Animais na Pista ; Atropelamento de Animal ; Com Vítimas Feridas ; Plena Noite ; Crescente ; Céu Claro ; Simples ; Reta ; Sim ;2;0;2;0;0;0;2;1;-17,14364772;-50,00446022; SPRF-GO ; DEL01-GO ; UOP02-DEL01-GO 
496691;2023-01-01; domingo ; 20:00:00 ; GO ;70;320; JUSSARA ; Pista esburacada ; Tombamento ; Com Vítimas Feridas ; Plena Noite ; Decrescente ; Garoa/Chuvisco ; Simples ; Reta ; Sim ;2;0;1;1;0;0;2;1;-15,877707;-50,885584; SPRF-GO ; DEL04-GO ; UOP02-DEL04-GO 
496692;2023-01-01; domingo ; 19:30:00 ; PR ;376;467,7; PONTA GROSSA ; Reação tardia ou ineficiente do condutor ; Colisão lateral mesmo sentido ; Com Vítimas Feridas ; Plena Noite ; Crescente ; Céu Claro ; Dupla ; Não Informado ; Não ;6;0;1;0;5;0;1;2;-25,00618292;-50,35725117; SPRF-PR ; DEL03-PR ; UOP01-DEL03-PR 
496693;2023-01-01; domingo ; 20:35:00 ; MG ;40;508,7; RIBEIRAO DAS NEVES ; Trafegar com motocicleta (ou similar) entre as faixas ; Colisão lateral mesmo sentido ; Com Vítimas Feridas ; Plena Noite ; Crescente ; Garoa/Chuvisco ; Dupla ; Reta ; Sim ;3;0;1;0;1;1;1;2;-19,76061249;-44,1347544; SPRF-MG ; DEL01-MG ; UOP02-DEL01-MG 
496694;2023-01-01; domingo ; 20:40:00 ; SC ;101;413; ARARANGUA ; Acesso irregular ; Colisão traseira ; Com Vítimas Feridas ; Plena Noite ; Crescente ; Céu Claro ; Simples ; Reta ; Sim ;2;0;0;1;1;0;1;2;-28,94605997;-49,50428402; SPRF-SC ; DEL02-SC ; UOP02-DEL02-SC 
496695;2023-01-01; domingo ; 20:15:00 ; SC ;101;135; BALNEARIO CAMBORIU ; Reação tardia ou ineficiente do condutor ; Engavetamento ; Sem Vítimas ; Plena Noite ; Decrescente ; Céu Claro ; Múltipla ; Reta ; Sim ;4;0;0;0;4;0;0;4;-27,0050108;-48,62677494; SPRF-SC ; DEL04-SC ; UOP03-DEL04-SC 
496696;2023-01-01; domingo ; 20:50:00 ; BA ;415;52,2; ITABUNA ; Ingestão de álcool pelo condutor ; Colisão lateral sentido oposto ; Sem Vítimas ; Plena Noite ; Crescente ; Nublado ; Simples ; Não Informado ; Sim ;2;0;0;0;1;1;0;2;-14,84211694;-39,33215976; SPRF-BA ; DEL05-BA ; UOP01-DEL05-BA 
496699;2023-01-01; domingo ; 19:25:00 ; RJ ;393;267; BARRA DO PIRAI ; Chuva ; Colisão transversal ; Sem Vítimas ; Plena Noite ; Crescente ; Nublado ; Simples ; Curva ; Não ;5;0;0;0;4;1;0;3;-22,48615925;-43,90037496; SPRF-RJ ; DEL05-RJ ; UOP02-DEL05-RJ 
496700;2023-01-01; domingo ; 11:10:00 ; MT ;364;270; JACIARA ; Acesso irregular ; Colisão transversal ; Com Vítimas Feridas ; Pleno dia ; Crescente ; Nublado ; Dupla ; Reta ; Não ;4;0;2;0;1;1;2;2;-15,9689785;-54,94463002; SPRF-MT ; DEL05-MT ; UOP02-DEL05-MT 
496701;2023-01-01; domingo ; 21:50:00 ; SC ;101;100,7; BALNEARIO PICARRAS ; Ultrapassagem Indevida ; Colisão frontal ; Com Vítimas Feridas ; Plena Noite ; Crescente ; Céu Claro ; Simples ; Reta ; Sim ;2;0;0;1;1;0;1;2;-26,75482787;-48,68993675; SPRF-SC ; DEL03-SC ; UOP02-DEL03-SC 
496702;2023-01-01; domingo ; 21:00:00 ; GO ;60;79,4; ANAPOLIS ; Condutor deixou de manter distância do veículo da frente ; Colisão traseira ; Com Vítimas Feridas ; Plena Noite ; Crescente ; Chuva ; Dupla ; Não Informado ; Sim ;10;0;1;0;9;0;1;3;-16,301221;-48,81497; SPRF-GO ; DEL02-GO ; UOP01-DEL02-GO 
496703;2023-01-01; domingo ; 20:34:00 ; SP ;116;114; TAUBATE ; Ingestão de álcool pelo condutor ; Saída de leito carroçável ; Com Vítimas Feridas ; Plena Noite ; Decrescente ; Céu Claro ; Dupla ; Reta ; Não ;1;0;1;0;0;0;1;1;-23,04654177;-45,59018006; SPRF-SP ; DEL02-SP ; UOP02-DEL02-SP 
496705;2023-01-01; domingo ; 21:25:00 ; PR ;277;719,5; FOZ DO IGUACU ; Pedestre cruzava a pista fora da faixa ; Atropelamento de Pedestre ; Com Vítimas Fatais ; Plena Noite ; Crescente ; Céu Claro ; Dupla ; Reta ; Não ;4;1;0;0;3;0;0;1;-25,48375622;-54,49425791; SPRF-PR ; DEL05-PR ; UOP03-DEL05-PR 
496706;2023-01-01; domingo ; 18:50:00 ; PR ;116;41,6; CAMPINA GRANDE DO SUL ; Reação tardia ou ineficiente do condutor ; Colisão com objeto ; Com Vítimas Feridas ; Anoitecer ; Crescente ; Garoa/Chuvisco ; Dupla ; Curva ; Não ;2;0;1;0;1;0;1;1;-25,17611697;-48,874256; SPRF-PR ; DEL01-PR ; UOP02-DEL01-PR 
496708;2023-01-01; domingo ; 21:55:00 ; SP ;116;104,5; TAUBATE ; Transitar na contramão ; Colisão lateral sentido oposto ; Com Vítimas Feridas ; Plena Noite ; Crescente ; Nublado ; Dupla ; Reta ; Não ;2;0;0;1;1;0;1;2;-23,00340176;-45,50626912; SPRF-SP ; DEL02-SP ; UOP02-DEL02-SP 
496710;2023-01-01; domingo ; 21:30:00 ; PE ;101;52,2; PAULISTA ; Reação tardia ou ineficiente do condutor ; Tombamento ; Com Vítimas Feridas ; Plena Noite ; Crescente ; Chuva ; Múltipla ; Reta ; Não ;2;0;2;0;0;0;2;1;-7,92358799;-34,89607201; SPRF-PE ; DEL01-PE ; UOP02-DEL01-PE 
496715;2023-01-01; domingo ; 17:30:00 ; PR ;373;266; PRUDENTOPOLIS ; Desrespeitar a preferência no cruzamento ; Colisão transversal ; Com Vítimas Feridas ; Pleno dia ; Crescente ; Céu Claro ; Simples ; Não Informado ; Sim ;9;0;2;0;7;0;2;3;-25,20791978;-51,00123911; SPRF-PR ; DEL08-PR ; UOP01-DEL08-PR 
496716;2023-01-01; domingo ; 16:30:00 ; PB ;361;111,5; ITAPORANGA ; Condutor Dormindo ; Colisão com objeto ; Com Vítimas Feridas ; Pleno dia ; Decrescente ; Céu Claro ; Simples ; Reta ; Sim ;1;0;0;1;0;0;1;1;-7,30040074;-38,12822707; SPRF-PB ; DEL03-PB ; UOP01-DEL03-PB 
496717;2023-01-01; domingo ; 21:50:00 ; MT ;158;152; PORTO ALEGRE DO NORTE ; Animais na Pista ; Atropelamento de Animal ; Com Vítimas Feridas ; Plena Noite ; Crescente ; Nublado ; Simples ; Reta ; Não ;3;0;1;0;2;0;1;1;-10,73069113;-51,59467563; SPRF-MT ; DEL07-MT ; UOP02-DEL07-MT 
496718;2023-01-01; domingo ; 22:40:00 ; PE ;101;57; PAULISTA ; Ausência de reação do condutor ; Saída de leito carroçável ; Sem Vítimas ; Plena Noite ; Crescente ; Nublado ; Dupla ; Não Informado ; Não ;1;0;0;0;0;1;0;1;-7,96346213;-34,91513486; SPRF-PE ; DEL01-PE ; UOP02-DEL01-PE 
496719;2023-01-01; domingo ; 13:05:00 ; MG ;40;18,9; PARACATU ; Reação tardia ou ineficiente do condutor ; Saída de leito carroçável ; Com Vítimas Feridas ; Pleno dia ; Crescente ; Céu Claro ; Simples ; Reta ; Não ;1;0;1;0;0;0;1;1;-17,10212785;-47,02436969; SPRF-MG ; DEL14-MG ; UOP01-DEL14-MG 
496720;2023-01-01; domingo ; 22:30:00 ; BA ;101;471; URUCUCA ; Pedestre andava na pista ; Atropelamento de Pedestre ; Com Vítimas Fatais ; Plena Noite ; Crescente ; Chuva ; Simples ; Reta ; Não ;2;1;0;0;1;0;0;1;-14,53070603;-39,33568954; SPRF-BA ; DEL05-BA ; UOP01-DEL05-BA 
496721;2023-01-01; domingo ; 22:40:00 ; MS ;262;404,6; TERENOS ; Animais na Pista ; Atropelamento de Animal ; Com Vítimas Feridas ; Plena Noite ; Crescente ; Nublado ; Simples ; Reta ; Não ;4;0;3;0;1;0;3;2;-20,429298;-55,063095; SPRF-MS ; DEL01-MS ; UOP03-DEL01-MS 
496722;2023-01-01; domingo ; 23:50:00 ; GO ;60;118; TEREZOPOLIS DE GOIAS ; Ausência de reação do condutor ; Queda de ocupante de veículo ; Com Vítimas Feridas ; Plena Noite ; Decrescente ; Nublado ; Dupla ; Reta ; Sim ;2;0;2;0;0;0;2;1;-16,4848;-49,0935; SPRF-GO ; DEL01-GO ; UOP01-DEL01-GO 
496723;2023-01-01; domingo ; 21:50:00 ; RS ;116;261; CANOAS ; Entrada inopinada do pedestre ; Atropelamento de Pedestre ; Com Vítimas Fatais ; Plena Noite ; Decrescente ; Céu Claro ; Dupla ; Reta ; Sim ;2;1;0;0;0;1;0;1;-29,887983;-51,17901; SPRF-RS ; DEL01-RS ; UOP01-DEL01-RS 
496724;2023-01-01; domingo ; 23:15:00 ; PB ;230;509,7; CAJAZEIRAS ; Chuva ; Saída de leito carroçável ; Com Vítimas Feridas ; Plena Noite ; Crescente ; Chuva ; Simples ; Reta ; Não ;4;0;4;0;0;0;4;1;-6,8931;-38,5804; SPRF-PB ; DEL03-PB ; UOP03-DEL03-PB 
496725;2023-01-01; domingo ; 23:50:00 ; PR ;277;17; PARANAGUA ; Ausência de reação do condutor ; Saída de leito carroçável ; Com Vítimas Feridas ; Plena Noite ; Decrescente ; Céu Claro ; Dupla ; Não Informado ; Não ;1;0;1;0;0;0;1;1;-25,56380488;-48,63457397; SPRF-PR ; DEL01-PR ; UOP05-DEL01-PR 
496726;2023-01-01; domingo ; 23:30:00 ; PE ;232;51,4; VITORIA DE SANTO ANTAO ; Chuva ; Saída de leito carroçável ; Sem Vítimas ; Plena Noite ; Decrescente ; Chuva ; Dupla ; Curva ; Sim ;1;0;0;0;1;0;0;1;-8,13823439;-35,33196918; SPRF-PE ; DEL01-PE ; UOP01-DEL01-PE 
496727;2023-01-02; segunda-feira ; 00:05:00 ; PA ;316;24; BENEVIDES ; Conversão proibida ; Colisão transversal ; Com Vítimas Feridas ; Plena Noite ; Crescente ; Ignorado ; Dupla ; Reta ; Sim ;3;0;2;1;0;0;3;2;-1,34599732;-48,25152822; SPRF-PA ; DEL01-PA ; UOP01-DEL01-PA 
496728;2023-01-02; segunda-feira ; 00:50:00 ; PR ;376;661,6; TIJUCAS DO SUL ; Ingestão de álcool pelo condutor ; Colisão lateral mesmo sentido ; Com Vítimas Feridas ; Plena Noite ; Decrescente ; Céu Claro ; Dupla ; Não Informado ; Não ;3;0;2;0;1;0;2;2;-25,85329391;-48,98032486; SPRF-PR ; DEL01-PR ; UOP04-DEL01-PR 
496729;2023-01-01; domingo ; 22:59:00 ; MG ;262;658,3; IBIA ; Demais falhas mecânicas ou elétricas ; Incêndio ; Sem Vítimas ; Plena Noite ; Crescente ; Nublado ; Simples ; Reta ; Não ;1;0;0;0;1;0;0;1;-19,58082263;-46,69938911; SPRF-MG ; DEL08-MG ; UOP01-DEL08-MG 
496730;2023-01-01; domingo ; 16:30:00 ; BA ;116;303; TUCANO ; Falta de elemento de contenção que evite a saída do leito carroçável ; Saída de leito carroçável ; Com Vítimas Fatais ; Pleno dia ; Decrescente ; Céu Claro ; Simples ; Reta ; Não ;1;1;0;0;0;0;0;1;-11,19943176;-38,87215633; SPRF-BA ; DEL02-BA ; UOP01-DEL02-BA 
496732;2023-01-02; segunda-feira ; 01:30:00 ; CE ;222;77,6; SAO LUIS DO CURU ; Condutor Dormindo ; Colisão frontal ; Com Vítimas Feridas ; Plena Noite ; Decrescente ; Céu Claro ; Simples ; Ponte ; Não ;4;0;0;1;3;0;1;2;-3,67137027;-39,23351021; SPRF-CE ; DEL04-CE ; UOP03-DEL04-CE 
496733;2023-01-02; segunda-feira ; 01:56:00 ; ES ;101;239,8; FUNDAO ; Condutor deixou de manter distância do veículo da frente ; Colisão traseira ; Com Vítimas Feridas ; Plena Noite ; Crescente ; Chuva ; Simples ; Reta ; Não ;3;0;0;2;1;0;2;2;-20,00782494;-40,40790907; SPRF-ES ; DEL02-ES ; UOP01-DEL02-ES 
496734;2023-01-02; segunda-feira ; 01:10:00 ; MG ;381;862,4; POUSO ALEGRE ; Transitar na contramão ; Colisão frontal ; Com Vítimas Fatais ; Plena Noite ; Crescente ; Nublado ; Dupla ; Reta ; Não ;4;1;1;0;2;0;1;2;-22,33574987;-45,92276325; SPRF-MG ; DEL16-MG ; UOP01-DEL16-MG 
496735;2023-01-02; segunda-feira ; 01:45:00 ; MS ;163;262; DOURADOS ; Ausência de reação do condutor ; Saída de leito carroçável ; Com Vítimas Feridas ; Plena Noite ; Crescente ; Céu Claro ; Dupla ; Reta ; Sim ;1;0;1;0;0;0;1;1;-22,2352256;-54,75663316; SPRF-MS ; DEL04-MS ; UOP01-DEL04-MS 
496736;2023-01-02; segunda-feira ; 01:23:00 ; SC ;282;3,4; FLORIANOPOLIS ; Ingestão de álcool pelo condutor ; Colisão com objeto ; Com Vítimas Feridas ; Plena Noite ; Crescente ; Garoa/Chuvisco ; Múltipla ; Não Informado ; Sim ;1;0;1;0;0;0;1;1;-27,600384;-48,599705; SPRF-SC ; DEL01-SC ; UOP01-DEL01-SC 
496737;2023-01-01; domingo ; 22:20:00 ; RS ;287;363; JAGUARI ; Velocidade Incompatível ; Saída de leito carroçável ; Com Vítimas Feridas ; Plena Noite ; Crescente ; Garoa/Chuvisco ; Simples ; Não Informado ; Não ;6;0;2;4;0;0;6;1;-29,43262691;-54,72426308; SPRF-RS ; DEL12-RS ; UOP02-DEL12-RS 
496738;2023-01-02; segunda-feira ; 00:40:00 ; MT ;364;194; RONDONOPOLIS ; Ausência de reação do condutor ; Tombamento ; Com Vítimas Feridas ; Plena Noite ; Decrescente ; Nublado ; Simples ; Reta ; Não ;3;0;3;0;0;0;3;1;-16,52647302;-54,59191501; SPRF-MT ; DEL02-MT ; UOP01-DEL02-MT 
496739;2023-01-02; segunda-feira ; 02:00:00 ; RJ ;101;296; ITABORAI ; Avarias e/ou desgaste excessivo no pneu ; Tombamento ; Com Vítimas Feridas ; Plena Noite ; Crescente ; Céu Claro ; Dupla ; Reta ; Não ;2;0;1;0;1;0;1;1;-22,7670498;-42,91019601; SPRF-RJ ; DEL02-RJ ; UOP02-DEL02-RJ 
496740;2023-01-02; segunda-feira ; 02:00:00 ; PR ;153;173; TELEMACO BORBA ; Demais falhas mecânicas ou elétricas ; Incêndio ; Sem Vítimas ; Plena Noite ; Decrescente ; Céu Claro ; Simples ; Reta ; Não ;1;0;0;0;1;0;0;1;-24,30687504;-50,29844196; SPRF-PR ; DEL03-PR ; UOP02-DEL03-PR 
496741;2023-01-01; domingo ; 19:35:00 ; RJ ;40;114; DUQUE DE CAXIAS ; Ingestão de álcool pelo condutor ; Colisão com objeto ; Com Vítimas Feridas ; Plena Noite ; Crescente ; Céu Claro ; Múltipla ; Reta ; Sim ;3;0;1;0;2;0;1;2;-22,71853604;-43,28993324; SPRF-RJ ; DEL01-RJ ; UOP01-DEL01-RJ 
496742;2023-01-02; segunda-feira ; 03:30:00 ; RJ ;101;456; MANGARATIBA ; Condutor Dormindo ; Colisão com objeto ; Sem Vítimas ; Plena Noite ; Decrescente ; Céu Claro ; Dupla ; Reta ; Sim ;1;0;0;0;0;1;0;1;-23,03288558;-44,16793391; SPRF-RJ ; DEL03-RJ ; UOP01-DEL03-RJ 
496743;2023-01-02; segunda-feira ; 05:30:00 ; RN ;101;176; BAIA FORMOSA ; Acumulo de água sobre o pavimento ; Saída de leito carroçável ; Com Vítimas Feridas ; Amanhecer ; Decrescente ; Chuva ; Dupla ; Não Informado ; Não ;3;0;3;0;0;0;3;1;-6,50154939;-35,11202574; SPRF-RN ; DEL01-RN ; UOP01-DEL01-RN 
496745;2023-01-02; segunda-feira ; 05:30:00 ; BA ;135;122; RIACHAO DAS NEVES ; Ausência de reação do condutor ; Colisão frontal ; Com Vítimas Fatais ; Amanhecer ; Decrescente ; Céu Claro ; Simples ; Reta ; Não ;5;1;0;1;3;0;1;2;-11,7562524;-44,90586611; SPRF-BA ; DEL08-BA ; UOP04-DEL08-BA 
496746;2023-01-02; segunda-feira ; 05:15:00 ; PB ;230;131,9; CAMPINA GRANDE ; Velocidade Incompatível ; Saída de leito carroçável ; Com Vítimas Feridas ; Pleno dia ; Decrescente ; Chuva ; Dupla ; Curva ; Não ;1;0;1;0;0;0;1;1;-7,2746;-35,7269; SPRF-PB ; DEL02-PB ; UOP01-DEL02-PB 
496747;2023-01-02; segunda-feira ; 06:40:00 ; PR ;277;83; CURITIBA ; Manobra de mudança de faixa ; Queda de ocupante de veículo ; Com Vítimas Feridas ; Pleno dia ; Crescente ; Nublado ; Dupla ; Reta ; Sim ;3;0;1;0;0;2;1;2;-25,568939;-49,181978; SPRF-PR ; DEL01-PR ; UOP01-DEL01-PR 
496748;2023-01-02; segunda-feira ; 06:10:00 ; RS ;290;595; ALEGRETE ; Manobra de mudança de faixa ; Colisão frontal ; Com Vítimas Fatais ; Amanhecer ; Crescente ; Céu Claro ; Simples ; Não Informado ; Não ;5;3;2;0;0;0;2;2;-29,844833;-55,916756; SPRF-RS ; DEL13-RS ; UOP02-DEL13-RS 
496749;2023-01-02; segunda-feira ; 05:25:00 ; RS ;158;431; SAO GABRIEL ; Ausência de reação do condutor ; Saída de leito carroçável ; Com Vítimas Feridas ; Amanhecer ; Crescente ; Céu Claro ; Simples ; Curva ; Não ;4;0;1;0;3;0;1;1;-30,12092764;-54,63878632; SPRF-RS ; DEL11-RS ; UOP02-DEL11-RS 
496750;2023-01-02; segunda-feira ; 06:50:00 ; SC ;101;190,7; BIGUACU ; Condutor deixou de manter distância do veículo da frente ; Colisão traseira ; Sem Vítimas ; Pleno dia ; Crescente ; Céu Claro ; Dupla ; Reta ; Não ;4;0;0;0;4;0;0;4;-27,468056;-48,641712; SPRF-SC ; DEL01-SC ; UOP01-DEL01-SC 
496751;2023-01-02; segunda-feira ; 06:00:00 ; RJ ;101;526; ANGRA DOS REIS ; Mal súbito do condutor ; Colisão frontal ; Com Vítimas Feridas ; Pleno dia ; Crescente ; Céu Claro ; Simples ; Reta ; Não ;2;0;0;1;1;0;1;2;-23,015817;-44,48803; SPRF-RJ ; DEL03-RJ ; UOP02-DEL03-RJ 
496752;2023-01-01; domingo ; 19:00:00 ; SC ;470;87,5; ASCURRA ; Condutor Dormindo ; Colisão com objeto ; Sem Vítimas ; Pleno dia ; Crescente ; Céu Claro ; Simples ; Reta ; Sim ;1;0;0;0;1;0;0;1;-26,948483;-49,366833; SPRF-SC ; DEL04-SC ; UOP01-DEL04-SC 
496753;2023-01-02; segunda-feira ; 06:15:00 ; RS ;153;26; TRES ARROIOS ; Velocidade Incompatível ; Saída de leito carroçável ; Sem Vítimas ; Amanhecer ; Decrescente ; Chuva ; Simples ; Curva ; Não ;1;0;0;0;1;0;0;1;-27,50588959;-52,13150209; SPRF-RS ; DEL08-RS ; UOP04-DEL08-RS 
496754;2023-01-02; segunda-feira ; 06:35:00 ; BA ;242;495; OLIVEIRA DOS BREJINHOS ; Condutor Dormindo ; Saída de leito carroçável ; Com Vítimas Feridas ; Amanhecer ; Crescente ; Céu Claro ; Simples ; Reta ; Não ;2;0;1;0;1;0;1;1;-12,38561892;-42,40889692; SPRF-BA ; DEL06-BA ; UOP01-DEL06-BA 
496755;2023-01-02; segunda-feira ; 06:35:00 ; SC ;116;164,9; PONTE ALTA DO NORTE ; Reação tardia ou ineficiente do condutor ; Saída de leito carroçável ; Com Vítimas Feridas ; Pleno dia ; Crescente ; Nublado ; Simples ; Não Informado ; Não ;2;0;0;1;1;0;1;1;-27,14325097;-50,46036547; SPRF-SC ; DEL05-SC ; UOP03-DEL05-SC 
496756;2023-01-02; segunda-feira ; 05:30:00 ; RJ ;40;119; DUQUE DE CAXIAS ; Velocidade Incompatível ; Saída de leito carroçável ; Sem Vítimas ; Pleno dia ; Crescente ; Céu Claro ; Dupla ; Reta ; Sim ;1;0;0;0;0;1;0;1;-22,76375592;-43,28683062; SPRF-RJ ; DEL01-RJ ; UOP01-DEL01-RJ 
496757;2023-01-02; segunda-feira ; 05:50:00 ; RJ ;101;305; SAO GONCALO ; Condutor deixou de manter distância do veículo da frente ; Colisão traseira ; Com Vítimas Feridas ; Pleno dia ; Crescente ; Céu Claro ; Múltipla ; Reta ; Sim ;5;0;1;0;4;0;1;2;-22,78702832;-42,99589293; SPRF-RJ ; DEL02-RJ ; UOP02-DEL02-RJ 
496758;2023-01-02; segunda-feira ; 06:43:00 ; TO ;153;762; ALVORADA ; Reação tardia ou ineficiente do condutor ; Saída de leito carroçável ; Com Vítimas Feridas ; Amanhecer ; Crescente ; Céu Claro ; Dupla ; Rotatória ; Sim ;3;0;1;0;2;0;1;1;-12,49015302;-49,1170002; SPRF-TO ; DEL01-TO ; UOP02-DEL01-TO 
496759;2023-01-02; segunda-feira ; 07:50:00 ; SC ;282;4,5; FLORIANOPOLIS ; Trafegar com motocicleta (ou similar) entre as faixas ; Colisão lateral mesmo sentido ; Com Vítimas Feridas ; Pleno dia ; Decrescente ; Sol ; Dupla ; Reta ; Sim ;2;0;1;0;1;0;1;2;-27,592646;-48,604034; SPRF-SC ; DEL01-SC ; UOP01-DEL01-SC 
496760;2023-01-02; segunda-feira ; 07:15:00 ; PE ;232;7,8; RECIFE ; Condutor deixou de manter distância do veículo da frente ; Colisão traseira ; Com Vítimas Feridas ; Pleno dia ; Crescente ; Chuva ; Simples ; Não Informado ; Sim ;2;0;1;0;1;0;1;2;-8,075757;-34,970321; SPRF-PE ; DEL01-PE ; UOP01-DEL01-PE 
496763;2023-01-02; segunda-feira ; 07:40:00 ; RS ;101;9; TORRES ; Acessar a via sem observar a presença dos outros veículos ; Colisão traseira ; Com Vítimas Feridas ; Pleno dia ; Decrescente ; Céu Claro ; Dupla ; Retorno Regulamentado ; Sim ;6;0;2;0;4;0;2;2;-29,36685801;-49,81514399; SPRF-RS ; DEL03-RS ; UOP02-DEL03-RS 
496765;2023-01-02; segunda-feira ; 08:30:00 ; CE ;116;362; ICO ; Ausência de reação do condutor ; Atropelamento de Pedestre ; Com Vítimas Fatais ; Amanhecer ; Decrescente ; Céu Claro ; Simples ; Reta ; Não ;2;1;0;0;0;1;0;1;-6,33295835;-38,73903072; SPRF-CE ; DEL05-CE ; UOP01-DEL05-CE 
496766;2023-01-02; segunda-feira ; 08:00:00 ; SC ;470;67; INDAIAL ; Conversão proibida ; Colisão frontal ; Com Vítimas Feridas ; Pleno dia ; Crescente ; Nublado ; Simples ; Reta ; Sim ;3;0;1;0;2;0;1;2;-26,872158;-49,23127; SPRF-SC ; DEL04-SC ; UOP01-DEL04-SC 
496767;2023-01-02; segunda-feira ; 08:10:00 ; SC ;101;287,7; IMBITUBA ; Estacionar ou parar em local proibido ; Colisão traseira ; Com Vítimas Feridas ; Pleno dia ; Crescente ; Céu Claro ; Dupla ; Curva ; Não ;3;0;2;0;1;0;2;2;-28,260708;-48,704559; SPRF-SC ; DEL02-SC ; UOP03-DEL02-SC 
496770;2023-01-02; segunda-feira ; 09:00:00 ; SC ;282;17,3; PALHOCA ; Conversão proibida ; Colisão transversal ; Com Vítimas Feridas ; Pleno dia ; Decrescente ; Céu Claro ; Simples ; Interseção de vias ; Sim ;2;0;1;0;1;0;1;2;-27,665707;-48,688065; SPRF-SC ; DEL01-SC ; UOP02-DEL01-SC 
496771;2023-01-02; segunda-feira ; 08:10:00 ; ES ;262;81,7; DOMINGOS MARTINS ; Avarias e/ou desgaste excessivo no pneu ; Colisão com objeto ; Com Vítimas Fatais ; Pleno dia ; Crescente ; Céu Claro ; Simples ; Curva ; Não ;5;1;4;0;0;0;4;1;-20,40766791;-40,94804886; SPRF-ES ; DEL01-ES ; UOP02-DEL01-ES 
496775;2023-01-01; domingo ; 09:20:00 ; BA ;101;359; WENCESLAU GUIMARAES ; Condutor deixou de manter distância do veículo da frente ; Colisão traseira ; Sem Vítimas ; Pleno dia ; Decrescente ; Céu Claro ; Simples ; Reta ; Sim ;2;0;0;0;1;1;0;2;-13,67888582;-39,4773764; SPRF-BA ; DEL05-BA ; UOP03-DEL05-BA 
496776;2023-01-02; segunda-feira ; 08:50:00 ; ES ;259;44; COLATINA ; Ausência de reação do condutor ; Saída de leito carroçável ; Com Vítimas Feridas ; Pleno dia ; Crescente ; Nublado ; Simples ; Reta ; Não ;1;0;0;1;0;0;1;1;-19,54162011;-40,56859824; SPRF-ES ; DEL02-ES ; UOP01-DEL02-ES 
496777;2023-01-01; domingo ; 23:45:00 ; PB ;230;15; JOAO PESSOA ; Velocidade Incompatível ; Saída de leito carroçável ; Sem Vítimas ; Plena Noite ; Crescente ; Chuva ; Dupla ; Não Informado ; Sim ;1;0;0;0;0;1;0;1;-7,10284475;-34,84706517; SPRF-PB ; DEL01-PB ; UOP01-DEL01-PB 
496778;2023-01-02; segunda-feira ; 09:50:00 ; RS ;153;50,8; ERECHIM ; Transitar na calçada ; Colisão transversal ; Com Vítimas Feridas ; Pleno dia ; Crescente ; Nublado ; Simples ; Rotatória ; Sim ;2;0;1;0;1;0;1;2;-27,65623359;-52,27554709; SPRF-RS ; DEL08-RS ; UOP04-DEL08-RS 
496781;2023-01-02; segunda-feira ; 10:00:00 ; RN ;101;116; SAO JOSE DE MIPIBU ; Acessar a via sem observar a presença dos outros veículos ; Colisão lateral mesmo sentido ; Com Vítimas Feridas ; Pleno dia ; Decrescente ; Céu Claro ; Dupla ; Reta ; Não ;3;0;1;0;2;0;1;2;-5,99954;-35,259878; SPRF-RN ; DEL01-RN ; UOP01-DEL01-RN 
496783;2023-01-02; segunda-feira ; 09:20:00 ; MG ;40;590; ITABIRITO ; Ausência de reação do condutor ; Colisão lateral sentido oposto ; Com Vítimas Feridas ; Pleno dia ; Crescente ; Céu Claro ; Simples ; Curva ; Não ;3;0;2;0;1;0;2;2;-20,36807799;-43,90982881; SPRF-MG ; DEL01-MG ; UOP02-DEL01-MG 
496785;2023-01-02; segunda-feira ; 09:00:00 ; SC ;282;388,7; JOACABA ; Pedestre cruzava a pista fora da faixa ; Atropelamento de Pedestre ; Com Vítimas Feridas ; Pleno dia ; Crescente ; Nublado ; Simples ; Não Informado ; Não ;2;0;1;1;0;0;2;1;-27,179003;-51,531616; SPRF-SC ; DEL07-SC ; UOP05-DEL07-SC 