 id ; data_inversa ; dia_semana ; horario ; uf ; br ; km ; municipio ; causa_acidente ; tipo_acidente ; classificacao_acidente ; fase_dia ; sentido_via ; condicao_metereologica ; tipo_pista ; tracado_via ; uso_solo ; pessoas ; mortos ; feridos_leves ; feridos_graves ; ilesos ; ignorados ; feridos ; veiculos ; latitude ; longitude ; regional ; delegacia ; uop 
496786;2023-01-02; segunda-feira ; 09:45:00 ; RS ;285;208,5; LAGOA VERMELHA ; Acessar a via sem observar a presença dos outros veículos ; Colisão transversal ; Com Vítimas Feridas ; Pleno dia ; Decrescente ; Garoa/Chuvisco ; Simples ; Interseção de vias ; Não ;5;0;2;0;3;0;2;2;-28,221825;-51,598278; SPRF-RS ; DEL08-RS ; UOP05-DEL08-RS 
496788;2023-01-02; segunda-feira ; 10:10:00 ; SC ;101;187,3; BIGUACU ; Reação tardia ou ineficiente do condutor ; Colisão lateral mesmo sentido ; Com Vítimas Feridas ; Pleno dia ; Crescente ; Céu Claro ; Dupla ; Reta ; Não ;2;0;0;1;1;0;1;2;-27,44307116;-48,62848475; SPRF-SC ; DEL01-SC ; UOP01-DEL01-SC 
496790;2023-01-02; segunda-feira ; 10:30:00 ; CE ;116;3; FORTALEZA ; Manobra de mudança de faixa ; Colisão lateral mesmo sentido ; Sem Vítimas ; Pleno dia ; Decrescente ; Céu Claro ; Simples ; Curva ; Sim ;2;0;0;0;2;0;0;2;-3,77980308;-38,51413965; SPRF-CE ; DEL01-CE ; UOP02-DEL01-CE 
496791;2023-01-02; segunda-feira ; 10:00:00 ; MG ;50;110,4; UBERABA ; Demais falhas mecânicas ou elétricas ; Saída de leito carroçável ; Com Vítimas Feridas ; Pleno dia ; Decrescente ; Céu Claro ; Dupla ; Não Informado ; Não ;5;0;5;0;0;0;5;1;-19,23226801;-48,14217502; SPRF-MG ; DEL13-MG ; UOP01-DEL13-MG 
496792;2023-01-02; segunda-feira ; 10:45:00 ; RS ;101;86; OSORIO ; Ausência de reação do condutor ; Colisão traseira ; Com Vítimas Feridas ; Pleno dia ; Crescente ; Chuva ; Dupla ; Reta ; Sim ;3;0;1;0;2;0;1;2;-29,8754149;-50,25734711; SPRF-RS ; DEL03-RS ; UOP01-DEL03-RS 
496793;2023-01-02; segunda-feira ; 11:10:00 ; MG ;40;665,3; CARANDAI ; Acessar a via sem observar a presença dos outros veículos ; Colisão transversal ; Com Vítimas Feridas ; Pleno dia ; Crescente ; Nublado ; Simples ; Não Informado ; Não ;4;0;1;0;3;0;1;2;-20,94335;-43,810075; SPRF-MG ; DEL05-MG ; UOP02-DEL05-MG 
496794;2023-01-02; segunda-feira ; 11:00:00 ; PA ;10;354; SANTA MARIA DO PARA ; Condutor deixou de manter distância do veículo da frente ; Colisão traseira ; Sem Vítimas ; Pleno dia ; Crescente ; Céu Claro ; Simples ; Reta ; Sim ;2;0;0;0;2;0;0;2;-1,34759789;-47,57735696; SPRF-PA ; DEL01-PA ; UOP02-DEL01-PA 
496796;2023-01-02; segunda-feira ; 09:00:00 ; RN ;406;17,1; MACAU ; Demais falhas mecânicas ou elétricas ; Saída de leito carroçável ; Com Vítimas Feridas ; Pleno dia ; Crescente ; Céu Claro ; Simples ; Reta ; Não ;3;0;0;3;0;0;3;1;-5,196464;-36,492967; SPRF-RN ; DEL02-RN ; UOP01-DEL02-RN 
496797;2023-01-02; segunda-feira ; 10:00:00 ; PR ;277;395,8; CANDOI ; Acessar a via sem observar a presença dos outros veículos ; Colisão transversal ; Com Vítimas Feridas ; Pleno dia ; Decrescente ; Chuva ; Simples ; Não Informado ; Não ;5;0;3;0;2;0;3;2;-25,44693293;-51,89773601; SPRF-PR ; DEL08-PR ; UOP01-DEL08-PR 
496798;2023-01-02; segunda-feira ; 11:20:00 ; SC ;101;207,8; SAO JOSE ; Trafegar com motocicleta (ou similar) entre as faixas ; Colisão lateral mesmo sentido ; Com Vítimas Feridas ; Pleno dia ; Crescente ; Sol ; Múltipla ; Reta ; Sim ;2;0;1;0;1;0;1;2;-27,60001226;-48,6226467; SPRF-SC ; DEL01-SC ; UOP01-DEL01-SC 
496799;2023-01-02; segunda-feira ; 10:35:00 ; RJ ;101;458; ANGRA DOS REIS ; Reação tardia ou ineficiente do condutor ; Colisão transversal ; Com Vítimas Feridas ; Pleno dia ; Crescente ; Céu Claro ; Simples ; Não Informado ; Sim ;2;0;0;1;1;0;1;2;-23,0376863;-44,18393352; SPRF-RJ ; DEL03-RJ ; UOP02-DEL03-RJ 
496800;2023-01-02; segunda-feira ; 10:15:00 ; SC ;101;319,2; PESCARIA BRAVA ; Reação tardia ou ineficiente do condutor ; Engavetamento ; Com Vítimas Feridas ; Pleno dia ; Crescente ; Céu Claro ; Dupla ; Reta ; Sim ;9;0;7;0;2;0;7;3;-28,42532339;-48,8919091; SPRF-SC ; DEL02-SC ; UOP01-DEL02-SC 
496801;2023-01-02; segunda-feira ; 07:30:00 ; MG ;153;210; FRUTAL ; Condutor Dormindo ; Saída de leito carroçável ; Sem Vítimas ; Pleno dia ; Decrescente ; Nublado ; Simples ; Não Informado ; Não ;1;0;0;0;0;1;0;1;-20,07281424;-49,07299961; SPRF-MG ; DEL13-MG ; UOP02-DEL13-MG 
496802;2023-01-02; segunda-feira ; 11:00:00 ; PR ;277;27; MORRETES ; Reação tardia ou ineficiente do condutor ; Colisão traseira ; Com Vítimas Feridas ; Pleno dia ; Crescente ; Sol ; Dupla ; Reta ; Não ;2;0;1;0;1;0;1;1;-25,52935033;-48,72534598; SPRF-PR ; DEL01-PR ; UOP05-DEL01-PR 
496803;2023-01-02; segunda-feira ; 12:10:00 ; SC ;101;208,3; SAO JOSE ; Reação tardia ou ineficiente do condutor ; Colisão traseira ; Com Vítimas Feridas ; Pleno dia ; Decrescente ; Céu Claro ; Múltipla ; Reta ; Não ;3;0;1;0;2;0;1;2;-27,60327979;-48,63201818; SPRF-SC ; DEL01-SC ; UOP01-DEL01-SC 
496805;2023-01-02; segunda-feira ; 12:15:00 ; MG ;381;439,5; SABARA ; Acumulo de água sobre o pavimento ; Colisão com objeto ; Sem Vítimas ; Pleno dia ; Crescente ; Chuva ; Dupla ; Curva ; Sim ;1;0;0;0;1;0;0;1;-19,80927691;-43,78706001; SPRF-MG ; DEL01-MG ; UOP01-DEL01-MG 
496808;2023-01-02; segunda-feira ; 12:20:00 ; SP ;381;40,8; ATIBAIA ; Pista esburacada ; Tombamento ; Com Vítimas Feridas ; Pleno dia ; Decrescente ; Céu Claro ; Dupla ; Não Informado ; Sim ;2;0;2;0;0;0;2;1;-23,12997498;-46,5767598; SPRF-SP ; DEL03-SP ; UOP01-DEL03-SP 
496809;2023-01-02; segunda-feira ; 12:05:00 ; RS ;386;394,7; TRIUNFO ; Manobra de mudança de faixa ; Colisão lateral mesmo sentido ; Com Vítimas Feridas ; Pleno dia ; Decrescente ; Céu Claro ; Simples ; Reta ; Não ;5;0;0;2;2;1;2;2;-29,718338;-51,642879; SPRF-RS ; DEL04-RS ; UOP04-DEL04-RS 
496810;2023-01-02; segunda-feira ; 11:30:00 ; BA ;101;226; SAPEACU ; Reação tardia ou ineficiente do condutor ; Colisão transversal ; Sem Vítimas ; Pleno dia ; Decrescente ; Chuva ; Simples ; Curva ; Não ;2;0;0;0;2;0;0;2;-12,80170786;-39,19385848; SPRF-BA ; DEL01-BA ; UOP02-DEL01-BA 
496812;2023-01-02; segunda-feira ; 14:30:00 ; PR ;376;304,8; MAUA DA SERRA ; Pista Escorregadia ; Colisão com objeto ; Com Vítimas Feridas ; Pleno dia ; Decrescente ; Garoa/Chuvisco ; Dupla ; Não Informado ; Não ;9;0;1;0;8;0;1;3;-23,93147536;-51,13013506; SPRF-PR ; DEL07-PR ; UOP02-DEL07-PR 
496814;2023-01-02; segunda-feira ; 12:39:00 ; RJ ;393;238; VASSOURAS ; Acessar a via sem observar a presença dos outros veículos ; Colisão transversal ; Com Vítimas Fatais ; Pleno dia ; Crescente ; Céu Claro ; Simples ; Interseção de vias ; Sim ;4;1;1;0;2;0;1;2;-22,42926561;-43,69685411; SPRF-RJ ; DEL05-RJ ; UOP01-DEL05-RJ 
496815;2023-01-02; segunda-feira ; 13:00:00 ; ES ;101;260; SERRA ; Pista esburacada ; Queda de ocupante de veículo ; Com Vítimas Feridas ; Pleno dia ; Decrescente ; Céu Claro ; Simples ; Curva ; Sim ;1;0;1;0;0;0;1;1;-20,14616415;-40,28836206; SPRF-ES ; DEL02-ES ; UOP01-DEL02-ES 
496820;2023-01-02; segunda-feira ; 13:00:00 ; MG ;262;592,1; CAMPOS ALTOS ; Velocidade Incompatível ; Saída de leito carroçável ; Com Vítimas Feridas ; Pleno dia ; Decrescente ; Chuva ; Simples ; Reta ; Não ;3;0;3;0;0;0;3;1;-19,66557145;-46,15143992; SPRF-MG ; DEL08-MG ; UOP02-DEL08-MG 
496821;2023-01-02; segunda-feira ; 13:00:00 ; SP ;116;82,3; ROSEIRA ; Manobra de mudança de faixa ; Capotamento ; Com Vítimas Feridas ; Pleno dia ; Crescente ; Céu Claro ; Dupla ; Reta ; Não ;3;0;1;0;2;0;1;2;-22,90918532;-45,31883185; SPRF-SP ; DEL08-SP ; UOP01-DEL08-SP 
496822;2023-01-02; segunda-feira ; 12:50:00 ; RS ;290;89; PORTO ALEGRE ; Manobra de mudança de faixa ; Colisão lateral mesmo sentido ; Com Vítimas Feridas ; Pleno dia ; Decrescente ; Céu Claro ; Múltipla ; Reta ; Sim ;5;0;2;0;2;1;2;2;-29,967892;-51,147331; SPRF-RS ; DEL01-RS ; UOP01-DEL01-RS 
496823;2023-01-02; segunda-feira ; 11:10:00 ; RO ;364;174,8; PIMENTA BUENO ; Avarias e/ou desgaste excessivo no pneu ; Incêndio ; Sem Vítimas ; Pleno dia ; Decrescente ; Nublado ; Simples ; Reta ; Não ;1;0;0;0;1;0;0;1;-11,81737786;-61,03744379; SPRF-RO ; DEL02-RO ; UOP02-DEL02-RO 
496824;2023-01-02; segunda-feira ; 13:55:00 ; ES ;101;285,9; CARIACICA ; Velocidade Incompatível ; Colisão com objeto ; Com Vítimas Feridas ; Pleno dia ; Crescente ; Chuva ; Dupla ; Não Informado ; Não ;1;0;1;0;0;0;1;1;-20,25148171;-40,37270066; SPRF-ES ; DEL01-ES ; UOP01-DEL01-ES 
496825;2023-01-02; segunda-feira ; 11:00:00 ; MG ;50;172,4; UBERABA ; Condutor deixou de manter distância do veículo da frente ; Colisão traseira ; Com Vítimas Feridas ; Pleno dia ; Decrescente ; Céu Claro ; Dupla ; Reta ; Sim ;2;0;1;0;1;0;1;2;-19,75402507;-47,98051917; SPRF-MG ; DEL13-MG ; UOP01-DEL13-MG 
496826;2023-01-02; segunda-feira ; 12:55:00 ; MG ;40;706,7; BARBACENA ; Chuva ; Saída de leito carroçável ; Com Vítimas Feridas ; Pleno dia ; Decrescente ; Chuva ; Dupla ; Curva ; Não ;2;0;1;1;0;0;2;1;-21,21920717;-43,73715105; SPRF-MG ; DEL05-MG ; UOP02-DEL05-MG 
496829;2023-01-02; segunda-feira ; 13:55:00 ; PR ;277;717,2; SANTA TEREZINHA DE ITAIPU ; Ingestão de álcool e/ou substâncias psicoativas pelo pedestre ; Saída de leito carroçável ; Com Vítimas Feridas ; Pleno dia ; Crescente ; Nublado ; Dupla ; Reta ; Não ;1;0;0;1;0;0;1;1;-25,47637493;-54,47651902; SPRF-PR ; DEL05-PR ; UOP01-DEL05-PR 
496830;2023-01-02; segunda-feira ; 13:25:00 ; MT ;364;283,6; JACIARA ; Reação tardia ou ineficiente do condutor ; Saída de leito carroçável ; Com Vítimas Feridas ; Pleno dia ; Decrescente ; Chuva ; Dupla ; Curva ; Não ;3;0;0;1;2;0;1;1;-15,91422521;-55,03282318; SPRF-MT ; DEL05-MT ; UOP02-DEL05-MT 
496832;2023-01-02; segunda-feira ; 12:30:00 ; PE ;232;408; SERRA TALHADA ; Reação tardia ou ineficiente do condutor ; Colisão transversal ; Com Vítimas Feridas ; Pleno dia ; Crescente ; Céu Claro ; Simples ; Não Informado ; Não ;1;0;0;1;0;0;1;1;-7,98371447;-38,28047709; SPRF-PE ; DEL04-PE ; UOP01-DEL04-PE 
496835;2023-01-02; segunda-feira ; 14:30:00 ; MG ;381;837,9; SAO SEBASTIAO DA BELA VISTA ; Velocidade Incompatível ; Saída de leito carroçável ; Com Vítimas Fatais ; Pleno dia ; Crescente ; Chuva ; Dupla ; Curva ; Não ;4;1;3;0;0;0;3;1;-22,14866343;-45,82239048; SPRF-MG ; DEL16-MG ; UOP01-DEL16-MG 
496837;2023-01-02; segunda-feira ; 15:30:00 ; SC ;101;32; JOINVILLE ; Ingestão de álcool pelo condutor ; Queda de ocupante de veículo ; Com Vítimas Feridas ; Pleno dia ; Decrescente ; Nublado ; Dupla ; Reta ; Não ;2;0;2;0;0;0;2;1;-26,25144014;-48,90801389; SPRF-SC ; DEL03-SC ; UOP01-DEL03-SC 
496838;2023-01-02; segunda-feira ; 01:10:00 ; SC ;282;603,8; MARAVILHA ; Animais na Pista ; Atropelamento de Animal ; Sem Vítimas ; Plena Noite ; Crescente ; Nublado ; Simples ; Não Informado ; Não ;1;0;0;0;0;1;0;1;-26,803013;-53,188068; SPRF-SC ; DEL07-SC ; UOP02-DEL07-SC 
496839;2023-01-02; segunda-feira ; 07:50:00 ; BA ;324;616; SALVADOR ; Acessar a via sem observar a presença dos outros veículos ; Queda de ocupante de veículo ; Com Vítimas Feridas ; Pleno dia ; Decrescente ; Céu Claro ; Dupla ; Reta ; Sim ;1;0;1;0;0;0;1;1;-12,87957905;-38,43213893; SPRF-BA ; DEL01-BA ; UOP01-DEL01-BA 
496841;2023-01-02; segunda-feira ; 15:35:00 ; ES ;101;373,8; ICONHA ; Reação tardia ou ineficiente do condutor ; Colisão com objeto ; Com Vítimas Feridas ; Pleno dia ; Decrescente ; Céu Claro ; Dupla ; Reta ; Não ;1;0;1;0;0;0;1;1;-20,78360044;-40,78155041; SPRF-ES ; DEL03-ES ; UOP01-DEL03-ES 
496842;2023-01-02; segunda-feira ; 12:50:00 ; SC ;470;219; SAO CRISTOVAO DO SUL ; Ausência de reação do condutor ; Colisão frontal ; Com Vítimas Feridas ; Pleno dia ; Crescente ; Chuva ; Simples ; Não Informado ; Não ;9;0;5;2;2;0;7;3;-27,30101138;-50,29987335; SPRF-SC ; DEL05-SC ; UOP03-DEL05-SC 
496843;2023-01-02; segunda-feira ; 15:40:00 ; SC ;280;45; GUARAMIRIM ; Condutor deixou de manter distância do veículo da frente ; Colisão traseira ; Com Vítimas Feridas ; Pleno dia ; Crescente ; Céu Claro ; Simples ; Reta ; Não ;2;0;1;0;1;0;1;2;-26,45236168;-48,89788602; SPRF-SC ; DEL03-SC ; UOP03-DEL03-SC 
496844;2023-01-02; segunda-feira ; 16:00:00 ; SC ;101;212; PALHOCA ; Reação tardia ou ineficiente do condutor ; Atropelamento de Pedestre ; Com Vítimas Feridas ; Pleno dia ; Decrescente ; Céu Claro ; Simples ; Não Informado ; Sim ;2;0;1;0;1;0;1;1;-27,62996929;-48,65903871; SPRF-SC ; DEL01-SC ; UOP02-DEL01-SC 
496845;2023-01-02; segunda-feira ; 16:25:00 ; SP ;101;35,2; UBATUBA ; Acessar a via sem observar a presença dos outros veículos ; Colisão transversal ; Com Vítimas Feridas ; Pleno dia ; Decrescente ; Nublado ; Simples ; Não Informado ; Sim ;2;0;0;1;1;0;1;2;-23,39244374;-45,00823311; SPRF-SP ; DEL06-SP ; UOP01-DEL06-SP 
496847;2023-01-02; segunda-feira ; 15:30:00 ; RJ ;116;327,3; ITATIAIA ; Ingestão de álcool pelo condutor ; Colisão transversal ; Com Vítimas Feridas ; Pleno dia ; Crescente ; Céu Claro ; Dupla ; Reta ; Não ;2;0;1;0;1;0;1;2;-22,50266517;-44,59071636; SPRF-RJ ; DEL07-RJ ; UOP02-DEL07-RJ 
496849;2023-01-02; segunda-feira ; 16:30:00 ; SP ;116;304; SAO LOURENCO DA SERRA ; Ausência de reação do condutor ; Tombamento ; Com Vítimas Feridas ; Pleno dia ; Decrescente ; Nublado ; Múltipla ; Reta ; Não ;1;0;1;0;0;0;1;1;-23,835151;-46,92964497; SPRF-SP ; DEL04-SP ; UOP01-DEL04-SP 
496850;2023-01-02; segunda-feira ; 16:30:00 ; PE ;428;188; PETROLINA ; Manobra de mudança de faixa ; Colisão lateral mesmo sentido ; Com Vítimas Feridas ; Pleno dia ; Crescente ; Nublado ; Dupla ; Reta ; Sim ;3;0;2;0;1;0;2;2;-9,36400596;-40,48266808; SPRF-PE ; DEL06-PE ; UOP01-DEL06-PE 
496852;2023-01-02; segunda-feira ; 12:30:00 ; PR ;116;22; CAMPINA GRANDE DO SUL ; Chuva ; Saída de leito carroçável ; Com Vítimas Feridas ; Pleno dia ; Crescente ; Chuva ; Dupla ; Não Informado ; Não ;5;0;0;3;2;0;3;1;-25,10922624;-48,74659689; SPRF-PR ; DEL01-PR ; UOP02-DEL01-PR 
496853;2023-01-02; segunda-feira ; 14:35:00 ; MG ;381;837,9; SAO SEBASTIAO DA BELA VISTA ; Chuva ; Saída de leito carroçável ; Com Vítimas Feridas ; Pleno dia ; Crescente ; Chuva ; Dupla ; Não Informado ; Não ;6;0;3;0;3;0;3;2;-22,18544691;-45,84411022; SPRF-MG ; DEL16-MG ; UOP01-DEL16-MG 
496854;2023-01-02; segunda-feira ; 15:45:00 ; MG ;40;507,6; RIBEIRAO DAS NEVES ; Acessar a via sem observar a presença dos outros veículos ; Colisão transversal ; Com Vítimas Feridas ; Pleno dia ; Crescente ; Nublado ; Dupla ; Reta ; Sim ;2;0;0;1;1;0;1;2;-19,75431705;-44,14152606; SPRF-MG ; DEL02-MG ; UOP01-DEL02-MG 
496855;2023-01-02; segunda-feira ; 12:10:00 ; MA ;230;390; BALSAS ; Transitar na contramão ; Colisão frontal ; Com Vítimas Feridas ; Pleno dia ; Crescente ; Céu Claro ; Simples ; Reta ; Não ;6;0;1;1;4;0;2;2;-7,40899908;-45,99140784; SPRF-MA ; DEL05-MA ; UOP01-DEL05-MA 
496856;2023-01-02; segunda-feira ; 17:10:00 ; MG ;40;632,5; CONSELHEIRO LAFAIETE ; Manobra de mudança de faixa ; Colisão transversal ; Com Vítimas Feridas ; Pleno dia ; Crescente ; Chuva ; Simples ; Não Informado ; Não ;2;0;0;1;1;0;1;2;-20,67348593;-43,7968977; SPRF-MG ; DEL05-MG ; UOP02-DEL05-MG 
496857;2023-01-02; segunda-feira ; 14:30:00 ; MS ;163;435; CAMPO GRANDE ; Ausência de reação do condutor ; Saída de leito carroçável ; Com Vítimas Feridas ; Pleno dia ; Crescente ; Chuva ; Simples ; Não Informado ; Não ;3;0;3;0;0;0;3;1;-20,85681699;-54,50962695; SPRF-MS ; DEL01-MS ; UOP01-DEL01-MS 
496858;2023-01-02; segunda-feira ; 12:10:00 ; MT ;163;771; SORRISO ; Reação tardia ou ineficiente do condutor ; Saída de leito carroçável ; Com Vítimas Feridas ; Pleno dia ; Decrescente ; Chuva ; Simples ; Reta ; Não ;5;0;3;2;0;0;5;1;-12,40479;-55,626013; SPRF-MT ; DEL06-MT ; UOP02-DEL06-MT 
496860;2023-01-02; segunda-feira ; 15:20:00 ; MA ;316;616,6; TIMON ; Acessar a via sem observar a presença dos outros veículos ; Colisão transversal ; Com Vítimas Feridas ; Pleno dia ; Decrescente ; Céu Claro ; Dupla ; Não Informado ; Sim ;2;0;0;1;1;0;1;2;-5,094195;-42,832569; SPRF-MA ; DEL03-MA ; UOP02-DEL03-MA 
496861;2023-01-02; segunda-feira ; 16:25:00 ; MG ;251;505,5; FRANCISCO SA ; Conversão proibida ; Colisão transversal ; Com Vítimas Feridas ; Pleno dia ; Crescente ; Sol ; Simples ; Reta ; Não ;3;0;2;1;0;0;3;2;-16,61623136;-43,68084596; SPRF-MG ; DEL12-MG ; UOP01-DEL12-MG 
496863;2023-01-02; segunda-feira ; 17:50:00 ; RS ;116;262; CANOAS ; Ingestão de álcool pelo condutor ; Colisão com objeto ; Sem Vítimas ; Pleno dia ; Crescente ; Céu Claro ; Dupla ; Reta ; Sim ;1;0;0;0;1;0;0;1;-29,896475;-51,17593; SPRF-RS ; DEL01-RS ; UOP01-DEL01-RS 
496864;2023-01-02; segunda-feira ; 11:48:00 ; PR ;277;110; CAMPO LARGO ; Reação tardia ou ineficiente do condutor ; Engavetamento ; Com Vítimas Feridas ; Pleno dia ; Crescente ; Nublado ; Dupla ; Não Informado ; Sim ;7;0;2;0;5;0;2;3;-25,44625996;-49,36369775; SPRF-PR ; DEL03-PR ; UOP03-DEL03-PR 
496865;2023-01-02; segunda-feira ; 17:30:00 ; PR ;116;67; CAMPINA GRANDE DO SUL ; Reação tardia ou ineficiente do condutor ; Engavetamento ; Com Vítimas Feridas ; Anoitecer ; Decrescente ; Garoa/Chuvisco ; Dupla ; Reta ; Não ;11;0;1;0;10;0;1;4;-25,31033956;-49,01212903; SPRF-PR ; DEL01-PR ; UOP02-DEL01-PR 
496866;2023-01-02; segunda-feira ; 17:30:00 ; PB ;104;140; QUEIMADAS ; Conversão proibida ; Colisão transversal ; Com Vítimas Feridas ; Pleno dia ; Decrescente ; Nublado ; Simples ; Reta ; Sim ;2;0;0;1;1;0;1;2;-7,37817097;-35,89737088; SPRF-PB ; DEL02-PB ; UOP03-DEL02-PB 
496867;2023-01-02; segunda-feira ; 17:50:00 ; SP ;101;48,2; UBATUBA ; Acessar a via sem observar a presença dos outros veículos ; Colisão transversal ; Com Vítimas Feridas ; Pleno dia ; Crescente ; Nublado ; Simples ; Não Informado ; Sim ;3;0;1;0;2;0;1;2;-23,43696329;-45,08768768; SPRF-SP ; DEL06-SP ; UOP01-DEL06-SP 
496868;2023-01-02; segunda-feira ; 17:50:00 ; PE ;101;48; ABREU E LIMA ; Iluminação deficiente ; Atropelamento de Pedestre ; Com Vítimas Feridas ; Anoitecer ; Decrescente ; Céu Claro ; Múltipla ; Curva ; Não ;2;0;0;1;0;1;1;1;-7,89174705;-34,9033493; SPRF-PE ; DEL01-PE ; UOP02-DEL01-PE 
496869;2023-01-02; segunda-feira ; 16:50:00 ; MG ;50;165,6; UBERABA ; Reação tardia ou ineficiente do condutor ; Colisão traseira ; Com Vítimas Feridas ; Pleno dia ; Crescente ; Céu Claro ; Simples ; Não Informado ; Sim ;2;0;1;0;1;0;1;2;-19,69326783;-47,98949154; SPRF-MG ; DEL13-MG ; UOP01-DEL13-MG 
496870;2023-01-02; segunda-feira ; 16:00:00 ; PA ;316;89; SAO FRANCISCO DO PARA ; Acesso irregular ; Colisão lateral mesmo sentido ; Com Vítimas Feridas ; Pleno dia ; Crescente ; Nublado ; Simples ; Reta ; Não ;4;0;1;0;3;0;1;2;-1,3179079;-47,70074398; SPRF-PA ; DEL01-PA ; UOP02-DEL01-PA 
496871;2023-01-02; segunda-feira ; 11:30:00 ; SC ;101;154,9; PORTO BELO ; Condutor deixou de manter distância do veículo da frente ; Engavetamento ; Com Vítimas Feridas ; Pleno dia ; Decrescente ; Céu Claro ; Simples ; Não Informado ; Sim ;4;0;1;0;3;0;1;3;-27,153819;-48,61086393; SPRF-SC ; DEL04-SC ; UOP03-DEL04-SC 
496874;2023-01-02; segunda-feira ; 18:00:00 ; ES ;262;112; VENDA NOVA DO IMIGRANTE ; Conversão proibida ; Colisão transversal ; Com Vítimas Feridas ; Plena Noite ; Crescente ; Chuva ; Dupla ; Reta ; Não ;2;0;1;0;1;0;1;2;-20,33756085;-41,19989497; SPRF-ES ; DEL01-ES ; UOP02-DEL01-ES 
496876;2023-01-02; segunda-feira ; 17:45:00 ; PR ;277;33; MORRETES ; Trafegar com motocicleta (ou similar) entre as faixas ; Colisão lateral mesmo sentido ; Com Vítimas Feridas ; Pleno dia ; Crescente ; Céu Claro ; Dupla ; Reta ; Não ;4;0;1;0;3;0;1;2;-25,56528472;-48,81250262; SPRF-PR ; DEL01-PR ; UOP05-DEL01-PR 
496879;2023-01-02; segunda-feira ; 18:30:00 ; RJ ;40;97; DUQUE DE CAXIAS ; Acumulo de água sobre o pavimento ; Colisão com objeto ; Com Vítimas Feridas ; Anoitecer ; Crescente ; Chuva ; Simples ; Curva ; Não ;2;0;2;0;0;0;2;1;-22,57356181;-43,27802893; SPRF-RJ ; DEL01-RJ ; UOP01-DEL01-RJ 
496880;2023-01-02; segunda-feira ; 18:10:00 ; RS ;386;346; LAJEADO ; Reação tardia ou ineficiente do condutor ; Saída de leito carroçável ; Com Vítimas Feridas ; Pleno dia ; Decrescente ; Céu Claro ; Dupla ; Não Informado ; Sim ;1;0;1;0;0;0;1;1;-29,446793;-51,974564; SPRF-RS ; DEL04-RS ; UOP01-DEL04-RS 
496881;2023-01-02; segunda-feira ; 18:29:00 ; TO ;153;695,8; CARIRI DO TOCANTINS ; Reação tardia ou ineficiente do condutor ; Saída de leito carroçável ; Com Vítimas Feridas ; Anoitecer ; Decrescente ; Céu Claro ; Simples ; Desvio Temporário ; Não ;1;0;0;1;0;0;1;1;-11,91192015;-49,1761127; SPRF-TO ; DEL01-TO ; UOP02-DEL01-TO 
496883;2023-01-02; segunda-feira ; 18:20:00 ; RJ ;116;198; QUEIMADOS ; Condutor deixou de manter distância do veículo da frente ; Colisão traseira ; Com Vítimas Feridas ; Plena Noite ; Decrescente ; Céu Claro ; Dupla ; Reta ; Não ;5;0;1;0;4;0;1;2;-22,72952183;-43,57481597; SPRF-RJ ; DEL01-RJ ; UOP02-DEL01-RJ 
496886;2023-01-02; segunda-feira ; 17:35:00 ; RS ;290;440,9; SAO GABRIEL ; Animais na Pista ; Colisão com objeto ; Com Vítimas Feridas ; Pleno dia ; Crescente ; Céu Claro ; Simples ; Não Informado ; Não ;3;0;2;1;0;0;3;1;-30,26143955;-54,52046871; SPRF-RS ; DEL11-RS ; UOP02-DEL11-RS 
496887;2023-01-02; segunda-feira ; 18:25:00 ; MG ;116;275,8; TEOFILO OTONI ; Conversão proibida ; Colisão transversal ; Com Vítimas Feridas ; Plena Noite ; Crescente ; Céu Claro ; Simples ; Reta ; Sim ;2;0;0;1;1;0;1;2;-17,84235093;-41,51410418; SPRF-MG ; DEL11-MG ; UOP01-DEL11-MG 
496888;2023-01-02; segunda-feira ; 16:40:00 ; PR ;277;25; MORRETES ; Reação tardia ou ineficiente do condutor ; Colisão traseira ; Com Vítimas Feridas ; Pleno dia ; Crescente ; Chuva ; Dupla ; Reta ; Não ;6;0;2;3;1;0;5;2;-25,53252847;-48,75457764; SPRF-PR ; DEL01-PR ; UOP05-DEL01-PR 
496889;2023-01-02; segunda-feira ; 18:40:00 ; MG ;40;801,3; JUIZ DE FORA ; Pista Escorregadia ; Capotamento ; Com Vítimas Feridas ; Plena Noite ; Decrescente ; Garoa/Chuvisco ; Dupla ; Curva ; Não ;1;0;1;0;0;0;1;1;-21,84672919;-43,37899486; SPRF-MG ; DEL05-MG ; UOP01-DEL05-MG 
496890;2023-01-02; segunda-feira ; 19:50:00 ; BA ;242;851; BARREIRAS ; Reação tardia ou ineficiente do condutor ; Colisão lateral sentido oposto ; Com Vítimas Feridas ; Plena Noite ; Crescente ; Ignorado ; Simples ; Reta ; Não ;6;0;1;0;5;0;1;2;-12,10830458;-45,29749994; SPRF-BA ; DEL10-BA ; UOP01-DEL10-BA 