 id ; data_inversa ; dia_semana ; horario ; uf ; br ; km ; municipio ; causa_acidente ; tipo_acidente ; classificacao_acidente ; fase_dia ; sentido_via ; condicao_metereologica ; tipo_pista ; tracado_via ; uso_solo ; pessoas ; mortos ; feridos_leves ; feridos_graves ; ilesos ; ignorados ; feridos ; veiculos ; latitude ; longitude ; regional ; delegacia ; uop 
496891;2023-01-02; segunda-feira ; 13:30:00 ; MG ;40;355; FELIXLANDIA ; Acessar a via sem observar a presença dos outros veículos ; Colisão transversal ; Com Vítimas Feridas ; Pleno dia ; Crescente ; Sol ; Simples ; Curva ; Não ;2;0;0;2;0;0;2;2;-18,731703;-44,874735; SPRF-MG ; DEL02-MG ; UOP01-DEL02-MG 
496893;2023-01-02; segunda-feira ; 19:50:00 ; RJ ;101;400; ITAGUAI ; Pedestre andava na pista ; Atropelamento de Pedestre ; Com Vítimas Feridas ; Plena Noite ; Decrescente ; Céu Claro ; Dupla ; Não Informado ; Sim ;2;0;0;1;0;1;1;1;-22,8483707;-43,76952338; SPRF-RJ ; DEL01-RJ ; UOP04-DEL01-RJ 
496894;2023-01-02; segunda-feira ; 19:00:00 ; RJ ;465;7; SEROPEDICA ; Demais falhas mecânicas ou elétricas ; Incêndio ; Sem Vítimas ; Plena Noite ; Crescente ; Céu Claro ; Dupla ; Reta ; Sim ;2;0;0;0;2;0;0;1;-22,761377;-43,686352; SPRF-RJ ; DEL01-RJ ; UOP03-DEL01-RJ 
496896;2023-01-02; segunda-feira ; 20:00:00 ; BA ;101;168,5; FEIRA DE SANTANA ; Ausência de reação do condutor ; Colisão frontal ; Com Vítimas Feridas ; Plena Noite ; Crescente ; Chuva ; Simples ; Reta ; Sim ;5;0;5;0;0;0;5;2;-12,3550374;-38,8494489; SPRF-BA ; DEL01-BA ; UOP03-DEL01-BA 
496897;2023-01-02; segunda-feira ; 20:20:00 ; SP ;101;39; UBATUBA ; Reação tardia ou ineficiente do condutor ; Atropelamento de Pedestre ; Com Vítimas Feridas ; Plena Noite ; Crescente ; Céu Claro ; Dupla ; Reta ; Não ;2;0;1;0;0;1;1;1;-23,41370139;-45,02666492; SPRF-SP ; DEL06-SP ; UOP01-DEL06-SP 
496898;2023-01-02; segunda-feira ; 20:00:00 ; PR ;376;624; SAO JOSE DOS PINHAIS ; Acesso irregular ; Atropelamento de Pedestre ; Com Vítimas Feridas ; Plena Noite ; Decrescente ; Céu Claro ; Dupla ; Reta ; Não ;2;0;0;1;1;0;1;1;-25,64336599;-49,15942795; SPRF-PR ; DEL01-PR ; UOP04-DEL01-PR 
496899;2023-01-02; segunda-feira ; 16:50:00 ; SC ;282;227,5; LAGES ; Condutor Dormindo ; Colisão frontal ; Com Vítimas Feridas ; Pleno dia ; Decrescente ; Céu Claro ; Simples ; Reta ; Não ;5;0;2;2;1;0;4;2;-27,795815;-50,399048; SPRF-SC ; DEL05-SC ; UOP02-DEL05-SC 
496900;2023-01-02; segunda-feira ; 17:20:00 ; SC ;101;130; BALNEARIO CAMBORIU ; Manobra de mudança de faixa ; Colisão lateral mesmo sentido ; Com Vítimas Feridas ; Pleno dia ; Decrescente ; Nublado ; Múltipla ; Reta ; Sim ;2;0;0;1;0;1;1;2;-26,98407618;-48,66977107; SPRF-SC ; DEL04-SC ; UOP03-DEL04-SC 
496902;2023-01-02; segunda-feira ; 20:30:00 ; RS ;116;237; NOVO HAMBURGO ; Manobra de mudança de faixa ; Colisão lateral mesmo sentido ; Sem Vítimas ; Plena Noite ; Decrescente ; Céu Claro ; Simples ; Reta ; Sim ;3;0;0;0;1;2;0;2;-29,67839398;-51,1422266; SPRF-RS ; DEL01-RS ; UOP02-DEL01-RS 
496903;2023-01-02; segunda-feira ; 18:20:00 ; RJ ;493;14,2; MAGE ; Acumulo de água sobre o pavimento ; Capotamento ; Com Vítimas Feridas ; Anoitecer ; Decrescente ; Chuva ; Simples ; Reta ; Não ;2;0;2;0;0;0;2;1;-22,67034011;-42,98256206; SPRF-RJ ; DEL02-RJ ; UOP04-DEL02-RJ 
496906;2023-01-02; segunda-feira ; 20:30:00 ; PR ;158;531; PATO BRANCO ; Acessar a via sem observar a presença dos outros veículos ; Colisão transversal ; Com Vítimas Feridas ; Pleno dia ; Crescente ; Céu Claro ; Simples ; Reta ; Sim ;2;0;1;0;1;0;1;2;-26,20228;-52,678215; SPRF-PR ; DEL02-PR ; UOP01-DEL02-PR 
496908;2023-01-02; segunda-feira ; 19:45:00 ; GO ;153;505,3; APARECIDA DE GOIANIA ; Acessar a via sem observar a presença dos outros veículos ; Colisão traseira ; Com Vítimas Feridas ; Plena Noite ; Decrescente ; Nublado ; Dupla ; Reta ; Não ;2;0;1;0;1;0;1;2;-16,7537;-49,2411; SPRF-GO ; DEL01-GO ; UOP01-DEL01-GO 
496909;2023-01-02; segunda-feira ; 20:30:00 ; SP ;116;329; JUQUITIBA ; Ausência de reação do condutor ; Queda de ocupante de veículo ; Com Vítimas Feridas ; Plena Noite ; Decrescente ; Nublado ; Dupla ; Desvio Temporário ; Não ;2;0;2;0;0;0;2;1;-23,93981788;-47,08868406; SPRF-SP ; DEL04-SP ; UOP03-DEL04-SP 
496910;2023-01-02; segunda-feira ; 19:55:00 ; GO ;153;593,3; PIRACANJUBA ; Chuva ; Saída de leito carroçável ; Com Vítimas Feridas ; Anoitecer ; Crescente ; Céu Claro ; Dupla ; Curva ; Não ;6;0;3;0;3;0;3;1;-17,4915;-49,2125; SPRF-GO ; DEL03-GO ; UOP01-DEL03-GO 
496911;2023-01-02; segunda-feira ; 20:00:00 ; MG ;262;444,8; NOVA SERRANA ; Reação tardia ou ineficiente do condutor ; Saída de leito carroçável ; Com Vítimas Feridas ; Plena Noite ; Decrescente ; Chuva ; Simples ; Não Informado ; Sim ;1;0;1;0;0;0;1;1;-19,86842224;-44,98754567; SPRF-MG ; DEL08-MG ; UOP03-DEL08-MG 
496912;2023-01-02; segunda-feira ; 20:40:00 ; PR ;376;174; MARINGA ; Condutor desrespeitou a iluminação vermelha do semáforo ; Colisão transversal ; Com Vítimas Feridas ; Plena Noite ; Crescente ; Céu Claro ; Dupla ; Interseção de vias ; Sim ;4;0;1;0;3;0;1;2;-23,41430102;-51,94984299; SPRF-PR ; DEL09-PR ; UOP01-DEL09-PR 
496914;2023-01-02; segunda-feira ; 21:00:00 ; RJ ;101;503; ANGRA DOS REIS ; Acessar a via sem observar a presença dos outros veículos ; Colisão frontal ; Com Vítimas Feridas ; Plena Noite ; Crescente ; Céu Claro ; Simples ; Reta ; Não ;3;0;1;0;2;0;1;2;-22,92894705;-44,37879998; SPRF-RJ ; DEL03-RJ ; UOP02-DEL03-RJ 
496916;2023-01-02; segunda-feira ; 18:30:00 ; MS ;267;415,1; MARACAJU ; Demais falhas mecânicas ou elétricas ; Saída de leito carroçável ; Com Vítimas Feridas ; Anoitecer ; Decrescente ; Garoa/Chuvisco ; Simples ; Curva ; Não ;5;0;4;0;0;1;4;1;-21,62496793;-55,61305495; SPRF-MS ; DEL05-MS ; UOP01-DEL05-MS 
496917;2023-01-02; segunda-feira ; 19:20:00 ; MG ;381;289; ANTONIO DIAS ; Ausência de reação do condutor ; Queda de ocupante de veículo ; Com Vítimas Feridas ; Plena Noite ; Crescente ; Nublado ; Simples ; Desvio Temporário ; Não ;1;0;1;0;0;0;1;1;-19,63794104;-42,82137904; SPRF-MG ; DEL03-MG ; UOP02-DEL03-MG 
496919;2023-01-02; segunda-feira ; 21:25:00 ; DF ;20;51; BRASILIA ; Ingestão de álcool pelo condutor ; Saída de leito carroçável ; Sem Vítimas ; Plena Noite ; Crescente ; Céu Claro ; Dupla ; Reta ; Não ;1;0;0;0;1;0;0;1;-15,580705;-47,41259; SPRF-DF ; DEL02-DF ; UOP01-DEL02-DF 
496920;2023-01-02; segunda-feira ; 21:10:00 ; RJ ;116;138; DUQUE DE CAXIAS ; Ausência de reação do condutor ; Queda de ocupante de veículo ; Com Vítimas Feridas ; Plena Noite ; Crescente ; Nublado ; Dupla ; Reta ; Não ;2;0;1;0;1;0;1;1;-22,64697319;-43,19165101; SPRF-RJ ; DEL01-RJ ; UOP01-DEL01-RJ 
496921;2023-01-02; segunda-feira ; 22:45:00 ; RS ;480;71,2; ERECHIM ; Ingestão de álcool pelo condutor ; Saída de leito carroçável ; Sem Vítimas ; Plena Noite ; Decrescente ; Chuva ; Simples ; Não Informado ; Sim ;1;0;0;0;1;0;0;1;-27,63596685;-52,31045723; SPRF-RS ; DEL08-RS ; UOP04-DEL08-RS 
496923;2023-01-02; segunda-feira ; 20:50:00 ; SP ;116;282; EMBU DAS ARTES ; Ausência de reação do condutor ; Saída de leito carroçável ; Com Vítimas Feridas ; Plena Noite ; Crescente ; Chuva ; Múltipla ; Desvio Temporário ; Não ;1;0;1;0;0;0;1;1;-23,68570216;-46,85970975; SPRF-SP ; DEL04-SP ; UOP01-DEL04-SP 
496924;2023-01-02; segunda-feira ; 20:35:00 ; RS ;293;347,3; SANTANA DO LIVRAMENTO ; Animais na Pista ; Atropelamento de Animal ; Com Vítimas Feridas ; Plena Noite ; Decrescente ; Céu Claro ; Simples ; Não Informado ; Não ;3;0;3;0;0;0;3;1;-30,81992086;-55,58942691; SPRF-RS ; DEL11-RS ; UOP01-DEL11-RS 
496926;2023-01-02; segunda-feira ; 21:50:00 ; MG ;116;409,5; GOVERNADOR VALADARES ; Acessar a via sem observar a presença dos outros veículos ; Colisão transversal ; Com Vítimas Feridas ; Plena Noite ; Crescente ; Nublado ; Dupla ; Não Informado ; Sim ;2;0;0;1;0;1;1;2;-18,855625;-41,975623; SPRF-MG ; DEL06-MG ; UOP01-DEL06-MG 
496927;2023-01-02; segunda-feira ; 22:40:00 ; RJ ;101;415; MANGARATIBA ; Acessar a via sem observar a presença dos outros veículos ; Colisão transversal ; Com Vítimas Feridas ; Plena Noite ; Decrescente ; Céu Claro ; Dupla ; Reta ; Não ;2;0;1;0;1;0;1;2;-22,90433243;-43,88181398; SPRF-RJ ; DEL01-RJ ; UOP04-DEL01-RJ 
496928;2023-01-02; segunda-feira ; 19:35:00 ; MG ;40;661,8; CARANDAI ; Chuva ; Saída de leito carroçável ; Com Vítimas Feridas ; Plena Noite ; Decrescente ; Chuva ; Simples ; Não Informado ; Não ;2;0;2;0;0;0;2;1;-20,915866;-43,825461; SPRF-MG ; DEL05-MG ; UOP02-DEL05-MG 
496931;2023-01-03; terça-feira ; 00:35:00 ; ES ;101;287; CARIACICA ; Condutor Dormindo ; Tombamento ; Com Vítimas Feridas ; Plena Noite ; Crescente ; Nublado ; Dupla ; Reta ; Sim ;1;0;1;0;0;0;1;1;-20,26493528;-40,38471702; SPRF-ES ; DEL01-ES ; UOP01-DEL01-ES 
496932;2023-01-03; terça-feira ; 00:10:00 ; BA ;101;469; URUCUCA ; Ultrapassagem Indevida ; Colisão frontal ; Com Vítimas Feridas ; Plena Noite ; Crescente ; Nublado ; Simples ; Reta ; Não ;4;0;2;1;1;0;3;2;-14,58225441;-39,33929443; SPRF-BA ; DEL05-BA ; UOP01-DEL05-BA 
496933;2023-01-02; segunda-feira ; 23:30:00 ; SC ;101;289,5; IMBITUBA ; Objeto estático sobre o leito carroçável ; Colisão com objeto ; Com Vítimas Feridas ; Plena Noite ; Crescente ; Céu Claro ; Dupla ; Curva ; Não ;1;0;1;0;0;0;1;1;-28,27564174;-48,69998932; SPRF-SC ; DEL02-SC ; UOP03-DEL02-SC 
496934;2023-01-03; terça-feira ; 01:25:00 ; PR ;376;290,6; MAUA DA SERRA ; Ingestão de álcool ou de substâncias psicoativas pelo pedestre ; Atropelamento de Pedestre ; Com Vítimas Feridas ; Plena Noite ; Crescente ; Nublado ; Dupla ; Reta ; Sim ;2;0;0;1;0;1;1;1;-23,9054437;-51,20205298; SPRF-PR ; DEL07-PR ; UOP02-DEL07-PR 
496936;2023-01-03; terça-feira ; 01:23:00 ; PR ;277;72; SAO JOSE DOS PINHAIS ; Velocidade Incompatível ; Colisão traseira ; Com Vítimas Feridas ; Plena Noite ; Decrescente ; Nublado ; Dupla ; Reta ; Não ;2;0;2;0;0;0;2;2;-25,52522628;-49,09755612; SPRF-PR ; DEL01-PR ; UOP01-DEL01-PR 
496937;2023-01-03; terça-feira ; 03:05:00 ; SP ;116;179; GUARAREMA ; Ausência de reação do condutor ; Colisão com objeto ; Com Vítimas Feridas ; Plena Noite ; Crescente ; Nublado ; Dupla ; Reta ; Não ;11;0;1;3;7;0;4;4;-23,33202124;-46,13661688; SPRF-SP ; DEL01-SP ; UOP01-DEL01-SP 
496939;2023-01-03; terça-feira ; 04:30:00 ; PR ;277;585; CASCAVEL ; Condutor Dormindo ; Colisão frontal ; Com Vítimas Feridas ; Plena Noite ; Decrescente ; Céu Claro ; Simples ; Reta ; Sim ;7;0;2;0;5;0;2;2;-24,96400704;-53,41227401; SPRF-PR ; DEL04-PR ; UOP01-DEL04-PR 
496941;2023-01-03; terça-feira ; 05:20:00 ; RS ;285;126,6; VACARIA ; Velocidade Incompatível ; Saída de leito carroçável ; Com Vítimas Feridas ; Amanhecer ; Crescente ; Nevoeiro/Neblina ; Simples ; Curva ; Não ;1;0;1;0;0;0;1;1;-28,47216866;-50,96799552; SPRF-RS ; DEL05-RS ; UOP03-DEL05-RS 
496944;2023-01-03; terça-feira ; 05:40:00 ; SP ;116;276; EMBU DAS ARTES ; Entrada inopinada do pedestre ; Atropelamento de Pedestre ; Com Vítimas Feridas ; Plena Noite ; Decrescente ; Céu Claro ; Múltipla ; Reta ; Sim ;3;0;1;0;2;0;1;1;-23,64262417;-46,83811382; SPRF-SP ; DEL04-SP ; UOP01-DEL04-SP 
496946;2023-01-03; terça-feira ; 05:30:00 ; PA ;316;35,5; SANTA IZABEL DO PARA ; Entrada inopinada do pedestre ; Atropelamento de Pedestre ; Com Vítimas Fatais ; Amanhecer ; Crescente ; Nublado ; Dupla ; Reta ; Sim ;3;1;0;0;2;0;0;1;-1,29146197;-48,164561; SPRF-PA ; DEL01-PA ; UOP01-DEL01-PA 
496947;2023-01-03; terça-feira ; 03:00:00 ; SC ;470;66,7; INDAIAL ; Velocidade Incompatível ; Saída de leito carroçável ; Sem Vítimas ; Plena Noite ; Decrescente ; Céu Claro ; Simples ; Não Informado ; Sim ;1;0;0;0;0;1;0;1;-26,870407;-49,221844; SPRF-SC ; DEL04-SC ; UOP01-DEL04-SC 
496948;2023-01-03; terça-feira ; 06:45:00 ; PB ;230;65,3; SAO MIGUEL DE TAIPU ; Velocidade Incompatível ; Saída de leito carroçável ; Sem Vítimas ; Pleno dia ; Decrescente ; Nublado ; Dupla ; Não Informado ; Não ;1;0;0;0;1;0;0;1;-7,18686611;-35,1920414; SPRF-PB ; DEL01-PB ; UOP03-DEL01-PB 
496951;2023-01-03; terça-feira ; 06:30:00 ; SC ;282;19; PALHOCA ; Frear bruscamente ; Colisão lateral sentido oposto ; Sem Vítimas ; Pleno dia ; Decrescente ; Nublado ; Simples ; Não Informado ; Não ;2;0;0;0;2;0;0;2;-27,678635;-48,70192; SPRF-SC ; DEL01-SC ; UOP02-DEL01-SC 
496952;2023-01-03; terça-feira ; 07:20:00 ; PB ;101;92; JOAO PESSOA ; Ausência de reação do condutor ; Colisão lateral mesmo sentido ; Com Vítimas Feridas ; Pleno dia ; Decrescente ; Sol ; Dupla ; Reta ; Sim ;2;0;1;0;1;0;1;2;-7,19683829;-34,90588313; SPRF-PB ; DEL01-PB ; UOP02-DEL01-PB 
496953;2023-01-03; terça-feira ; 07:00:00 ; PR ;376;204; MANDAGUARI ; Afundamento ou ondulação no pavimento ; Queda de ocupante de veículo ; Com Vítimas Feridas ; Pleno dia ; Decrescente ; Céu Claro ; Dupla ; Não Informado ; Não ;1;0;0;1;0;0;1;1;-23,50951388;-51,72140497; SPRF-PR ; DEL09-PR ; UOP01-DEL09-PR 
496955;2023-01-03; terça-feira ; 07:30:00 ; SC ;101;146; ITAPEMA ; Trafegar com motocicleta (ou similar) entre as faixas ; Colisão lateral mesmo sentido ; Com Vítimas Feridas ; Pleno dia ; Crescente ; Sol ; Múltipla ; Reta ; Sim ;2;0;1;0;1;0;1;2;-27,08666525;-48,60955587; SPRF-SC ; DEL04-SC ; UOP03-DEL04-SC 
496958;2023-01-03; terça-feira ; 07:00:00 ; SC ;101;149,7; ITAPEMA ; Condutor deixou de manter distância do veículo da frente ; Colisão traseira ; Com Vítimas Feridas ; Pleno dia ; Decrescente ; Céu Claro ; Dupla ; Reta ; Sim ;2;0;1;0;1;0;1;2;-27,1089649;-48,61277586; SPRF-SC ; DEL04-SC ; UOP03-DEL04-SC 
496959;2023-01-03; terça-feira ; 07:00:00 ; GO ;40;92; CRISTALINA ; Ausência de reação do condutor ; Colisão transversal ; Com Vítimas Feridas ; Pleno dia ; Crescente ; Nublado ; Simples ; Interseção de vias ; Não ;7;0;1;0;6;0;1;2;-16,730814;-47,626211; SPRF-DF ; DEL01-DF ; UOP04-DEL01-DF 
496960;2023-01-03; terça-feira ; 07:30:00 ; PR ;116;120; CURITIBA ; Ausência de reação do condutor ; Colisão com objeto ; Com Vítimas Feridas ; Pleno dia ; Crescente ; Céu Claro ; Dupla ; Reta ; Sim ;9;0;1;0;8;0;1;2;-25,55122256;-49,30503748; SPRF-PR ; DEL01-PR ; UOP03-DEL01-PR 
496961;2023-01-03; terça-feira ; 07:15:00 ; RS ;392;81; PELOTAS ; Demais falhas mecânicas ou elétricas ; Tombamento ; Com Vítimas Feridas ; Pleno dia ; Crescente ; Céu Claro ; Simples ; Reta ; Não ;2;0;2;0;0;0;2;1;-31,66857878;-52,46031269; SPRF-RS ; DEL07-RS ; UOP01-DEL07-RS 
496962;2023-01-03; terça-feira ; 07:10:00 ; MS ;163;260,1; DOURADOS ; Reação tardia ou ineficiente do condutor ; Tombamento ; Com Vítimas Feridas ; Pleno dia ; Decrescente ; Nublado ; Dupla ; Reta ; Sim ;2;0;0;1;0;1;1;1;-22,24489388;-54,77203018; SPRF-MS ; DEL04-MS ; UOP01-DEL04-MS 
496963;2023-01-03; terça-feira ; 05:50:00 ; RO ;364;202,5; PIMENTA BUENO ; Condutor deixou de manter distância do veículo da frente ; Colisão traseira ; Com Vítimas Feridas ; Amanhecer ; Decrescente ; Nublado ; Simples ; Reta ; Sim ;2;0;1;0;1;0;1;2;-11,63675443;-61,20027925; SPRF-RO ; DEL02-RO ; UOP02-DEL02-RO 
496964;2023-01-03; terça-feira ; 06:30:00 ; PE ;428;176; PETROLINA ; Falta de elemento de contenção que evite a saída do leito carroçável ; Saída de leito carroçável ; Com Vítimas Feridas ; Pleno dia ; Decrescente ; Céu Claro ; Simples ; Reta ; Não ;2;0;1;0;1;0;1;1;-9,26824308;-40,43343586; SPRF-PE ; DEL06-PE ; UOP01-DEL06-PE 
496966;2023-01-03; terça-feira ; 06:50:00 ; BA ;110;164; RIBEIRA DO POMBAL ; Animais na Pista ; Queda de ocupante de veículo ; Com Vítimas Feridas ; Pleno dia ; Crescente ; Nublado ; Simples ; Desvio Temporário ; Não ;1;0;1;0;0;0;1;1;-10,79019688;-38,52063631; SPRF-BA ; DEL07-BA ; UOP02-DEL07-BA 
496967;2023-01-03; terça-feira ; 06:00:00 ; PR ;376;438,8; TIBAGI ; Velocidade Incompatível ; Tombamento ; Com Vítimas Feridas ; Pleno dia ; Crescente ; Garoa/Chuvisco ; Dupla ; Curva ; Não ;2;0;0;1;1;0;1;1;-24,84975558;-50,46706404; SPRF-PR ; DEL03-PR ; UOP02-DEL03-PR 
496971;2023-01-03; terça-feira ; 08:10:00 ; RS ;392;297; SAO SEPE ; Acessar a via sem observar a presença dos outros veículos ; Colisão transversal ; Com Vítimas Feridas ; Pleno dia ; Crescente ; Céu Claro ; Simples ; Não Informado ; Não ;2;0;0;1;1;0;1;2;-30,14821974;-53,59631539; SPRF-RS ; DEL09-RS ; UOP01-DEL09-RS 
496972;2023-01-02; segunda-feira ; 21:00:00 ; PB ;230;6,5; CABEDELO ; Transitar na contramão ; Colisão com objeto ; Com Vítimas Feridas ; Plena Noite ; Crescente ; Nublado ; Dupla ; Não Informado ; Sim ;1;0;0;1;0;0;1;1;-7,02739371;-34,83906269; SPRF-PB ; DEL01-PB ; UOP01-DEL01-PB 
496974;2023-01-03; terça-feira ; 08:55:00 ; CE ;116;2,9; FORTALEZA ; Manobra de mudança de faixa ; Colisão lateral mesmo sentido ; Com Vítimas Feridas ; Pleno dia ; Decrescente ; Céu Claro ; Dupla ; Viaduto ; Sim ;2;0;1;0;1;0;1;2;-3,7785374;-38,5152034; SPRF-CE ; DEL01-CE ; UOP02-DEL01-CE 
496975;2023-01-03; terça-feira ; 06:20:00 ; MT ;364;269; JACIARA ; Reação tardia ou ineficiente do condutor ; Colisão traseira ; Com Vítimas Feridas ; Pleno dia ; Crescente ; Céu Claro ; Dupla ; Reta ; Sim ;2;0;2;0;0;0;2;2;-15,974228;-54,938; SPRF-MT ; DEL02-MT ; UOP01-DEL02-MT 
496977;2023-01-03; terça-feira ; 09:00:00 ; RJ ;116;109; DUQUE DE CAXIAS ; Entrada inopinada do pedestre ; Atropelamento de Pedestre ; Com Vítimas Feridas ; Pleno dia ; Crescente ; Céu Claro ; Dupla ; Curva ; Sim ;2;0;1;0;1;0;1;1;-22,67738162;-43,28647614; SPRF-RJ ; DEL04-RJ ; UOP01-DEL04-RJ 
496979;2023-01-03; terça-feira ; 07:35:00 ; PI ;343;388,5; FLORIANO ; Acostamento em desnível ; Tombamento ; Com Vítimas Feridas ; Pleno dia ; Decrescente ; Chuva ; Simples ; Reta ; Sim ;1;0;1;0;0;0;1;1;-6,77813444;-43,00529664; SPRF-PI ; DEL01-PI ; UOP02-DEL01-PI 
496980;2023-01-03; terça-feira ; 07:55:00 ; RS ;158;322; SANTA MARIA ; Avarias e/ou desgaste excessivo no pneu ; Queda de ocupante de veículo ; Com Vítimas Feridas ; Pleno dia ; Decrescente ; Céu Claro ; Dupla ; Não Informado ; Sim ;1;0;1;0;0;0;1;1;-29,69652785;-53,77621651; SPRF-RS ; DEL09-RS ; UOP01-DEL09-RS 
496981;2023-01-03; terça-feira ; 05:20:00 ; RO ;364;60; VILHENA ; Avarias e/ou desgaste excessivo no pneu ; Saída de leito carroçável ; Com Vítimas Feridas ; Amanhecer ; Decrescente ; Garoa/Chuvisco ; Simples ; Reta ; Não ;5;0;3;0;2;0;3;1;-12,51426506;-60,43548101; SPRF-RO ; DEL04-RO ; UOP01-DEL04-RO 
496982;2023-01-03; terça-feira ; 08:40:00 ; PA ;10;328; SAO MIGUEL DO GUAMA ; Avarias e/ou desgaste excessivo no pneu ; Tombamento ; Com Vítimas Feridas ; Pleno dia ; Crescente ; Céu Claro ; Simples ; Não Informado ; Não ;3;0;3;0;0;0;3;1;-1,5722672;-47,5061904; SPRF-PA ; DEL01-PA ; UOP02-DEL01-PA 
496985;2023-01-03; terça-feira ; 08:00:00 ; RJ ;101;318; NITEROI ; Manobra de mudança de faixa ; Colisão lateral mesmo sentido ; Com Vítimas Feridas ; Pleno dia ; Crescente ; Céu Claro ; Dupla ; Reta ; Sim ;2;0;1;0;1;0;1;2;-22,84562994;-43,09841211; SPRF-RJ ; DEL02-RJ ; UOP02-DEL02-RJ 
496986;2023-01-03; terça-feira ; 10:00:00 ; MG ;381;639,3; SANTO ANTONIO DO AMPARO ; Condutor Dormindo ; Saída de leito carroçável ; Com Vítimas Feridas ; Pleno dia ; Decrescente ; Nublado ; Dupla ; Reta ; Não ;3;0;3;0;0;0;3;1;-20,89136;-44,85245; SPRF-MG ; DEL04-MG ; UOP01-DEL04-MG 
496987;2023-01-03; terça-feira ; 08:50:00 ; SP ;116;226; GUARULHOS ; Acessar a via sem observar a presença dos outros veículos ; Colisão traseira ; Com Vítimas Feridas ; Pleno dia ; Crescente ; Nublado ; Múltipla ; Reta ; Sim ;2;0;0;1;1;0;1;2;-23,49102507;-46,54878195; SPRF-SP ; DEL01-SP ; UOP01-DEL01-SP 
496993;2023-01-03; terça-feira ; 10:40:00 ; PR ;376;637; SAO JOSE DOS PINHAIS ; Condutor deixou de manter distância do veículo da frente ; Colisão traseira ; Com Vítimas Feridas ; Pleno dia ; Decrescente ; Céu Claro ; Dupla ; Desvio Temporário ; Não ;5;0;1;0;4;0;1;4;-25,75614093;-49,12609667; SPRF-PR ; DEL01-PR ; UOP04-DEL01-PR 
496996;2023-01-03; terça-feira ; 08:30:00 ; MG ;40;602,1; CONGONHAS ; Acessar a via sem observar a presença dos outros veículos ; Colisão transversal ; Com Vítimas Feridas ; Pleno dia ; Decrescente ; Nublado ; Simples ; Curva ; Sim ;3;0;1;0;2;0;1;2;-20,44044;-43,841379; SPRF-MG ; DEL05-MG ; UOP02-DEL05-MG 
497000;2023-01-03; terça-feira ; 10:20:00 ; ES ;262;65,7; MARECHAL FLORIANO ; Transitar na contramão ; Colisão frontal ; Com Vítimas Feridas ; Pleno dia ; Decrescente ; Céu Claro ; Simples ; Curva ; Não ;7;0;1;5;0;1;6;2;-20,41443354;-40,82302074; SPRF-ES ; DEL01-ES ; UOP02-DEL01-ES 
497001;2023-01-03; terça-feira ; 11:00:00 ; PE ;232;135; CARUARU ; Ausência de reação do condutor ; Saída de leito carroçável ; Com Vítimas Feridas ; Pleno dia ; Crescente ; Céu Claro ; Dupla ; Reta ; Sim ;2;0;1;0;1;0;1;1;-8,31096592;-36,03308802; SPRF-PE ; DEL02-PE ; UOP01-DEL02-PE 
497002;2023-01-03; terça-feira ; 10:45:00 ; BA ;324;539; AMELIA RODRIGUES ; Reação tardia ou ineficiente do condutor ; Colisão traseira ; Com Vítimas Feridas ; Pleno dia ; Decrescente ; Chuva ; Dupla ; Reta ; Sim ;6;0;1;0;5;0;1;2;-12,37995647;-38,79955259; SPRF-BA ; DEL01-BA ; UOP03-DEL01-BA 
497006;2023-01-03; terça-feira ; 11:40:00 ; RN ;405;2; MOSSORO ; Condutor deixou de manter distância do veículo da frente ; Engavetamento ; Com Vítimas Feridas ; Pleno dia ; Decrescente ; Céu Claro ; Dupla ; Reta ; Sim ;4;0;1;0;3;0;1;4;-5,19170196;-37,361471; SPRF-RN ; DEL04-RN ; UOP02-DEL04-RN 
497007;2023-01-03; terça-feira ; 09:20:00 ; RS ;386;215,4; TIO HUGO ; Acessar a via sem observar a presença dos outros veículos ; Colisão transversal ; Com Vítimas Feridas ; Pleno dia ; Crescente ; Céu Claro ; Simples ; Reta ; Não ;6;0;0;1;5;0;1;2;-28,57666;-52,596031; SPRF-RS ; DEL04-RS ; UOP03-DEL04-RS 
497008;2023-01-03; terça-feira ; 11:35:00 ; BA ;20;87; SAO DESIDERIO ; Reação tardia ou ineficiente do condutor ; Saída de leito carroçável ; Com Vítimas Feridas ; Pleno dia ; Crescente ; Nublado ; Simples ; Reta ; Não ;5;0;0;2;3;0;2;1;-13,190489;-46,035939; SPRF-BA ; DEL10-BA ; UOP01-DEL10-BA 
497010;2023-01-03; terça-feira ; 10:15:00 ; SC ;101;275,8; IMBITUBA ; Reação tardia ou ineficiente do condutor ; Colisão com objeto ; Com Vítimas Feridas ; Pleno dia ; Crescente ; Chuva ; Dupla ; Reta ; Sim ;1;0;0;1;0;0;1;1;-28,138086;-48,69218292; SPRF-SC ; DEL02-SC ; UOP03-DEL02-SC 
497011;2023-01-03; terça-feira ; 08:00:00 ; PI ;316;1; TERESINA ; Condutor deixou de manter distância do veículo da frente ; Colisão traseira ; Com Vítimas Feridas ; Pleno dia ; Crescente ; Nublado ; Simples ; Reta ; Sim ;2;0;1;0;1;0;1;2;-5,12861853;-42,80706778; SPRF-PI ; DEL01-PI ; UOP02-DEL01-PI 