 id ; data_inversa ; dia_semana ; horario ; uf ; br ; km ; municipio ; causa_acidente ; tipo_acidente ; classificacao_acidente ; fase_dia ; sentido_via ; condicao_metereologica ; tipo_pista ; tracado_via ; uso_solo ; pessoas ; mortos ; feridos_leves ; feridos_graves ; ilesos ; ignorados ; feridos ; veiculos ; latitude ; longitude ; regional ; delegacia ; uop 
497293;2023-01-04; quarta-feira ; 18:15:00 ; MG ;40;531,5; CONTAGEM ; Condutor deixou de manter distância do veículo da frente ; Colisão traseira ; Com Vítimas Feridas ; Anoitecer ; Crescente ; Nublado ; Dupla ; Curva ; Sim ;3;0;1;0;2;0;1;3;-19,91962483;-44,02522683; SPRF-MG ; DEL01-MG ; UOP02-DEL01-MG 
497294;2023-01-04; quarta-feira ; 14:20:00 ; BA ;116;661; JEQUIE ; Avarias e/ou desgaste excessivo no pneu ; Colisão transversal ; Com Vítimas Feridas ; Pleno dia ; Decrescente ; Chuva ; Simples ; Reta ; Não ;6;0;6;0;0;0;6;2;-13,70748902;-40,0959642; SPRF-BA ; DEL03-BA ; UOP01-DEL03-BA 
497295;2023-01-04; quarta-feira ; 18:05:00 ; MG ;116;713,3; MURIAE ; Curva acentuada ; Saída de leito carroçável ; Com Vítimas Feridas ; Anoitecer ; Decrescente ; Chuva ; Simples ; Não Informado ; Não ;1;0;0;1;0;0;1;1;-21,20240564;-42,38551877; SPRF-MG ; DEL07-MG ; UOP02-DEL07-MG 
497301;2023-01-04; quarta-feira ; 19:00:00 ; PR ;116;12; CAMPINA GRANDE DO SUL ; Chuva ; Saída de leito carroçável ; Com Vítimas Feridas ; Anoitecer ; Crescente ; Chuva ; Simples ; Curva ; Não ;2;0;2;0;0;0;2;1;-25,09706813;-48,65517895; SPRF-PR ; DEL01-PR ; UOP02-DEL01-PR 
497302;2023-01-04; quarta-feira ; 19:50:00 ; AP ;210;12; MACAPA ; Conversão proibida ; Colisão frontal ; Com Vítimas Feridas ; Plena Noite ; Decrescente ; Céu Claro ; Simples ; Curva ; Não ;3;0;2;1;0;0;3;2;0,13413683;-51,13881224; SPRF-AP ; N/A ; UOP01-DEL01-AP 
497303;2023-01-04; quarta-feira ; 20:15:00 ; SP ;101;48,8; UBATUBA ; Acessar a via sem observar a presença dos outros veículos ; Colisão transversal ; Com Vítimas Feridas ; Plena Noite ; Decrescente ; Garoa/Chuvisco ; Simples ; Reta ; Sim ;2;0;1;0;1;0;1;2;-23,44410908;-45,08375708; SPRF-SP ; DEL06-SP ; UOP01-DEL06-SP 
497304;2023-01-04; quarta-feira ; 18:20:00 ; MG ;40;616,8; CONGONHAS ; Ultrapassagem Indevida ; Colisão transversal ; Com Vítimas Feridas ; Anoitecer ; Crescente ; Céu Claro ; Simples ; Não Informado ; Sim ;2;0;1;0;1;0;1;2;-20,55615194;-43,81433579; SPRF-MG ; DEL05-MG ; UOP02-DEL05-MG 
497306;2023-01-04; quarta-feira ; 20:00:00 ; SP ;116;270,4; TABOAO DA SERRA ; Reação tardia ou ineficiente do condutor ; Tombamento ; Com Vítimas Feridas ; Plena Noite ; Crescente ; Chuva ; Dupla ; Reta ; Sim ;1;0;1;0;0;0;1;1;-23,61799728;-46,79677694; SPRF-SP ; DEL04-SP ; UOP01-DEL04-SP 
497309;2023-01-04; quarta-feira ; 18:30:00 ; RS ;116;525,9; PELOTAS ; Desrespeitar a preferência no cruzamento ; Colisão transversal ; Com Vítimas Feridas ; Pleno dia ; Crescente ; Céu Claro ; Simples ; Interseção de vias ; Não ;2;0;1;0;0;1;1;2;-31,7359522;-52,39349776; SPRF-RS ; DEL07-RS ; UOP01-DEL07-RS 
497310;2023-01-04; quarta-feira ; 20:30:00 ; DF ;80;14; BRASILIA ; Condutor deixou de manter distância do veículo da frente ; Colisão traseira ; Com Vítimas Feridas ; Plena Noite ; Crescente ; Céu Claro ; Simples ; Reta ; Sim ;3;0;1;0;2;0;1;2;-15,719034;-48,196686; SPRF-DF ; DEL01-DF ; UOP03-DEL01-DF 
497311;2023-01-04; quarta-feira ; 19:50:00 ; RJ ;40;123; DUQUE DE CAXIAS ; Demais falhas mecânicas ou elétricas ; Tombamento ; Com Vítimas Feridas ; Plena Noite ; Crescente ; Nublado ; Múltipla ; Reta ; Sim ;2;0;1;0;1;0;1;1;-22,79907687;-43,29015739; SPRF-RJ ; DEL01-RJ ; UOP01-DEL01-RJ 
497312;2023-01-04; quarta-feira ; 17:40:00 ; RJ ;116;122; MAGE ; Avarias e/ou desgaste excessivo no pneu ; Saída de leito carroçável ; Sem Vítimas ; Pleno dia ; Crescente ; Chuva ; Simples ; Curva ; Não ;1;0;0;0;1;0;0;1;-22,63509742;-43,05577963; SPRF-RJ ; DEL02-RJ ; UOP04-DEL02-RJ 
497315;2023-01-04; quarta-feira ; 21:40:00 ; SP ;116;217; GUARULHOS ; Demais falhas mecânicas ou elétricas ; Incêndio ; Sem Vítimas ; Plena Noite ; Decrescente ; Chuva ; Múltipla ; Não Informado ; Sim ;2;0;0;0;2;0;0;1;-23,45423824;-46,47119028; SPRF-SP ; DEL01-SP ; UOP01-DEL01-SP 
497316;2023-01-04; quarta-feira ; 20:00:00 ; ES ;101;37; CONCEICAO DA BARRA ; Ingestão de álcool pelo condutor ; Colisão transversal ; Sem Vítimas ; Plena Noite ; Crescente ; Céu Claro ; Simples ; Interseção de vias ; Não ;2;0;0;0;2;0;0;2;-18,47332967;-39,92661186; SPRF-ES ; DEL04-ES ; UOP02-DEL04-ES 
497318;2023-01-04; quarta-feira ; 12:10:00 ; SP ;101;46,3; UBATUBA ; Acessar a via sem observar a presença dos outros veículos ; Colisão transversal ; Com Vítimas Feridas ; Pleno dia ; Decrescente ; Nublado ; Simples ; Reta ; Sim ;2;0;1;0;1;0;1;2;-23,42580309;-45,07721543; SPRF-SP ; DEL06-SP ; UOP01-DEL06-SP 
497320;2023-01-04; quarta-feira ; 20:40:00 ; SC ;282;603,2; MARAVILHA ; Ingestão de álcool pelo condutor ; Capotamento ; Sem Vítimas ; Plena Noite ; Decrescente ; Céu Claro ; Simples ; Reta ; Não ;2;0;0;0;2;0;0;1;-26,800215;-53,190606; SPRF-SC ; DEL07-SC ; UOP02-DEL07-SC 
497324;2023-01-04; quarta-feira ; 20:40:00 ; RS ;468;102,3; TRES PASSOS ; Transitar na contramão ; Colisão frontal ; Com Vítimas Feridas ; Plena Noite ; Crescente ; Céu Claro ; Simples ; Reta ; Sim ;2;0;1;1;0;0;2;2;-27,46094671;-53,9400655; SPRF-RS ; DEL08-RS ; UOP02-DEL08-RS 
497326;2023-01-04; quarta-feira ; 21:40:00 ; PR ;116;43; CAMPINA GRANDE DO SUL ; Reação tardia ou ineficiente do condutor ; Capotamento ; Com Vítimas Feridas ; Plena Noite ; Crescente ; Garoa/Chuvisco ; Simples ; Curva ; Não ;3;0;1;0;2;0;1;1;-25,18101149;-48,88196442; SPRF-PR ; DEL01-PR ; UOP02-DEL01-PR 
497329;2023-01-04; quarta-feira ; 22:30:00 ; MG ;381;501; BETIM ; Ausência de reação do condutor ; Atropelamento de Pedestre ; Com Vítimas Fatais ; Plena Noite ; Decrescente ; Nublado ; Dupla ; Não Informado ; Não ;3;1;0;0;1;1;0;3;-20,03146447;-44,2377893; SPRF-MG ; DEL01-MG ; UOP03-DEL01-MG 
497330;2023-01-04; quarta-feira ; 23:00:00 ; SP ;116;213; GUARULHOS ; Reação tardia ou ineficiente do condutor ; Colisão lateral mesmo sentido ; Com Vítimas Feridas ; Plena Noite ; Decrescente ; Chuva ; Dupla ; Reta ; Sim ;3;0;1;0;2;0;1;2;-23,43971486;-46,43667806; SPRF-SP ; DEL01-SP ; UOP01-DEL01-SP 
497331;2023-01-04; quarta-feira ; 22:40:00 ; RJ ;465;12; SEROPEDICA ; Conversão proibida ; Colisão frontal ; Com Vítimas Feridas ; Plena Noite ; Crescente ; Céu Claro ; Simples ; Reta ; Sim ;2;0;1;0;1;0;1;2;-22,791252;-43,651257; SPRF-RJ ; DEL01-RJ ; UOP03-DEL01-RJ 
497333;2023-01-04; quarta-feira ; 19:30:00 ; ES ;101;125; SOORETAMA ; Acessar a via sem observar a presença dos outros veículos ; Queda de ocupante de veículo ; Sem Vítimas ; Plena Noite ; Crescente ; Nublado ; Dupla ; Reta ; Sim ;2;0;0;0;0;2;0;2;-19,18496498;-40,09429827; SPRF-ES ; DEL04-ES ; UOP01-DEL04-ES 
497334;2023-01-04; quarta-feira ; 14:38:00 ; MT ;163;750; SORRISO ; Ausência de reação do condutor ; Colisão traseira ; Com Vítimas Feridas ; Pleno dia ; Crescente ; Céu Claro ; Dupla ; Não Informado ; Sim ;1;0;1;0;0;0;1;1;-12,67193506;-55,79367178; SPRF-MT ; DEL06-MT ; UOP02-DEL06-MT 
497335;2023-01-04; quarta-feira ; 23:35:00 ; SP ;116;273; TABOAO DA SERRA ; Pedestre cruzava a pista fora da faixa ; Atropelamento de Pedestre ; Com Vítimas Feridas ; Plena Noite ; Crescente ; Chuva ; Dupla ; Reta ; Sim ;2;0;2;0;0;0;2;1;-23,62809795;-46,81870306; SPRF-SP ; DEL04-SP ; UOP01-DEL04-SP 
497336;2023-01-04; quarta-feira ; 21:20:00 ; MT ;163;839; SINOP ; Conversão proibida ; Colisão frontal ; Com Vítimas Feridas ; Plena Noite ; Decrescente ; Céu Claro ; Simples ; Não Informado ; Sim ;2;0;1;0;1;0;1;2;-11,81953912;-55,48439603; SPRF-MT ; DEL06-MT ; UOP02-DEL06-MT 
497337;2023-01-04; quarta-feira ; 22:40:00 ; RO ;364;346,9; JI-PARANA ; Ingestão de álcool pelo condutor ; Colisão traseira ; Com Vítimas Feridas ; Plena Noite ; Crescente ; Chuva ; Simples ; Reta ; Sim ;2;0;2;0;0;0;2;2;-10,865874;-61,968647; SPRF-RO ; DEL02-RO ; UOP01-DEL02-RO 
497338;2023-01-04; quarta-feira ; 16:45:00 ; MT ;174;393; NOVA LACERDA ; Acumulo de água sobre o pavimento ; Capotamento ; Com Vítimas Feridas ; Pleno dia ; Crescente ; Chuva ; Simples ; Reta ; Não ;2;0;1;0;1;0;1;1;-14,44382499;-59,59962877; SPRF-MT ; DEL04-MT ; UOP01-DEL04-MT 
497339;2023-01-04; quarta-feira ; 18:35:00 ; MT ;163;227; RONDONOPOLIS ; Velocidade Incompatível ; Capotamento ; Com Vítimas Feridas ; Plena Noite ; Crescente ; Chuva ; Dupla ; Retorno Regulamentado ; Não ;3;0;3;0;0;0;3;1;-16,29454715;-54,7617973; SPRF-MT ; DEL05-MT ; UOP02-DEL05-MT 
497342;2023-01-05; quinta-feira ; 00:30:00 ; MG ;262;800,9; UBERABA ; Animais na Pista ; Atropelamento de Animal ; Com Vítimas Feridas ; Plena Noite ; Decrescente ; Chuva ; Dupla ; Reta ; Sim ;2;0;1;0;1;0;1;1;-19,779129;-47,945794; SPRF-MG ; DEL13-MG ; UOP01-DEL13-MG 
497343;2023-01-05; quinta-feira ; 02:20:00 ; MG ;381;328; NOVA ERA ; Acessar a via sem observar a presença dos outros veículos ; Colisão transversal ; Com Vítimas Feridas ; Plena Noite ; Crescente ; Garoa/Chuvisco ; Dupla ; Não Informado ; Sim ;2;0;1;0;1;0;1;2;-19,77559;-43,04523; SPRF-MG ; DEL03-MG ; UOP01-DEL03-MG 
497344;2023-01-05; quinta-feira ; 01:00:00 ; AC ;364;124; RIO BRANCO ; Ausência de reação do condutor ; Saída de leito carroçável ; Sem Vítimas ; Plena Noite ; Decrescente ; Chuva ; Dupla ; Reta ; Sim ;1;0;0;0;0;1;0;1;-10,01174606;-67,79611051; SPRF-AC ; N/A ; UOP01-DEL01-AC 
497345;2023-01-05; quinta-feira ; 03:00:00 ; SC ;282;109,2; ALFREDO WAGNER ; Transitar na contramão ; Colisão frontal ; Com Vítimas Feridas ; Plena Noite ; Decrescente ; Céu Claro ; Simples ; Curva ; Não ;5;0;1;3;1;0;4;2;-27,719378;-49,3582; SPRF-SC ; DEL01-SC ; UOP03-DEL01-SC 
497347;2023-01-05; quinta-feira ; 04:30:00 ; PR ;277;4,3; PARANAGUA ; Velocidade Incompatível ; Colisão com objeto ; Sem Vítimas ; Plena Noite ; Crescente ; Garoa/Chuvisco ; Dupla ; Reta ; Sim ;1;0;0;0;1;0;0;1;-25,568198;-48,615292; SPRF-PR ; DEL01-PR ; UOP05-DEL01-PR 
497349;2023-01-05; quinta-feira ; 06:17:00 ; ES ;101;295; CARIACICA ; Reação tardia ou ineficiente do condutor ; Colisão com objeto ; Com Vítimas Feridas ; Pleno dia ; Crescente ; Nublado ; Dupla ; Não Informado ; Sim ;1;0;1;0;0;0;1;1;-20,33219283;-40,39986134; SPRF-ES ; DEL01-ES ; UOP01-DEL01-ES 
497350;2023-01-05; quinta-feira ; 05:40:00 ; PE ;101;67; RECIFE ; Ausência de reação do condutor ; Queda de ocupante de veículo ; Com Vítimas Feridas ; Amanhecer ; Decrescente ; Céu Claro ; Dupla ; Reta ; Sim ;1;0;0;1;0;0;1;1;-8,042334;-34,943096; SPRF-PE ; DEL01-PE ; UOP01-DEL01-PE 
497351;2023-01-05; quinta-feira ; 06:20:00 ; PE ;101;68; RECIFE ; Manobra de mudança de faixa ; Colisão lateral mesmo sentido ; Com Vítimas Feridas ; Pleno dia ; Crescente ; Nublado ; Dupla ; Não Informado ; Não ;3;0;1;0;2;0;1;2;-8,05074296;-34,94580619; SPRF-PE ; DEL01-PE ; UOP01-DEL01-PE 
497353;2023-01-05; quinta-feira ; 03:30:00 ; PR ;163;297; MERCEDES ; Transitar na contramão ; Colisão frontal ; Com Vítimas Fatais ; Plena Noite ; Decrescente ; Céu Claro ; Simples ; Reta ; Não ;7;1;2;2;1;1;4;2;-24,51958038;-54,10897504; SPRF-PR ; DEL06-PR ; UOP02-DEL06-PR 
497355;2023-01-05; quinta-feira ; 01:20:00 ; SC ;470;91,9; ASCURRA ; Velocidade Incompatível ; Saída de leito carroçável ; Sem Vítimas ; Plena Noite ; Crescente ; Céu Claro ; Simples ; Reta ; Não ;1;0;0;0;1;0;0;1;-26,97769;-49,369198; SPRF-SC ; DEL04-SC ; UOP01-DEL04-SC 
497357;2023-01-05; quinta-feira ; 07:05:00 ; GO ;414;439; ANAPOLIS ; Avarias e/ou desgaste excessivo no pneu ; Queda de ocupante de veículo ; Com Vítimas Feridas ; Amanhecer ; Crescente ; Chuva ; Simples ; Desvio Temporário ; Sim ;2;0;2;0;0;0;2;1;-16,28128823;-48,94258908; SPRF-GO ; DEL02-GO ; UOP01-DEL02-GO 
497358;2023-01-05; quinta-feira ; 07:15:00 ; BA ;116;421; FEIRA DE SANTANA ; Conversão proibida ; Colisão com objeto ; Com Vítimas Feridas ; Pleno dia ; Crescente ; Céu Claro ; Dupla ; Reta ; Sim ;1;0;0;1;0;0;1;1;-12,211936;-38,96567; SPRF-BA ; DEL02-BA ; UOP01-DEL02-BA 
497359;2023-01-05; quinta-feira ; 07:15:00 ; SC ;101;127,5; ITAJAI ; Condutor deixou de manter distância do veículo da frente ; Colisão traseira ; Com Vítimas Feridas ; Pleno dia ; Decrescente ; Céu Claro ; Dupla ; Reta ; Não ;2;0;1;0;1;0;1;2;-26,9639319;-48,68328024; SPRF-SC ; DEL04-SC ; UOP04-DEL04-SC 
497361;2023-01-05; quinta-feira ; 08:05:00 ; RS ;116;249; SAO LEOPOLDO ; Reação tardia ou ineficiente do condutor ; Tombamento ; Com Vítimas Feridas ; Pleno dia ; Crescente ; Céu Claro ; Dupla ; Reta ; Sim ;2;0;2;0;0;0;2;1;-29,78039519;-51,15812659; SPRF-RS ; DEL01-RS ; UOP02-DEL01-RS 
497363;2023-01-04; quarta-feira ; 23:00:00 ; MS ;60;353; CAMPO GRANDE ; Condutor Dormindo ; Saída de leito carroçável ; Sem Vítimas ; Plena Noite ; Decrescente ; Nublado ; Simples ; Reta ; Não ;1;0;0;0;0;1;0;1;-20,477694;-54,749947; SPRF-MS ; DEL01-MS ; UOP03-DEL01-MS 
497365;2023-01-05; quinta-feira ; 06:00:00 ; RJ ;101;412,5; ITAGUAI ; Velocidade Incompatível ; Colisão com objeto ; Sem Vítimas ; Amanhecer ; Crescente ; Chuva ; Dupla ; Curva ; Sim ;2;0;0;0;0;2;0;1;-22,89720365;-43,85639217; SPRF-RJ ; DEL01-RJ ; UOP04-DEL01-RJ 
497366;2023-01-05; quinta-feira ; 07:15:00 ; MG ;40;553; NOVA LIMA ; Avarias e/ou desgaste excessivo no pneu ; Colisão com objeto ; Com Vítimas Feridas ; Pleno dia ; Crescente ; Garoa/Chuvisco ; Dupla ; Não Informado ; Sim ;3;0;1;0;2;0;1;1;-20,06863326;-43,98194759; SPRF-MG ; DEL01-MG ; UOP02-DEL01-MG 
497367;2023-01-05; quinta-feira ; 07:15:00 ; PR ;158;538,8; PATO BRANCO ; Animais na Pista ; Queda de ocupante de veículo ; Com Vítimas Feridas ; Pleno dia ; Crescente ; Céu Claro ; Simples ; Reta ; Não ;1;0;1;0;0;0;1;1;-26,25603095;-52,70878155; SPRF-PR ; DEL02-PR ; UOP01-DEL02-PR 
497369;2023-01-05; quinta-feira ; 07:20:00 ; PI ;316;8; TERESINA ; Acessar a via sem observar a presença dos outros veículos ; Colisão transversal ; Com Vítimas Feridas ; Pleno dia ; Crescente ; Céu Claro ; Simples ; Reta ; Sim ;2;0;0;1;1;0;1;2;-5,16483402;-42,76899508; SPRF-PI ; DEL01-PI ; UOP02-DEL01-PI 
497374;2023-01-05; quinta-feira ; 07:00:00 ; MA ;316;257,8; SANTA INES ; Acessar a via sem observar a presença dos outros veículos ; Colisão transversal ; Com Vítimas Fatais ; Pleno dia ; Crescente ; Céu Claro ; Simples ; Reta ; Não ;3;1;0;2;0;0;2;2;-3,659468;-45,404729; SPRF-MA ; DEL02-MA ; UOP01-DEL02-MA 
497375;2023-01-05; quinta-feira ; 08:40:00 ; SE ;101;107,5; SAO CRISTOVAO ; Ausência de reação do condutor ; Colisão com objeto ; Com Vítimas Feridas ; Pleno dia ; Decrescente ; Céu Claro ; Dupla ; Reta ; Não ;1;0;1;0;0;0;1;1;-10,96046958;-37,25352078; SPRF-SE ; DEL02-SE ; UOP01-DEL02-SE 
497377;2023-01-05; quinta-feira ; 09:00:00 ; MG ;262;157; SAO JOSE DO GOIABAL ; Transitar na contramão ; Colisão frontal ; Com Vítimas Feridas ; Pleno dia ; Crescente ; Chuva ; Simples ; Não Informado ; Não ;9;0;2;0;7;0;2;3;-19,963078;-42,81064; SPRF-MG ; DEL03-MG ; UOP03-DEL03-MG 
497378;2023-01-05; quinta-feira ; 09:30:00 ; PR ;469;15; FOZ DO IGUACU ; Desrespeitar a preferência no cruzamento ; Colisão transversal ; Com Vítimas Feridas ; Pleno dia ; Crescente ; Céu Claro ; Simples ; Não Informado ; Não ;2;0;1;0;1;0;1;2;-25,5813;-54,5315; SPRF-PR ; DEL05-PR ; UOP04-DEL05-PR 
497380;2023-01-05; quinta-feira ; 10:25:00 ; DF ;70;16; BRASILIA ; Ausência de reação do condutor ; Saída de leito carroçável ; Sem Vítimas ; Pleno dia ; Crescente ; Garoa/Chuvisco ; Dupla ; Não Informado ; Não ;1;0;0;0;1;0;0;1;-15,796144;-48,194225; SPRF-DF ; DEL01-DF ; UOP03-DEL01-DF 
497384;2023-01-05; quinta-feira ; 10:30:00 ; ES ;262;28,7; DOMINGOS MARTINS ; Transitar na contramão ; Colisão frontal ; Com Vítimas Feridas ; Pleno dia ; Decrescente ; Sol ; Simples ; Não Informado ; Não ;2;0;0;1;1;0;1;2;-20,38426904;-40,55863435; SPRF-ES ; DEL01-ES ; UOP01-DEL01-ES 
497387;2023-01-05; quinta-feira ; 07:20:00 ; SC ;280;6; SAO FRANCISCO DO SUL ; Acesso irregular ; Colisão lateral mesmo sentido ; Com Vítimas Feridas ; Pleno dia ; Crescente ; Céu Claro ; Simples ; Reta ; Sim ;2;0;0;1;0;1;1;2;-26,26569095;-48,63361804; SPRF-SC ; DEL03-SC ; UOP03-DEL03-SC 
497388;2023-01-05; quinta-feira ; 09:00:00 ; TO ;242;372,9; GURUPI ; Reação tardia ou ineficiente do condutor ; Queda de ocupante de veículo ; Com Vítimas Feridas ; Pleno dia ; Crescente ; Céu Claro ; Simples ; Reta ; Não ;1;0;0;1;0;0;1;1;-11,75328489;-48,99943686; SPRF-TO ; DEL01-TO ; UOP02-DEL01-TO 
497390;2023-01-05; quinta-feira ; 07:50:00 ; RO ;435;82; COLORADO DO OESTE ; Ausência de reação do condutor ; Saída de leito carroçável ; Sem Vítimas ; Pleno dia ; Crescente ; Nublado ; Simples ; Reta ; Não ;2;0;0;0;2;0;0;1;-13,11453938;-60,50579894; SPRF-RO ; DEL04-RO ; UOP02-DEL04-RO 
497391;2023-01-05; quinta-feira ; 09:20:00 ; RJ ;493;111; SEROPEDICA ; Ausência de reação do condutor ; Saída de leito carroçável ; Com Vítimas Feridas ; Pleno dia ; Crescente ; Chuva ; Dupla ; Reta ; Não ;1;0;1;0;0;0;1;1;-22,79422377;-43,78395081; SPRF-RJ ; DEL01-RJ ; UOP04-DEL01-RJ 
497392;2023-01-05; quinta-feira ; 11:00:00 ; SC ;101;65; ARAQUARI ; Condutor deixou de manter distância do veículo da frente ; Colisão traseira ; Com Vítimas Feridas ; Pleno dia ; Crescente ; Sol ; Múltipla ; Reta ; Não ;3;0;1;0;1;1;1;2;-26,47135714;-48,74457217; SPRF-SC ; DEL03-SC ; UOP02-DEL03-SC 
497393;2023-01-05; quinta-feira ; 12:20:00 ; BA ;324;0; FEIRA DE SANTANA ; Desrespeitar a preferência no cruzamento ; Colisão lateral mesmo sentido ; Com Vítimas Feridas ; Pleno dia ; Decrescente ; Céu Claro ; Dupla ; Interseção de vias ; Sim ;2;0;0;1;1;0;1;2;-12,267113;-38,966988; SPRF-BA ; DEL02-BA ; UOP01-DEL02-BA 
497394;2023-01-05; quinta-feira ; 12:30:00 ; SC ;101;184,9; BIGUACU ; Ausência de reação do condutor ; Tombamento ; Com Vítimas Feridas ; Pleno dia ; Decrescente ; Céu Claro ; Dupla ; Reta ; Sim ;1;0;1;0;0;0;1;1;-27,41613807;-48,6266443; SPRF-SC ; DEL01-SC ; UOP01-DEL01-SC 
497395;2023-01-05; quinta-feira ; 11:20:00 ; RJ ;101;398; ITAGUAI ; Reação tardia ou ineficiente do condutor ; Colisão traseira ; Com Vítimas Feridas ; Pleno dia ; Crescente ; Chuva ; Dupla ; Não Informado ; Sim ;2;0;1;0;1;0;1;2;-22,86787912;-43,74862922; SPRF-RJ ; DEL01-RJ ; UOP04-DEL01-RJ 
497397;2023-01-05; quinta-feira ; 07:30:00 ; MG ;116;541; SANTA RITA DE MINAS ; Animais na Pista ; Atropelamento de Animal ; Com Vítimas Feridas ; Pleno dia ; Decrescente ; Nublado ; Simples ; Reta ; Não ;1;0;1;0;0;0;1;1;-19,89438795;-42,13395072; SPRF-MG ; DEL06-MG ; UOP02-DEL06-MG 
497398;2023-01-05; quinta-feira ; 13:00:00 ; MG ;40;122,9; JOAO PINHEIRO ; Reação tardia ou ineficiente do condutor ; Tombamento ; Com Vítimas Feridas ; Pleno dia ; Crescente ; Nublado ; Simples ; Reta ; Não ;2;0;1;0;0;1;1;1;-17,66604196;-46,34649298; SPRF-MG ; DEL14-MG ; UOP01-DEL14-MG 
497401;2023-01-05; quinta-feira ; 13:00:00 ; SP ;381;69; MAIRIPORA ; Reação tardia ou ineficiente do condutor ; Tombamento ; Com Vítimas Feridas ; Pleno dia ; Decrescente ; Chuva ; Múltipla ; Não Informado ; Não ;3;0;1;0;2;0;1;1;-23,34553108;-46,56787903; SPRF-SP ; DEL03-SP ; UOP01-DEL03-SP 
497403;2023-01-05; quinta-feira ; 12:25:00 ; RJ ;116;282; BARRA MANSA ; Ausência de reação do condutor ; Colisão com objeto ; Com Vítimas Feridas ; Pleno dia ; Decrescente ; Garoa/Chuvisco ; Dupla ; Curva ; Não ;1;0;1;0;0;0;1;1;-22,52405173;-44,20072574; SPRF-RJ ; DEL07-RJ ; UOP02-DEL07-RJ 
497404;2023-01-05; quinta-feira ; 13:30:00 ; DF ;60;0,1; BRASILIA ; Mal súbito do condutor ; Saída de leito carroçável ; Com Vítimas Feridas ; Pleno dia ; Decrescente ; Céu Claro ; Dupla ; Não Informado ; Não ;1;0;1;0;0;0;1;1;-15,882499;-48,060212; SPRF-DF ; DEL01-DF ; UOP02-DEL01-DF 
497409;2023-01-05; quinta-feira ; 11:00:00 ; SC ;470;2,2; NAVEGANTES ; Ausência de reação do condutor ; Colisão traseira ; Com Vítimas Feridas ; Pleno dia ; Crescente ; Céu Claro ; Dupla ; Reta ; Não ;2;0;0;1;0;1;1;2;-26,868551;-48,674831; SPRF-SC ; DEL04-SC ; UOP04-DEL04-SC 
497413;2023-01-05; quinta-feira ; 13:10:00 ; PA ;316;70,5; CASTANHAL ; Avarias e/ou desgaste excessivo no pneu ; Saída de leito carroçável ; Com Vítimas Feridas ; Pleno dia ; Crescente ; Céu Claro ; Simples ; Reta ; Não ;2;0;2;0;0;0;2;1;-1,29157829;-47,86624498; SPRF-PA ; DEL01-PA ; UOP01-DEL01-PA 
497415;2023-01-05; quinta-feira ; 14:03:00 ; MG ;40;469; SETE LAGOAS ; Avarias e/ou desgaste excessivo no pneu ; Colisão com objeto ; Com Vítimas Feridas ; Pleno dia ; Decrescente ; Chuva ; Dupla ; Curva ; Não ;2;0;2;0;0;0;2;1;-19,46099279;-44,30121988; SPRF-MG ; DEL02-MG ; UOP01-DEL02-MG 
497416;2023-01-05; quinta-feira ; 13:15:00 ; GO ;153;583,6; PROFESSOR JAMIL ; Velocidade Incompatível ; Saída de leito carroçável ; Com Vítimas Feridas ; Pleno dia ; Decrescente ; Chuva ; Dupla ; Não Informado ; Não ;1;0;1;0;0;0;1;1;-17,4071;-49,2247; SPRF-GO ; DEL03-GO ; UOP01-DEL03-GO 
497420;2023-01-05; quinta-feira ; 15:05:00 ; SP ;153;256; MARILIA ; Frear bruscamente ; Queda de ocupante de veículo ; Com Vítimas Feridas ; Pleno dia ; Decrescente ; Nublado ; Dupla ; Reta ; Sim ;1;0;1;0;0;0;1;1;-22,23720726;-49,91918206; SPRF-SP ; DEL07-SP ; UOP02-DEL07-SP 
497421;2023-01-05; quinta-feira ; 14:40:00 ; SP ;101;47,2; UBATUBA ; Ausência de reação do condutor ; Engavetamento ; Com Vítimas Feridas ; Pleno dia ; Crescente ; Chuva ; Simples ; Reta ; Não ;4;0;2;0;2;0;2;3;-23,429897;-45,082436; SPRF-SP ; DEL06-SP ; UOP01-DEL06-SP 
497423;2023-01-05; quinta-feira ; 15:20:00 ; PE ;101;43,5; IGARASSU ; Condutor deixou de manter distância do veículo da frente ; Colisão traseira ; Com Vítimas Feridas ; Pleno dia ; Decrescente ; Céu Claro ; Múltipla ; Reta ; Não ;2;0;1;0;1;0;1;2;-7,84753808;-34,90977038; SPRF-PE ; DEL01-PE ; UOP02-DEL01-PE 
497427;2023-01-05; quinta-feira ; 12:30:00 ; RJ ;40;5; COMENDADOR LEVY GASPARIAN ; Demais falhas mecânicas ou elétricas ; Incêndio ; Sem Vítimas ; Pleno dia ; Crescente ; Chuva ; Dupla ; Reta ; Não ;1;0;0;0;1;0;0;1;-22,021647;-43,23788; SPRF-RJ ; DEL06-RJ ; UOP01-DEL06-RJ 
497429;2023-01-05; quinta-feira ; 15:31:00 ; PR ;373;178,3; PONTA GROSSA ; Transitar na contramão ; Colisão frontal ; Com Vítimas Feridas ; Pleno dia ; Decrescente ; Céu Claro ; Simples ; Reta ; Sim ;2;0;2;0;0;0;2;2;-25,05025485;-50,23418475; SPRF-PR ; DEL03-PR ; UOP01-DEL03-PR 