 id ; data_inversa ; dia_semana ; horario ; uf ; br ; km ; municipio ; causa_acidente ; tipo_acidente ; classificacao_acidente ; fase_dia ; sentido_via ; condicao_metereologica ; tipo_pista ; tracado_via ; uso_solo ; pessoas ; mortos ; feridos_leves ; feridos_graves ; ilesos ; ignorados ; feridos ; veiculos ; latitude ; longitude ; regional ; delegacia ; uop 
497432;2023-01-05; quinta-feira ; 15:50:00 ; RS ;116;246; SAO LEOPOLDO ; Condutor deixou de manter distância do veículo da frente ; Colisão lateral mesmo sentido ; Com Vítimas Feridas ; Pleno dia ; Crescente ; Céu Claro ; Dupla ; Não Informado ; Sim ;3;0;1;0;2;0;1;2;-29,758751;-51,15186806; SPRF-RS ; DEL01-RS ; UOP02-DEL01-RS 
497434;2023-01-05; quinta-feira ; 15:30:00 ; ES ;101;67; SAO MATEUS ; Condutor deixou de manter distância do veículo da frente ; Colisão lateral mesmo sentido ; Com Vítimas Feridas ; Pleno dia ; Crescente ; Céu Claro ; Dupla ; Não Informado ; Sim ;3;0;1;0;2;0;1;2;-18,72054021;-39,8658931; SPRF-ES ; DEL04-ES ; UOP02-DEL04-ES 
497435;2023-01-05; quinta-feira ; 15:35:00 ; GO ;40;30,2; LUZIANIA ; Demais falhas mecânicas ou elétricas ; Saída de leito carroçável ; Com Vítimas Feridas ; Pleno dia ; Crescente ; Sol ; Dupla ; Curva ; Não ;2;0;2;0;0;0;2;1;-16,277312;-47,86291; SPRF-DF ; DEL01-DF ; UOP01-DEL01-DF 
497436;2023-01-05; quinta-feira ; 14:00:00 ; PB ;230;507; CAJAZEIRAS ; Acessar a via sem observar a presença dos outros veículos ; Colisão transversal ; Sem Vítimas ; Pleno dia ; Decrescente ; Céu Claro ; Simples ; Não Informado ; Não ;2;0;0;0;1;1;0;2;-6,9024;-38,5643; SPRF-PB ; DEL03-PB ; UOP03-DEL03-PB 
497438;2023-01-05; quinta-feira ; 13:45:00 ; PA ;163;980; SANTAREM ; Demais falhas mecânicas ou elétricas ; Incêndio ; Sem Vítimas ; Pleno dia ; Crescente ; Sol ; Simples ; Curva ; Não ;1;0;0;0;1;0;0;1;-2,63482156;-54,74836014; SPRF-PA ; DEL05-PA ; UOP01-DEL05-PA 
497441;2023-01-05; quinta-feira ; 12:30:00 ; BA ;116;495,8; RAFAEL JAMBEIRO ; Reação tardia ou ineficiente do condutor ; Colisão transversal ; Com Vítimas Feridas ; Pleno dia ; Crescente ; Sol ; Simples ; Curva ; Sim ;2;0;1;0;1;0;1;2;-12,56913026;-39,49062787; SPRF-BA ; DEL02-BA ; UOP01-DEL02-BA 
497442;2023-01-05; quinta-feira ; 16:50:00 ; SC ;101;212; PALHOCA ; Condutor deixou de manter distância do veículo da frente ; Colisão traseira ; Com Vítimas Feridas ; Pleno dia ; Decrescente ; Céu Claro ; Múltipla ; Reta ; Sim ;3;0;0;2;1;0;2;2;-27,62996929;-48,65903871; SPRF-SC ; DEL01-SC ; UOP02-DEL01-SC 
497445;2023-01-05; quinta-feira ; 15:20:00 ; PR ;369;247; BOM SUCESSO ; Ultrapassagem Indevida ; Colisão traseira ; Com Vítimas Feridas ; Pleno dia ; Crescente ; Céu Claro ; Simples ; Curva ; Não ;2;0;0;1;1;0;1;2;-23,70049344;-51,75590515; SPRF-PR ; DEL09-PR ; UOP01-DEL09-PR 
497446;2023-01-05; quinta-feira ; 14:40:00 ; RS ;471;647,4; SANTA VITORIA DO PALMAR ; Avarias e/ou desgaste excessivo no pneu ; Colisão lateral mesmo sentido ; Com Vítimas Feridas ; Pleno dia ; Crescente ; Céu Claro ; Simples ; Reta ; Não ;4;0;3;0;1;0;3;2;-33,45406;-53,271996; SPRF-RS ; DEL07-RS ; UOP04-DEL07-RS 
497449;2023-01-05; quinta-feira ; 09:58:00 ; GO ;153;125; ESTRELA DO NORTE ; Acessar a via sem observar a presença dos outros veículos ; Colisão frontal ; Com Vítimas Feridas ; Pleno dia ; Crescente ; Nublado ; Simples ; Interseção de vias ; Não ;5;0;2;0;3;0;2;2;-13,866656;-49,051556; SPRF-GO ; DEL07-GO ; UOP01-DEL07-GO 
497451;2023-01-05; quinta-feira ; 17:45:00 ; BA ;116;2; VITORIA DA CONQUISTA ; Acumulo de areia ou detritos sobre o pavimento ; Tombamento ; Com Vítimas Feridas ; Pleno dia ; Decrescente ; Chuva ; Simples ; Reta ; Sim ;2;0;2;0;0;0;2;1;-14,826;-40,84716797; SPRF-PE ; DEL05-PE ; UOP03-DEL05-PE 
497452;2023-01-05; quinta-feira ; 17:15:00 ; PR ;116;98; SAO JOSE DOS PINHAIS ; Reação tardia ou ineficiente do condutor ; Colisão lateral mesmo sentido ; Com Vítimas Feridas ; Pleno dia ; Crescente ; Céu Claro ; Dupla ; Reta ; Sim ;2;0;1;0;1;0;1;2;-25,51973222;-49,13431573; SPRF-PR ; DEL01-PR ; UOP07-DEL01-PR 
497453;2023-01-05; quinta-feira ; 16:12:00 ; SP ;101;47; UBATUBA ; Conversão proibida ; Colisão transversal ; Com Vítimas Feridas ; Pleno dia ; Crescente ; Chuva ; Simples ; Reta ; Sim ;2;0;0;1;1;0;1;2;-23,429897;-45,082436; SPRF-SP ; DEL06-SP ; UOP01-DEL06-SP 
497454;2023-01-05; quinta-feira ; 15:00:00 ; RS ;470;177; VERANOPOLIS ; Acessar a via sem observar a presença dos outros veículos ; Colisão transversal ; Sem Vítimas ; Pleno dia ; Decrescente ; Céu Claro ; Simples ; Não Informado ; Sim ;2;0;0;0;2;0;0;2;-28,93915139;-51,54591976; SPRF-RS ; DEL06-RS ; UOP02-DEL06-RS 
497456;2023-01-05; quinta-feira ; 16:00:00 ; PI ;135;427; MONTE ALEGRE DO PIAUI ; Ausência de reação do condutor ; Saída de leito carroçável ; Com Vítimas Feridas ; Pleno dia ; Crescente ; Garoa/Chuvisco ; Simples ; Reta ; Não ;5;0;4;0;1;0;4;1;-9,52054299;-44,74010232; SPRF-PI ; DEL03-PI ; UOP02-DEL03-PI 
497457;2023-01-05; quinta-feira ; 18:20:00 ; SP ;153;68,4; SAO JOSE DO RIO PRETO ; Pista Escorregadia ; Tombamento ; Com Vítimas Feridas ; Pleno dia ; Decrescente ; Nublado ; Dupla ; Não Informado ; Sim ;1;0;1;0;0;0;1;1;-20,85210258;-49,39299367; SPRF-SP ; DEL09-SP ; UOP01-DEL09-SP 
497458;2023-01-05; quinta-feira ; 16:50:00 ; RJ ;40;59; PETROPOLIS ; Chuva ; Colisão lateral mesmo sentido ; Com Vítimas Feridas ; Pleno dia ; Crescente ; Chuva ; Dupla ; Curva ; Não ;2;0;1;0;1;0;1;2;-22,38628773;-43,13543464; SPRF-RJ ; DEL06-RJ ; UOP01-DEL06-RJ 
497461;2023-01-05; quinta-feira ; 18:45:00 ; SP ;153;71,8; SAO JOSE DO RIO PRETO ; Reação tardia ou ineficiente do condutor ; Tombamento ; Com Vítimas Feridas ; Anoitecer ; Crescente ; Chuva ; Dupla ; Não Informado ; Sim ;1;0;1;0;0;0;1;1;-20,8580187;-49,40666241; SPRF-SP ; DEL09-SP ; UOP01-DEL09-SP 
497463;2023-01-05; quinta-feira ; 18:00:00 ; PR ;476;145; CURITIBA ; Manobra de mudança de faixa ; Colisão lateral mesmo sentido ; Com Vítimas Feridas ; Pleno dia ; Decrescente ; Céu Claro ; Dupla ; Reta ; Sim ;3;0;1;0;2;0;1;2;-25,549892;-49,326607; SPRF-PR ; DEL01-PR ; UAP06-DEL01-PR 
497464;2023-01-05; quinta-feira ; 16:15:00 ; BA ;101;174; FEIRA DE SANTANA ; Acessar a via sem observar a presença dos outros veículos ; Colisão traseira ; Com Vítimas Feridas ; Pleno dia ; Decrescente ; Céu Claro ; Simples ; Reta ; Não ;3;0;2;0;1;0;2;2;-12,38829366;-38,88336182; SPRF-BA ; DEL01-BA ; UOP03-DEL01-BA 
497465;2023-01-05; quinta-feira ; 06:30:00 ; PA ;230;693; ALTAMIRA ; Ausência de reação do condutor ; Saída de leito carroçável ; Com Vítimas Feridas ; Amanhecer ; Decrescente ; Chuva ; Simples ; Reta ; Não ;1;0;1;0;0;0;1;1;-3,29997843;-52,49878792; SPRF-PA ; DEL04-PA ; UOP01-DEL04-PA 
497466;2023-01-05; quinta-feira ; 17:40:00 ; MT ;163;826; SINOP ; Reação tardia ou ineficiente do condutor ; Colisão lateral mesmo sentido ; Com Vítimas Feridas ; Pleno dia ; Crescente ; Nublado ; Dupla ; Não Informado ; Sim ;3;0;1;0;2;0;1;2;-12,067608;-55,51749791; SPRF-MT ; DEL06-MT ; UOP02-DEL06-MT 
497467;2023-01-05; quinta-feira ; 15:03:00 ; PI ;135;308; CRISTINO CASTRO ; Manobra de mudança de faixa ; Colisão lateral mesmo sentido ; Com Vítimas Feridas ; Pleno dia ; Crescente ; Nublado ; Simples ; Não Informado ; Não ;3;0;1;1;0;1;2;2;-8,7604319;-44,16633808; SPRF-PI ; DEL03-PI ; UOP02-DEL03-PI 
497468;2023-01-05; quinta-feira ; 16:40:00 ; PE ;424;11; ARCOVERDE ; Transitar na contramão ; Colisão lateral sentido oposto ; Com Vítimas Feridas ; Pleno dia ; Decrescente ; Céu Claro ; Simples ; Reta ; Não ;6;0;0;1;5;0;1;2;-8,49726767;-37,00122198; SPRF-PE ; DEL04-PE ; UOP02-DEL04-PE 
497469;2023-01-05; quinta-feira ; 19:45:00 ; PE ;101;68; RECIFE ; Manobra de mudança de faixa ; Colisão lateral mesmo sentido ; Com Vítimas Feridas ; Plena Noite ; Crescente ; Céu Claro ; Dupla ; Não Informado ; Sim ;3;0;2;0;0;1;2;2;-8,05074296;-34,94580619; SPRF-PE ; DEL01-PE ; UOP01-DEL01-PE 
497471;2023-01-05; quinta-feira ; 19:00:00 ; PR ;277;725; FOZ DO IGUACU ; Ingestão de álcool pelo condutor ; Saída de leito carroçável ; Com Vítimas Feridas ; Anoitecer ; Crescente ; Céu Claro ; Dupla ; Reta ; Sim ;1;0;1;0;0;0;1;1;-25,50823541;-54,54619865; SPRF-PR ; DEL05-PR ; UOP03-DEL05-PR 
497472;2023-01-05; quinta-feira ; 20:00:00 ; MG ;153;108; PRATA ; Ausência de reação do condutor ; Saída de leito carroçável ; Com Vítimas Feridas ; Plena Noite ; Crescente ; Chuva ; Simples ; Não Informado ; Sim ;4;0;3;0;1;0;3;1;-19,29907368;-48,90734553; SPRF-MG ; DEL15-MG ; UOP03-DEL15-MG 
497473;2023-01-05; quinta-feira ; 20:00:00 ; MG ;40;521; CONTAGEM ; Animais na Pista ; Atropelamento de Animal ; Com Vítimas Feridas ; Plena Noite ; Decrescente ; Nublado ; Dupla ; Reta ; Não ;2;0;1;1;0;0;2;1;-19,85651501;-44,07213222; SPRF-MG ; DEL01-MG ; UOP02-DEL01-MG 
497474;2023-01-05; quinta-feira ; 18:10:00 ; BA ;324;353; CAPIM GROSSO ; Acessar a via sem observar a presença dos outros veículos ; Colisão frontal ; Com Vítimas Feridas ; Anoitecer ; Decrescente ; Céu Claro ; Simples ; Reta ; Sim ;2;0;0;1;1;0;1;2;-11,3740217;-40,02731323; SPRF-BA ; DEL04-BA ; UOP02-DEL04-BA 
497476;2023-01-05; quinta-feira ; 20:10:00 ; ES ;101;123; SOORETAMA ; Ingestão de álcool pelo condutor ; Tombamento ; Com Vítimas Feridas ; Plena Noite ; Crescente ; Céu Claro ; Simples ; Desvio Temporário ; Não ;1;0;1;0;0;0;1;1;-19,16834502;-40,08717096; SPRF-ES ; DEL04-ES ; UOP01-DEL04-ES 
497477;2023-01-05; quinta-feira ; 19:55:00 ; RS ;471;176; RIO PARDO ; Acessar a via sem observar a presença dos outros veículos ; Colisão transversal ; Com Vítimas Feridas ; Plena Noite ; Decrescente ; Céu Claro ; Simples ; Não Informado ; Sim ;2;0;0;1;1;0;1;2;-29,99297818;-52,36823201; SPRF-RS ; DEL02-RS ; UOP03-DEL02-RS 
497478;2023-01-05; quinta-feira ; 20:00:00 ; RN ;101;138,3; ARES ; Acessar a via sem observar a presença dos outros veículos ; Colisão transversal ; Com Vítimas Feridas ; Pleno dia ; Decrescente ; Céu Claro ; Dupla ; Não Informado ; Não ;2;0;0;1;1;0;1;2;-6,19746698;-35,21366323; SPRF-RN ; DEL01-RN ; UOP01-DEL01-RN 
497480;2023-01-05; quinta-feira ; 20:20:00 ; MG ;262;362,5; JUATUBA ; Condutor Dormindo ; Tombamento ; Com Vítimas Feridas ; Plena Noite ; Crescente ; Nublado ; Múltipla ; Não Informado ; Sim ;1;0;1;0;0;0;1;1;-19,98332997;-44,23572401; SPRF-MG ; DEL01-MG ; UOP03-DEL01-MG 
497481;2023-01-05; quinta-feira ; 19:00:00 ; SP ;116;292; ITAPECERICA DA SERRA ; Chuva ; Queda de ocupante de veículo ; Com Vítimas Feridas ; Plena Noite ; Crescente ; Chuva ; Dupla ; Não Informado ; Não ;1;0;1;0;0;0;1;1;-23,74581995;-46,90003027; SPRF-SP ; DEL04-SP ; UOP01-DEL04-SP 
497482;2023-01-05; quinta-feira ; 20:40:00 ; PE ;101;61,4; RECIFE ; Reação tardia ou ineficiente do condutor ; Colisão traseira ; Com Vítimas Feridas ; Plena Noite ; Crescente ; Céu Claro ; Dupla ; Reta ; Sim ;3;0;1;0;2;0;1;2;-7,99097103;-34,93598295; SPRF-PE ; DEL01-PE ; UOP02-DEL01-PE 
497488;2023-01-05; quinta-feira ; 22:00:00 ; BA ;324;537; AMELIA RODRIGUES ; Acessar a via sem observar a presença dos outros veículos ; Colisão lateral mesmo sentido ; Sem Vítimas ; Plena Noite ; Crescente ; Céu Claro ; Dupla ; Retorno Regulamentado ; Sim ;2;0;0;0;2;0;0;2;-12,36902201;-38,81384601; SPRF-BA ; DEL01-BA ; UOP03-DEL01-BA 
497489;2023-01-05; quinta-feira ; 19:10:00 ; PR ;373;206,8; IPIRANGA ; Condutor deixou de manter distância do veículo da frente ; Colisão traseira ; Sem Vítimas ; Anoitecer ; Crescente ; Céu Claro ; Simples ; Não Informado ; Não ;9;0;0;0;9;0;0;2;-25,13053373;-50,46297411; SPRF-PR ; DEL03-PR ; UOP01-DEL03-PR 
497493;2023-01-05; quinta-feira ; 22:40:00 ; MG ;381;487; BETIM ; Ausência de reação do condutor ; Colisão transversal ; Com Vítimas Feridas ; Plena Noite ; Crescente ; Chuva ; Múltipla ; Não Informado ; Sim ;2;0;0;1;1;0;1;2;-19,95531843;-44,11714554; SPRF-MG ; DEL01-MG ; UOP03-DEL01-MG 
497494;2023-01-05; quinta-feira ; 23:30:00 ; SC ;101;131; BALNEARIO CAMBORIU ; Acessar a via sem observar a presença dos outros veículos ; Colisão transversal ; Com Vítimas Feridas ; Plena Noite ; Crescente ; Céu Claro ; Dupla ; Reta ; Não ;3;0;0;1;2;0;1;2;-26,99064209;-48,66310912; SPRF-SC ; DEL04-SC ; UOP03-DEL04-SC 
497496;2023-01-05; quinta-feira ; 22:10:00 ; PR ;153;33,9; SANTO ANTONIO DA PLATINA ; Ingestão de álcool pelo condutor ; Saída de leito carroçável ; Com Vítimas Feridas ; Plena Noite ; Crescente ; Nublado ; Simples ; Não Informado ; Não ;1;0;1;0;0;0;1;1;-23,23229394;-50,0364961; SPRF-PR ; DEL07-PR ; UOP04-DEL07-PR 
497499;2023-01-05; quinta-feira ; 22:30:00 ; SP ;101;51; UBATUBA ; Manobra de mudança de faixa ; Colisão lateral mesmo sentido ; Com Vítimas Feridas ; Plena Noite ; Crescente ; Chuva ; Simples ; Reta ; Sim ;2;0;1;0;0;1;1;2;-23,45018939;-45,07743735; SPRF-SP ; DEL06-SP ; UOP01-DEL06-SP 
497500;2023-01-05; quinta-feira ; 21:36:00 ; SC ;280;20; ARAQUARI ; Ultrapassagem Indevida ; Colisão lateral sentido oposto ; Com Vítimas Feridas ; Plena Noite ; Decrescente ; Nublado ; Simples ; Reta ; Sim ;3;0;0;1;2;0;1;2;-26,36990477;-48,68224301; SPRF-SC ; DEL03-SC ; UOP03-DEL03-SC 
497501;2023-01-05; quinta-feira ; 21:40:00 ; SC ;101;334; TUBARAO ; Acessar a via sem observar a presença dos outros veículos ; Colisão traseira ; Com Vítimas Feridas ; Plena Noite ; Decrescente ; Céu Claro ; Simples ; Reta ; Sim ;2;0;1;0;1;0;1;2;-28,46730446;-49,00604302; SPRF-SC ; DEL02-SC ; UOP01-DEL02-SC 
497502;2023-01-06; sexta-feira ; 01:00:00 ; SP ;116;227; SAO PAULO ; Ausência de reação do condutor ; Colisão traseira ; Sem Vítimas ; Plena Noite ; Decrescente ; Chuva ; Múltipla ; Reta ; Sim ;2;0;0;0;1;1;0;2;-23,49659264;-46,55648754; SPRF-SP ; DEL01-SP ; UOP01-DEL01-SP 
497503;2023-01-06; sexta-feira ; 01:10:00 ; SC ;101;81; BARRA VELHA ; Demais falhas mecânicas ou elétricas ; Saída de leito carroçável ; Sem Vítimas ; Plena Noite ; Crescente ; Nublado ; Dupla ; Reta ; Não ;1;0;0;0;1;0;0;1;-26,60256101;-48,72553524; SPRF-SC ; DEL03-SC ; UOP02-DEL03-SC 
497505;2023-01-06; sexta-feira ; 00:00:00 ; GO ;153;358; JARAGUA ; Desrespeitar a preferência no cruzamento ; Colisão transversal ; Com Vítimas Feridas ; Plena Noite ; Decrescente ; Chuva ; Simples ; Reta ; Não ;3;0;2;1;0;0;3;2;-15,733754;-49,32386; SPRF-GO ; DEL02-GO ; UOP02-DEL02-GO 
497506;2023-01-05; quinta-feira ; 22:20:00 ; PI ;222;83; PIRIPIRI ; Animais na Pista ; Atropelamento de Animal ; Com Vítimas Feridas ; Plena Noite ; Decrescente ; Céu Claro ; Simples ; Reta ; Não ;1;0;0;1;0;0;1;1;-4,24635;-41,816875; SPRF-PI ; DEL02-PI ; UOP01-DEL02-PI 
497507;2023-01-06; sexta-feira ; 02:00:00 ; PR ;369;143,7; LONDRINA ; Velocidade Incompatível ; Saída de leito carroçável ; Com Vítimas Feridas ; Plena Noite ; Crescente ; Céu Claro ; Dupla ; Desvio Temporário ; Não ;1;0;1;0;0;0;1;1;-23,29332519;-51,10780299; SPRF-PR ; DEL07-PR ; UOP01-DEL07-PR 
497508;2023-01-05; quinta-feira ; 23:50:00 ; RS ;386;436,5; NOVA SANTA RITA ; Entrada inopinada do pedestre ; Atropelamento de Pedestre ; Com Vítimas Fatais ; Plena Noite ; Decrescente ; Céu Claro ; Dupla ; Reta ; Não ;2;1;0;1;0;0;1;1;-29,85579345;-51,26315117; SPRF-RS ; DEL01-RS ; UOP01-DEL01-RS 
497512;2023-01-06; sexta-feira ; 04:00:00 ; MG ;381;492; BETIM ; Ingestão de álcool pelo condutor ; Colisão com objeto ; Sem Vítimas ; Plena Noite ; Decrescente ; Chuva ; Múltipla ; Curva ; Sim ;1;0;0;0;0;1;0;1;-19,9619196;-44,160384; SPRF-MG ; DEL01-MG ; UOP03-DEL01-MG 
497514;2023-01-06; sexta-feira ; 04:20:00 ; RJ ;101;523; ANGRA DOS REIS ; Demais falhas mecânicas ou elétricas ; Incêndio ; Sem Vítimas ; Plena Noite ; Crescente ; Chuva ; Simples ; Reta ; Não ;1;0;0;0;0;1;0;1;-23,00283001;-44,47362994; SPRF-RJ ; DEL03-RJ ; UOP02-DEL03-RJ 
497520;2023-01-06; sexta-feira ; 07:00:00 ; MG ;116;703,5; MURIAE ; Conversão proibida ; Colisão transversal ; Com Vítimas Feridas ; Pleno dia ; Decrescente ; Chuva ; Simples ; Não Informado ; Sim ;2;0;1;0;1;0;1;2;-21,12255884;-42,3799226; SPRF-MG ; DEL07-MG ; UOP02-DEL07-MG 
497521;2023-01-06; sexta-feira ; 06:50:00 ; PE ;428;187,6; PETROLINA ; Pedestre cruzava a pista fora da faixa ; Atropelamento de Pedestre ; Com Vítimas Feridas ; Pleno dia ; Decrescente ; Céu Claro ; Dupla ; Reta ; Sim ;2;0;1;0;1;0;1;1;-9,35604301;-40,47854198; SPRF-PE ; DEL06-PE ; UOP01-DEL06-PE 
497523;2023-01-06; sexta-feira ; 06:30:00 ; DF ;80;16; BRASILIA ; Acessar a via sem observar a presença dos outros veículos ; Colisão lateral mesmo sentido ; Sem Vítimas ; Pleno dia ; Decrescente ; Chuva ; Simples ; Reta ; Não ;2;0;0;0;2;0;0;2;-15,701065;-48,202263; SPRF-DF ; DEL01-DF ; UOP03-DEL01-DF 
497525;2023-01-06; sexta-feira ; 06:19:00 ; MG ;381;521; BRUMADINHO ; Velocidade Incompatível ; Capotamento ; Com Vítimas Feridas ; Pleno dia ; Crescente ; Chuva ; Dupla ; Curva ; Não ;2;0;1;0;0;1;1;1;-20,13756375;-44,31592941; SPRF-MG ; DEL04-MG ; UOP03-DEL04-MG 
497526;2023-01-06; sexta-feira ; 07:10:00 ; MG ;262;354,6; BETIM ; Ausência de reação do condutor ; Saída de leito carroçável ; Sem Vítimas ; Pleno dia ; Decrescente ; Chuva ; Dupla ; Curva ; Sim ;1;0;0;0;0;1;0;1;-19,978267;-44,221973; SPRF-MG ; DEL01-MG ; UOP03-DEL01-MG 
497527;2023-01-06; sexta-feira ; 05:49:00 ; AC ;364;133; RIO BRANCO ; Reação tardia ou ineficiente do condutor ; Atropelamento de Pedestre ; Com Vítimas Feridas ; Pleno dia ; Crescente ; Céu Claro ; Dupla ; Reta ; Sim ;2;0;1;1;0;0;2;1;-10,002488;-67,84954; SPRF-AC ; N/A ; UOP01-DEL01-AC 
497528;2023-01-01; domingo ; 10:30:00 ; BA ;101;355; GANDU ; Condutor deixou de manter distância do veículo da frente ; Colisão traseira ; Com Vítimas Feridas ; Pleno dia ; Decrescente ; Céu Claro ; Simples ; Reta ; Sim ;2;0;1;0;1;0;1;2;-13,78874901;-39,49426798; SPRF-BA ; DEL05-BA ; UOP03-DEL05-BA 
497529;2023-01-06; sexta-feira ; 07:00:00 ; SC ;285;34; TIMBE DO SUL ; Acessar a via sem observar a presença dos outros veículos ; Colisão transversal ; Com Vítimas Feridas ; Pleno dia ; Decrescente ; Céu Claro ; Simples ; Não Informado ; Não ;3;0;2;0;1;0;2;2;-28,83305745;-49,83462811; SPRF-SC ; DEL02-SC ; UOP02-DEL02-SC 
497531;2023-01-06; sexta-feira ; 07:50:00 ; RS ;392;307; SAO SEPE ; Ingestão de álcool pelo condutor ; Colisão lateral mesmo sentido ; Com Vítimas Feridas ; Pleno dia ; Crescente ; Céu Claro ; Simples ; Reta ; Não ;2;0;0;1;1;0;1;2;-30,08806254;-53,63698711; SPRF-RS ; DEL09-RS ; UOP01-DEL09-RS 
497532;2023-01-06; sexta-feira ; 08:45:00 ; PE ;428;188; PETROLINA ; Manobra de mudança de faixa ; Colisão lateral mesmo sentido ; Com Vítimas Feridas ; Pleno dia ; Crescente ; Céu Claro ; Dupla ; Curva ; Sim ;2;0;1;0;1;0;1;2;-9,36400596;-40,48266808; SPRF-PE ; DEL06-PE ; UOP01-DEL06-PE 
497534;2023-01-06; sexta-feira ; 08:00:00 ; SC ;470;250; CURITIBANOS ; Reação tardia ou ineficiente do condutor ; Capotamento ; Com Vítimas Feridas ; Pleno dia ; Decrescente ; Céu Claro ; Simples ; Rotatória ; Sim ;4;0;1;0;3;0;1;1;-27,314182;-50,569588; SPRF-SC ; DEL05-SC ; UOP03-DEL05-SC 
497536;2023-01-06; sexta-feira ; 08:20:00 ; PR ;376;179,1; MARINGA ; Manobra de mudança de faixa ; Colisão lateral mesmo sentido ; Com Vítimas Feridas ; Pleno dia ; Decrescente ; Céu Claro ; Dupla ; Interseção de vias ; Sim ;2;0;0;1;1;0;1;2;-23,42055585;-51,90967083; SPRF-PR ; DEL09-PR ; UOP01-DEL09-PR 
497537;2023-01-06; sexta-feira ; 08:10:00 ; RJ ;116;207; SEROPEDICA ; Manobra de mudança de faixa ; Colisão traseira ; Sem Vítimas ; Pleno dia ; Crescente ; Chuva ; Dupla ; Reta ; Não ;2;0;0;0;2;0;0;2;-22,72454443;-43,66145706; SPRF-RJ ; DEL01-RJ ; UOP03-DEL01-RJ 
497538;2023-01-06; sexta-feira ; 07:00:00 ; GO ;70;29; COCALZINHO DE GOIAS ; Acumulo de água sobre o pavimento ; Saída de leito carroçável ; Sem Vítimas ; Pleno dia ; Decrescente ; Chuva ; Dupla ; Não Informado ; Não ;1;0;0;0;1;0;0;1;-15,76396108;-48,44290582; SPRF-DF ; DEL01-DF ; UOP03-DEL01-DF 
497541;2023-01-06; sexta-feira ; 08:40:00 ; RS ;386;192; SANTO ANTONIO DO PLANALTO ; Demais falhas mecânicas ou elétricas ; Incêndio ; Sem Vítimas ; Pleno dia ; Decrescente ; Céu Claro ; Simples ; Não Informado ; Sim ;1;0;0;0;1;0;0;1;-28,394838;-52,692043; SPRF-RS ; DEL08-RS ; UOP01-DEL08-RS 
497543;2023-01-06; sexta-feira ; 09:54:00 ; ES ;101;267; SERRA ; Trafegar com motocicleta (ou similar) entre as faixas ; Colisão lateral mesmo sentido ; Com Vítimas Feridas ; Pleno dia ; Crescente ; Nublado ; Dupla ; Reta ; Sim ;2;0;1;0;1;0;1;2;-20,19930999;-40,26884609; SPRF-ES ; DEL02-ES ; UOP01-DEL02-ES 
497544;2023-01-06; sexta-feira ; 07:40:00 ; ES ;393;2,5; CACHOEIRO DE ITAPEMIRIM ; Animais na Pista ; Atropelamento de Animal ; Com Vítimas Feridas ; Pleno dia ; Decrescente ; Nublado ; Simples ; Reta ; Sim ;1;0;1;0;0;0;1;1;-20,83014888;-41,17901797; SPRF-ES ; DEL03-ES ; UOP02-DEL03-ES 
497545;2023-01-06; sexta-feira ; 09:00:00 ; RJ ;101;487; ANGRA DOS REIS ; Acumulo de água sobre o pavimento ; Colisão frontal ; Com Vítimas Feridas ; Pleno dia ; Decrescente ; Chuva ; Simples ; Curva ; Não ;2;0;1;0;1;0;1;2;-22,96828891;-44,29864663; SPRF-RJ ; DEL03-RJ ; UOP02-DEL03-RJ 
497547;2023-01-06; sexta-feira ; 10:05:00 ; PR ;116;64,8; QUATRO BARRAS ; Manobra de mudança de faixa ; Tombamento ; Com Vítimas Feridas ; Pleno dia ; Decrescente ; Céu Claro ; Dupla ; Reta ; Sim ;2;0;2;0;0;0;2;1;-25,30617192;-48,99337399; SPRF-PR ; DEL01-PR ; UOP02-DEL01-PR 
497549;2023-01-06; sexta-feira ; 10:19:00 ; MG ;356;266,7; MURIAE ; Acessar a via sem observar a presença dos outros veículos ; Colisão transversal ; Com Vítimas Feridas ; Pleno dia ; Crescente ; Chuva ; Simples ; Curva ; Sim ;2;0;0;1;0;1;1;2;-21,12945472;-42,3595513; SPRF-MG ; DEL07-MG ; UOP02-DEL07-MG 
497556;2023-01-06; sexta-feira ; 10:30:00 ; BA ;116;930; ENCRUZILHADA ; Reação tardia ou ineficiente do condutor ; Colisão traseira ; Sem Vítimas ; Pleno dia ; Crescente ; Nublado ; Simples ; Reta ; Não ;4;0;0;0;4;0;0;2;-15,58476411;-41,27869088; SPRF-BA ; DEL08-BA ; UOP03-DEL08-BA 
497559;2023-01-06; sexta-feira ; 10:20:00 ; PE ;232;97,4; BEZERROS ; Acesso irregular ; Colisão lateral sentido oposto ; Com Vítimas Feridas ; Pleno dia ; Crescente ; Céu Claro ; Dupla ; Curva ; Sim ;2;0;1;0;0;1;1;2;-8,23484;-35,723075; SPRF-PE ; DEL02-PE ; UOP02-DEL02PE 
497562;2023-01-06; sexta-feira ; 11:00:00 ; PR ;369;146,9; LONDRINA ; Reação tardia ou ineficiente do condutor ; Colisão traseira ; Sem Vítimas ; Pleno dia ; Crescente ; Céu Claro ; Dupla ; Desvio Temporário ; Sim ;2;0;0;0;2;0;0;2;-23,293158;-51,130144; SPRF-PR ; DEL07-PR ; UOP01-DEL07-PR 