 id ; data_inversa ; dia_semana ; horario ; uf ; br ; km ; municipio ; causa_acidente ; tipo_acidente ; classificacao_acidente ; fase_dia ; sentido_via ; condicao_metereologica ; tipo_pista ; tracado_via ; uso_solo ; pessoas ; mortos ; feridos_leves ; feridos_graves ; ilesos ; ignorados ; feridos ; veiculos ; latitude ; longitude ; regional ; delegacia ; uop 
498109;2023-01-09; segunda-feira ; 00:30:00 ; PR ;277;701; SAO MIGUEL DO IGUACU ; Velocidade Incompatível ; Colisão com objeto ; Sem Vítimas ; Plena Noite ; Crescente ; Nublado ; Dupla ; Reta ; Não ;1;0;0;0;1;0;0;1;-25,41088329;-54,33648583; SPRF-PR ; DEL05-PR ; UOP01-DEL05-PR 
498110;2023-01-08; domingo ; 19:45:00 ; SC ;101;314; LAGUNA ; Reação tardia ou ineficiente do condutor ; Saída de leito carroçável ; Com Vítimas Feridas ; Plena Noite ; Crescente ; Céu Claro ; Simples ; Reta ; Não ;1;0;0;1;0;0;1;1;-28,4289462;-48,84649694; SPRF-SC ; DEL02-SC ; UOP01-DEL02-SC 
498111;2023-01-08; domingo ; 23:10:00 ; PR ;163;148,3; SANTA LUCIA ; Obras na pista ; Saída de leito carroçável ; Com Vítimas Feridas ; Plena Noite ; Decrescente ; Nublado ; Simples ; Túnel ; Não ;1;0;1;0;0;0;1;1;-25,43548;-53,57678909; SPRF-PR ; DEL04-PR ; UOP04-DEL04-PR 
498112;2023-01-09; segunda-feira ; 01:30:00 ; SC ;101;118,9; ITAJAI ; Demais falhas mecânicas ou elétricas ; Incêndio ; Sem Vítimas ; Plena Noite ; Decrescente ; Céu Claro ; Dupla ; Reta ; Não ;1;0;0;0;1;0;0;1;-26,895859;-48,71903; SPRF-SC ; DEL04-SC ; UOP04-DEL04-SC 
498113;2023-01-09; segunda-feira ; 00:40:00 ; PR ;277;722,3; FOZ DO IGUACU ; Desrespeitar a preferência no cruzamento ; Colisão transversal ; Sem Vítimas ; Plena Noite ; Decrescente ; Nublado ; Dupla ; Retorno Regulamentado ; Não ;2;0;0;0;1;1;0;2;-25,49494908;-54,52095097; SPRF-PR ; DEL05-PR ; UOP03-DEL05-PR 
498114;2023-01-09; segunda-feira ; 00:30:00 ; PB ;230;87; GURINHEM ; Ingestão de álcool pelo condutor ; Tombamento ; Com Vítimas Feridas ; Plena Noite ; Decrescente ; Céu Claro ; Dupla ; Reta ; Não ;3;0;1;0;2;0;1;2;-7,1673;-35,3656; SPRF-PB ; DEL01-PB ; UOP03-DEL01-PB 
498115;2023-01-08; domingo ; 23:15:00 ; MT ;364;262; JUSCIMEIRA ; Avarias e/ou desgaste excessivo no pneu ; Saída de leito carroçável ; Com Vítimas Feridas ; Plena Noite ; Crescente ; Céu Claro ; Dupla ; Não Informado ; Não ;2;0;0;2;0;0;2;1;-16,023325;-54,899853; SPRF-MT ; DEL02-MT ; UOP01-DEL02-MT 
498118;2023-01-09; segunda-feira ; 01:50:00 ; RN ;101;124,2; SAO JOSE DE MIPIBU ; Ingestão de álcool pelo condutor ; Colisão com objeto ; Sem Vítimas ; Plena Noite ; Crescente ; Céu Claro ; Múltipla ; Interseção de vias ; Sim ;1;0;0;0;1;0;0;1;-6,07054896;-35,23785797; SPRF-RN ; DEL01-RN ; UOP01-DEL01-RN 
498120;2023-01-09; segunda-feira ; 02:00:00 ; SC ;101;120; ITAJAI ; Transitar na contramão ; Colisão frontal ; Com Vítimas Feridas ; Plena Noite ; Crescente ; Céu Claro ; Múltipla ; Não Informado ; Sim ;2;0;0;1;1;0;1;2;-26,91964967;-48,71023536; SPRF-SC ; DEL04-SC ; UOP04-DEL04-SC 
498121;2023-01-08; domingo ; 23:05:00 ; MG ;116;653,7; FERVEDOURO ; Pedestre andava na pista ; Atropelamento de Pedestre ; Com Vítimas Fatais ; Plena Noite ; Crescente ; Chuva ; Simples ; Reta ; Sim ;3;1;0;0;1;1;0;1;-20,74345502;-42,28632781; SPRF-MG ; DEL07-MG ; UOP03-DEL07-MG 
498122;2023-01-09; segunda-feira ; 03:15:00 ; MT ;158;578; AGUA BOA ; Ausência de sinalização ; Colisão traseira ; Com Vítimas Feridas ; Plena Noite ; Decrescente ; Céu Claro ; Simples ; Curva ; Não ;48;0;2;0;46;0;2;2;-14,12020222;-52,18150565; SPRF-MT ; DEL07-MT ; UOP02-DEL07-MT 
498123;2023-01-08; domingo ; 21:30:00 ; MG ;381;456; BELO HORIZONTE ; Pista esburacada ; Queda de ocupante de veículo ; Com Vítimas Feridas ; Plena Noite ; Decrescente ; Chuva ; Dupla ; Reta ; Não ;1;0;0;1;0;0;1;1;-19,85862954;-43,91292495; SPRF-MG ; DEL01-MG ; UOP01-DEL01-MG 
498124;2023-01-09; segunda-feira ; 04:10:00 ; MT ;364;214; RONDONOPOLIS ; Transitar na contramão ; Colisão transversal ; Com Vítimas Feridas ; Amanhecer ; Crescente ; Nublado ; Dupla ; Reta ; Não ;2;0;0;1;1;0;1;2;-16,40139601;-54,71543294; SPRF-MT ; DEL02-MT ; UOP01-DEL02-MT 
498125;2023-01-09; segunda-feira ; 05:45:00 ; PE ;101;57; PAULISTA ; Ausência de reação do condutor ; Colisão traseira ; Com Vítimas Feridas ; Pleno dia ; Decrescente ; Céu Claro ; Dupla ; Reta ; Não ;2;0;0;1;1;0;1;2;-7,96346213;-34,91513486; SPRF-PE ; DEL01-PE ; UOP02-DEL01-PE 
498126;2023-01-09; segunda-feira ; 05:40:00 ; RS ;468;98,6; TRES PASSOS ; Animais na Pista ; Saída de leito carroçável ; Com Vítimas Feridas ; Amanhecer ; Crescente ; Céu Claro ; Simples ; Reta ; Não ;1;0;0;1;0;0;1;1;-27,48388229;-53,90197117; SPRF-RS ; DEL08-RS ; UOP02-DEL08-RS 
498128;2023-01-09; segunda-feira ; 05:15:00 ; PR ;277;248; IRATI ; Ausência de reação do condutor ; Saída de leito carroçável ; Com Vítimas Feridas ; Amanhecer ; Crescente ; Céu Claro ; Simples ; Não Informado ; Não ;2;0;1;0;1;0;1;1;-25,453166;-50,651406; SPRF-PR ; DEL08-PR ; UOP02-DEL08-PR 
498129;2023-01-08; domingo ; 22:40:00 ; MG ;381;513; IGARAPE ; Ausência de reação do condutor ; Saída de leito carroçável ; Sem Vítimas ; Plena Noite ; Crescente ; Chuva ; Dupla ; Reta ; Sim ;1;0;0;0;0;1;0;1;-20,099993;-44,318903; SPRF-MG ; DEL01-MG ; UOP03-DEL01-MG 
498130;2023-01-08; domingo ; 09:40:00 ; MA ;230;346; SAO RAIMUNDO DAS MANGABEIRAS ; Condutor deixou de manter distância do veículo da frente ; Colisão traseira ; Com Vítimas Feridas ; Pleno dia ; Decrescente ; Céu Claro ; Simples ; Reta ; Não ;3;0;2;0;0;1;2;2;-7,15146864;-45,72045876; SPRF-MA ; DEL05-MA ; UOP01-DEL05-MA 
498131;2023-01-09; segunda-feira ; 00:30:00 ; MA ;230;494; RIACHAO ; Reação tardia ou ineficiente do condutor ; Colisão com objeto ; Com Vítimas Feridas ; Plena Noite ; Crescente ; Céu Claro ; Simples ; Ponte ; Não ;3;0;3;0;0;0;3;1;-7,42591661;-46,77194609; SPRF-MA ; DEL05-MA ; UOP01-DEL05-MA 
498132;2023-01-09; segunda-feira ; 04:50:00 ; MG ;365;632,8; MONTE ALEGRE DE MINAS ; Objeto estático sobre o leito carroçável ; Colisão com objeto ; Com Vítimas Feridas ; Plena Noite ; Decrescente ; Chuva ; Dupla ; Reta ; Não ;1;0;1;0;0;0;1;1;-18,89222306;-48,66479874; SPRF-MG ; DEL15-MG ; UOP01-DEL15-MG 
498134;2023-01-09; segunda-feira ; 06:20:00 ; MS ;163;823; SONORA ; Reação tardia ou ineficiente do condutor ; Saída de leito carroçável ; Com Vítimas Feridas ; Pleno dia ; Decrescente ; Céu Claro ; Dupla ; Reta ; Não ;2;0;0;1;1;0;1;1;-17,7254759;-54,75627439; SPRF-MS ; DEL06-MS ; UOP01-DEL06-MS 
498135;2023-01-08; domingo ; 21:30:00 ; BA ;101;71; ENTRE RIOS ; Transitar na contramão ; Colisão frontal ; Com Vítimas Fatais ; Plena Noite ; Crescente ; Céu Claro ; Dupla ; Reta ; Não ;3;1;1;0;1;0;1;2;-11,97849971;-38,20706314; SPRF-BA ; DEL01-BA ; UOP04-DEL01-BA 
498137;2023-01-09; segunda-feira ; 07:00:00 ; PR ;116;120; CURITIBA ; Reação tardia ou ineficiente do condutor ; Colisão lateral mesmo sentido ; Com Vítimas Feridas ; Pleno dia ; Decrescente ; Chuva ; Dupla ; Não Informado ; Sim ;2;0;1;0;1;0;1;2;-25,585;-49,314; SPRF-PR ; DEL01-PR ; UOP03-DEL01-PR 
498139;2023-01-08; domingo ; 17:40:00 ; AM ;174;898; MANAUS ; Reação tardia ou ineficiente do condutor ; Engavetamento ; Com Vítimas Feridas ; Anoitecer ; Decrescente ; Céu Claro ; Simples ; Desvio Temporário ; Não ;10;0;1;0;9;0;1;3;-2,85248508;-60,03576584; SPRF-AM ; N/A ; UOP01-DEL01-AM 
498140;2023-01-08; domingo ; 22:40:00 ; MG ;116;526; CARATINGA ; Ausência de reação do condutor ; Atropelamento de Pedestre ; Com Vítimas Feridas ; Plena Noite ; Decrescente ; Nublado ; Dupla ; Não Informado ; Sim ;2;0;1;0;1;0;1;1;-19,782522;-42,133381; SPRF-MG ; DEL06-MG ; UOP02-DEL06-MG 
498141;2023-01-09; segunda-feira ; 07:05:00 ; PA ;316;63,4; CASTANHAL ; Ultrapassagem Indevida ; Colisão lateral mesmo sentido ; Com Vítimas Feridas ; Pleno dia ; Decrescente ; Céu Claro ; Dupla ; Reta ; Sim ;5;0;2;0;3;0;2;2;-1,29679363;-47,92878096; SPRF-PA ; DEL01-PA ; UOP01-DEL01-PA 
498142;2023-01-08; domingo ; 21:00:00 ; RJ ;101;124,7; CONCEICAO DE MACABU ; Animais na Pista ; Atropelamento de Animal ; Com Vítimas Feridas ; Plena Noite ; Decrescente ; Chuva ; Dupla ; Reta ; Não ;2;0;2;0;0;0;2;1;-22,05826818;-41,68411491; SPRF-RJ ; DEL08-RJ ; UOP04-DEL08-RJ 
498143;2023-01-09; segunda-feira ; 00:30:00 ; RJ ;101;470; ANGRA DOS REIS ; Ingestão de álcool pelo condutor ; Colisão transversal ; Com Vítimas Feridas ; Plena Noite ; Decrescente ; Chuva ; Dupla ; Reta ; Sim ;2;0;1;0;1;0;1;1;-23,00442922;-44,23009579;NA;NA;NA
498144;2023-01-08; domingo ; 23:20:00 ; BA ;407;200; CALDEIRAO GRANDE ; Deixar de acionar o farol da motocicleta (ou similar) ; Colisão traseira ; Com Vítimas Fatais ; Plena Noite ; Decrescente ; Céu Claro ; Simples ; Reta ; Não ;3;1;0;1;1;0;1;2;-11,10446996;-40,07076789; SPRF-BA ; DEL04-BA ; UOP02-DEL04-BA 
498146;2023-01-09; segunda-feira ; 06:20:00 ; PR ;277;134; BALSA NOVA ; Acessar a via sem observar a presença dos outros veículos ; Colisão traseira ; Sem Vítimas ; Pleno dia ; Decrescente ; Nublado ; Dupla ; Reta ; Não ;3;0;0;0;3;0;0;2;-25,47174503;-49,66759086; SPRF-PR ; DEL03-PR ; UOP03-DEL03-PR 
498147;2023-01-09; segunda-feira ; 07:10:00 ; CE ;116;10,5; FORTALEZA ; Acessar a via sem observar a presença dos outros veículos ; Colisão transversal ; Com Vítimas Feridas ; Pleno dia ; Decrescente ; Céu Claro ; Dupla ; Reta ; Sim ;2;0;0;2;0;0;2;2;-3,83603805;-38,5027281; SPRF-CE ; DEL01-CE ; UOP02-DEL01-CE 
498150;2023-01-09; segunda-feira ; 07:15:00 ; GO ;40;6,2; VALPARAISO DE GOIAS ; Condutor deixou de manter distância do veículo da frente ; Colisão traseira ; Com Vítimas Feridas ; Pleno dia ; Decrescente ; Céu Claro ; Dupla ; Reta ; Sim ;2;0;1;0;1;0;1;2;-16,100814;-47,977351; SPRF-DF ; DEL01-DF ; UOP01-DEL01-DF 
498151;2023-01-09; segunda-feira ; 07:30:00 ; ES ;101;293,4; CARIACICA ; Condutor deixou de manter distância do veículo da frente ; Colisão traseira ; Com Vítimas Feridas ; Pleno dia ; Crescente ; Céu Claro ; Simples ; Reta ; Sim ;2;0;1;0;1;0;1;2;-20,31526144;-40,39567044; SPRF-ES ; DEL01-ES ; UOP01-DEL01-ES 
498152;2023-01-09; segunda-feira ; 07:50:00 ; PR ;369;165; CAMBE ; Acessar a via sem observar a presença dos outros veículos ; Colisão transversal ; Com Vítimas Feridas ; Pleno dia ; Crescente ; Céu Claro ; Dupla ; Não Informado ; Sim ;2;0;1;0;1;0;1;2;-23,29532853;-51,30851269; SPRF-PR ; DEL07-PR ; UOP01-DEL07-PR 
498153;2023-01-09; segunda-feira ; 00:01:00 ; RJ ;101;387; RIO DE JANEIRO ; Chuva ; Tombamento ; Com Vítimas Feridas ; Plena Noite ; Crescente ; Chuva ; Dupla ; Reta ; Sim ;1;0;0;1;0;0;1;1;-22,88537839;-43,64965688; SPRF-RJ ; DEL01-RJ ; UOP04-DEL01-RJ 
498155;2023-01-09; segunda-feira ; 08:50:00 ; MG ;40;459; SETE LAGOAS ; Obstrução na via ; Atropelamento de Pedestre ; Com Vítimas Feridas ; Pleno dia ; Crescente ; Chuva ; Dupla ; Não Informado ; Não ;2;0;1;0;1;0;1;1;-19,388919;-44,335457; SPRF-MG ; DEL02-MG ; UOP01-DEL02-MG 
498156;2023-01-09; segunda-feira ; 09:03:00 ; SC ;101;205; SAO JOSE ; Manobra de mudança de faixa ; Colisão lateral mesmo sentido ; Com Vítimas Feridas ; Pleno dia ; Crescente ; Céu Claro ; Múltipla ; Reta ; Sim ;2;0;1;0;1;0;1;2;-27,58313237;-48,61532885; SPRF-SC ; DEL01-SC ; UOP01-DEL01-SC 
498157;2023-01-09; segunda-feira ; 07:50:00 ; PB ;230;23; JOAO PESSOA ; Manobra de mudança de faixa ; Colisão lateral mesmo sentido ; Com Vítimas Feridas ; Pleno dia ; Decrescente ; Céu Claro ; Dupla ; Reta ; Sim ;5;0;3;0;2;0;3;2;-7,1562;-34,8574; SPRF-PB ; DEL01-PB ; UOP01-DEL01-PB 
498159;2023-01-09; segunda-feira ; 08:10:00 ; PE ;104;53,8; CARUARU ; Ausência de reação do condutor ; Atropelamento de Pedestre ; Com Vítimas Fatais ; Pleno dia ; Crescente ; Céu Claro ; Dupla ; Reta ; Não ;2;1;0;0;0;1;0;1;-8,1928;-35,9662; SPRF-PE ; DEL02-PE ; UOP01-DEL02-PE 
498160;2023-01-09; segunda-feira ; 09:10:00 ; MG ;146;401,2; GUAXUPE ; Velocidade Incompatível ; Saída de leito carroçável ; Com Vítimas Feridas ; Pleno dia ; Crescente ; Céu Claro ; Simples ; Não Informado ; Não ;1;0;0;1;0;0;1;1;-21,2965359;-46,6758848; SPRF-MG ; DEL09-MG ; UOP01-DEL09-MG 
498163;2023-01-07; sábado ; 23:40:00 ; BA ;324;533; FEIRA DE SANTANA ; Ingestão de álcool pelo condutor ; Colisão traseira ; Com Vítimas Feridas ; Plena Noite ; Decrescente ; Céu Claro ; Dupla ; Reta ; Não ;2;0;1;0;1;0;1;2;-12,34449694;-38,84017496; SPRF-BA ; DEL01-BA ; UOP03-DEL01-BA 
498164;2023-01-09; segunda-feira ; 09:10:00 ; PB ;230;417; POMBAL ; Acessar a via sem observar a presença dos outros veículos ; Colisão transversal ; Com Vítimas Feridas ; Pleno dia ; Crescente ; Céu Claro ; Simples ; Reta ; Não ;3;0;0;2;1;0;2;2;-6,7147;-37,8288; SPRF-PB ; DEL03-PB ; UOP02-DEL03-PB 
498166;2023-01-09; segunda-feira ; 09:25:00 ; RJ ;356;75; ITALVA ; Conversão proibida ; Colisão transversal ; Com Vítimas Feridas ; Pleno dia ; Decrescente ; Nublado ; Simples ; Reta ; Não ;2;0;0;1;1;0;1;2;-21,42140416;-41,69075621; SPRF-RJ ; DEL08-RJ ; UOP03-DEL08-RJ 
498167;2023-01-09; segunda-feira ; 09:15:00 ; PE ;101;41,5; IGARASSU ; Condutor deixou de manter distância do veículo da frente ; Colisão traseira ; Com Vítimas Feridas ; Pleno dia ; Crescente ; Nublado ; Dupla ; Reta ; Sim ;3;0;2;0;1;0;2;2;-7,83038346;-34,91426785; SPRF-PE ; DEL01-PE ; UOP02-DEL01-PE 
498169;2023-01-09; segunda-feira ; 07:50:00 ; SP ;116;516; CAJATI ; Velocidade Incompatível ; Colisão frontal ; Com Vítimas Feridas ; Pleno dia ; Decrescente ; Nublado ; Dupla ; Curva ; Não ;1;0;1;0;0;0;1;1;-24,87423036;-48,2190838; SPRF-SP ; DEL05-SP ; UOP02-DEL05-SP 
498171;2023-01-09; segunda-feira ; 10:00:00 ; GO ;153;518; APARECIDA DE GOIANIA ; Animais na Pista ; Atropelamento de Animal ; Sem Vítimas ; Pleno dia ; Crescente ; Céu Claro ; Dupla ; Não Informado ; Sim ;2;0;0;0;2;0;0;1;-16,867;-49,2505; SPRF-GO ; DEL01-GO ; UOP03-DEL01-GO 
498172;2023-01-09; segunda-feira ; 08:15:00 ; RO ;364;775; PORTO VELHO ; Acumulo de água sobre o pavimento ; Colisão lateral sentido oposto ; Com Vítimas Feridas ; Pleno dia ; Crescente ; Chuva ; Simples ; Reta ; Não ;4;0;0;1;3;0;1;2;-9,16733555;-64,20968125; SPRF-RO ; DEL01-RO ; UOP02-DEL01-RO 
498174;2023-01-09; segunda-feira ; 10:25:00 ; RN ;226;111,4; SANTA CRUZ ; Ultrapassagem Indevida ; Colisão traseira ; Sem Vítimas ; Pleno dia ; Crescente ; Céu Claro ; Simples ; Reta ; Sim ;2;0;0;0;2;0;0;2;-6,22841881;-36,0177456; SPRF-RN ; DEL03-RN ; UOP02-DEL03-RN 
498175;2023-01-09; segunda-feira ; 10:15:00 ; PR ;277;127; CAMPO LARGO ; Reação tardia ou ineficiente do condutor ; Colisão com objeto ; Com Vítimas Feridas ; Pleno dia ; Crescente ; Nublado ; Dupla ; Curva ; Não ;2;0;1;0;1;0;1;1;-25,449997;-49,612947; SPRF-PR ; DEL03-PR ; UOP03-DEL03-PR 
498178;2023-01-09; segunda-feira ; 09:52:00 ; BA ;110;150; RIBEIRA DO POMBAL ; Ingestão de álcool e/ou substâncias psicoativas pelo pedestre ; Colisão com objeto ; Sem Vítimas ; Pleno dia ; Crescente ; Céu Claro ; Simples ; Reta ; Não ;2;0;0;0;1;1;0;1;-10,69245302;-38,44478799; SPRF-BA ; DEL07-BA ; UOP02-DEL07-BA 
498179;2023-01-09; segunda-feira ; 11:00:00 ; RJ ;40;77; PETROPOLIS ; Chuva ; Saída de leito carroçável ; Com Vítimas Feridas ; Pleno dia ; Decrescente ; Chuva ; Dupla ; Curva ; Não ;4;0;1;0;3;0;1;1;-22,48005592;-43,23543994; SPRF-RJ ; DEL06-RJ ; UOP02-DEL06-RJ 
498180;2023-01-09; segunda-feira ; 11:30:00 ; SP ;116;230,5; SAO PAULO ; Reação tardia ou ineficiente do condutor ; Colisão traseira ; Com Vítimas Feridas ; Pleno dia ; Crescente ; Nublado ; Múltipla ; Reta ; Sim ;2;0;1;0;1;0;1;2;-23,52251783;-46,5855702; SPRF-SP ; DEL01-SP ; UOP01-DEL01-SP 
498181;2023-01-09; segunda-feira ; 10:35:00 ; RS ;290;8,6; OSORIO ; Condutor Dormindo ; Saída de leito carroçável ; Com Vítimas Feridas ; Pleno dia ; Crescente ; Céu Claro ; Dupla ; Reta ; Não ;6;0;4;0;2;0;4;1;-29,891826;-50,359713; SPRF-RS ; DEL03-RS ; UOP01-DEL03-RS 
498183;2023-01-09; segunda-feira ; 10:45:00 ; PR ;116;155; MANDIRITUBA ; Velocidade Incompatível ; Colisão traseira ; Com Vítimas Feridas ; Pleno dia ; Crescente ; Céu Claro ; Dupla ; Reta ; Não ;7;0;1;0;6;0;1;2;-25,865768;-49,382157; SPRF-PR ; DEL01-PR ; UOP03-DEL01-PR 
498185;2023-01-09; segunda-feira ; 12:10:00 ; MG ;381;924,4; CAMANDUCAIA ; Velocidade Incompatível ; Colisão com objeto ; Com Vítimas Feridas ; Pleno dia ; Crescente ; Chuva ; Dupla ; Curva ; Não ;5;0;5;0;0;0;5;1;-22,77050246;-46,23490598; SPRF-MG ; DEL16-MG ; UOP03-DEL16-MG 
498186;2023-01-09; segunda-feira ; 11:48:00 ; RS ;116;257,5; ESTEIO ; Reação tardia ou ineficiente do condutor ; Colisão traseira ; Com Vítimas Feridas ; Pleno dia ; Crescente ; Céu Claro ; Dupla ; Reta ; Sim ;4;0;1;0;3;0;1;2;-29,85262195;-51,17968329; SPRF-RS ; DEL01-RS ; UOP02-DEL01-RS 
498187;2023-01-09; segunda-feira ; 11:48:00 ; RS ;116;257,5; ESTEIO ; Reação tardia ou ineficiente do condutor ; Colisão traseira ; Com Vítimas Feridas ; Pleno dia ; Crescente ; Céu Claro ; Dupla ; Reta ; Sim ;3;0;1;0;2;0;1;2;-29,85262195;-51,17968329; SPRF-RS ; DEL01-RS ; UOP02-DEL01-RS 
498188;2023-01-09; segunda-feira ; 11:40:00 ; DF ;251;38; BRASILIA ; Ultrapassagem Indevida ; Colisão lateral sentido oposto ; Sem Vítimas ; Pleno dia ; Crescente ; Céu Claro ; Dupla ; Desvio Temporário ; Não ;5;0;0;0;5;0;0;2;-15,94397202;-47,79641747; SPRF-DF ; DEL01-DF ; UOP01-DEL01-DF 
498190;2023-01-09; segunda-feira ; 11:30:00 ; RJ ;40;73; PETROPOLIS ; Mal súbito do condutor ; Saída de leito carroçável ; Com Vítimas Feridas ; Pleno dia ; Crescente ; Céu Claro ; Simples ; Não Informado ; Não ;1;0;1;0;0;0;1;1;-22,46352401;-43,22321103; SPRF-RJ ; DEL06-RJ ; UOP02-DEL06-RJ 
498191;2023-01-09; segunda-feira ; 11:45:00 ; PB ;101;84; BAYEUX ; Condutor deixou de manter distância do veículo da frente ; Engavetamento ; Sem Vítimas ; Pleno dia ; Decrescente ; Sol ; Dupla ; Reta ; Não ;5;0;0;0;5;0;0;5;-7,13957906;-34,92312806; SPRF-PB ; DEL01-PB ; UOP01-DEL01-PB 
498192;2023-01-09; segunda-feira ; 09:30:00 ; RS ;471;661,9; SANTA VITORIA DO PALMAR ; Reação tardia ou ineficiente do condutor ; Colisão traseira ; Com Vítimas Fatais ; Pleno dia ; Decrescente ; Nublado ; Simples ; Reta ; Não ;2;1;0;0;1;0;0;2;-33,540749;-53,35442; SPRF-RS ; DEL07-RS ; UOP04-DEL07-RS 
498193;2023-01-09; segunda-feira ; 07:50:00 ; PR ;153;97,2; JAPIRA ; Mal súbito do condutor ; Saída de leito carroçável ; Com Vítimas Fatais ; Pleno dia ; Crescente ; Nublado ; Simples ; Reta ; Não ;1;1;0;0;0;0;0;1;-23,73961312;-50,18317222; SPRF-PR ; DEL07-PR ; UOP04-DEL07-PR 
498195;2023-01-09; segunda-feira ; 08:35:00 ; MT ;163;749; SORRISO ; Chuva ; Colisão traseira ; Com Vítimas Feridas ; Pleno dia ; Crescente ; Nublado ; Dupla ; Reta ; Não ;3;0;2;0;1;0;2;2;-12,68056718;-55,79601858; SPRF-MT ; DEL06-MT ; UOP02-DEL06-MT 
498197;2023-01-09; segunda-feira ; 12:45:00 ; PR ;277;645,2; CEU AZUL ; Mal súbito do condutor ; Saída de leito carroçável ; Com Vítimas Feridas ; Pleno dia ; Crescente ; Nublado ; Simples ; Curva ; Não ;1;0;1;0;0;0;1;1;-25,173631;-53,898044; SPRF-PR ; DEL05-PR ; UOP02-DEL05-PR 
498198;2023-01-09; segunda-feira ; 11:50:00 ; MG ;381;924,5; CAMANDUCAIA ; Chuva ; Colisão com objeto ; Com Vítimas Feridas ; Pleno dia ; Crescente ; Chuva ; Dupla ; Curva ; Não ;3;0;2;0;0;1;2;2;-22,77050246;-46,23490598; SPRF-MG ; DEL16-MG ; UOP03-DEL16-MG 
498200;2023-01-09; segunda-feira ; 11:50:00 ; MG ;381;586; CARMOPOLIS DE MINAS ; Velocidade Incompatível ; Queda de ocupante de veículo ; Com Vítimas Feridas ; Pleno dia ; Decrescente ; Céu Claro ; Dupla ; Reta ; Sim ;2;0;1;0;1;0;1;1;-20,52582304;-44,63184104; SPRF-MG ; DEL04-MG ; UOP01-DEL04-MG 
498203;2023-01-09; segunda-feira ; 12:50:00 ; RS ;290;149; ELDORADO DO SUL ; Condutor deixou de manter distância do veículo da frente ; Colisão traseira ; Com Vítimas Feridas ; Pleno dia ; Decrescente ; Céu Claro ; Simples ; Reta ; Não ;7;0;1;0;6;0;1;2;-30,106575;-51,696537; SPRF-RS ; DEL02-RS ; UOP01-DEL02-RS 
498204;2023-01-09; segunda-feira ; 11:47:00 ; RO ;364;240,5; CACOAL ; Manobra de mudança de faixa ; Colisão transversal ; Com Vítimas Feridas ; Pleno dia ; Crescente ; Nublado ; Simples ; Não Informado ; Sim ;2;0;1;0;1;0;1;2;-11,43878496;-61,47560835; SPRF-RO ; DEL02-RO ; UOP02-DEL02-RO 
498208;2023-01-09; segunda-feira ; 10:20:00 ; RS ;285;54,9; BOM JESUS ; Reação tardia ou ineficiente do condutor ; Saída de leito carroçável ; Com Vítimas Feridas ; Pleno dia ; Decrescente ; Céu Claro ; Simples ; Não Informado ; Não ;2;0;2;0;0;0;2;1;-28,653214;-50,366322; SPRF-RS ; DEL05-RS ; UOP03-DEL05-RS 
498209;2023-01-09; segunda-feira ; 09:54:00 ; PE ;232;290; SERTANIA ; Condutor Dormindo ; Colisão frontal ; Com Vítimas Fatais ; Pleno dia ; Crescente ; Céu Claro ; Simples ; Reta ; Não ;4;1;0;3;0;0;3;2;-8,30538909;-37,36919509; SPRF-PE ; DEL04-PE ; UOP02-DEL04-PE 
498215;2023-01-09; segunda-feira ; 14:10:00 ; SC ;101;334; TUBARAO ; Ausência de reação do condutor ; Colisão traseira ; Com Vítimas Feridas ; Pleno dia ; Crescente ; Céu Claro ; Dupla ; Reta ; Sim ;2;0;0;1;1;0;1;2;-28,46730446;-49,00604302; SPRF-SC ; DEL02-SC ; UOP01-DEL02-SC 
498216;2023-01-09; segunda-feira ; 14:40:00 ; GO ;50;173,2; CAMPO ALEGRE DE GOIAS ; Chuva ; Saída de leito carroçável ; Com Vítimas Feridas ; Pleno dia ; Crescente ; Chuva ; Dupla ; Reta ; Não ;2;0;1;0;1;0;1;1;-17,3542;-47,7899; SPRF-GO ; DEL06-GO ; UOP01-DEL06-GO 
498218;2023-01-09; segunda-feira ; 08:25:00 ; SC ;101;368,8; ICARA ; Transitar na contramão ; Saída de leito carroçável ; Com Vítimas Fatais ; Pleno dia ; Crescente ; Céu Claro ; Múltipla ; Reta ; Não ;4;1;0;3;0;0;3;2;-28,7004213;-49,1947511; SPRF-SC ; DEL02-SC ; UOP01-DEL02-SC 
498219;2023-01-09; segunda-feira ; 13:58:00 ; MS ;163;668; RIO VERDE DE MATO GROSSO ; Ausência de reação do condutor ; Saída de leito carroçável ; Sem Vítimas ; Pleno dia ; Crescente ; Céu Claro ; Simples ; Reta ; Não ;1;0;0;0;1;0;0;1;-19,02428802;-54,82731129; SPRF-MS ; DEL06-MS ; UOP02-DEL06-MS 
498220;2023-01-09; segunda-feira ; 13:20:00 ; GO ;40;70; LUZIANIA ; Velocidade Incompatível ; Saída de leito carroçável ; Com Vítimas Fatais ; Pleno dia ; Decrescente ; Chuva ; Simples ; Curva ; Não ;2;1;0;1;0;0;1;1;-16,604358;-47,770476; SPRF-DF ; DEL01-DF ; UOP04-DEL01-DF 
498221;2023-01-09; segunda-feira ; 13:29:00 ; RJ ;101;262,2; RIO BONITO ; Ausência de reação do condutor ; Colisão traseira ; Com Vítimas Feridas ; Pleno dia ; Crescente ; Ignorado ; Dupla ; Curva ; Sim ;2;0;1;0;1;0;1;1;-22,71491498;-42,62180328; SPRF-RJ ; DEL02-RJ ; UOP03-DEL02-RJ 