 id ; data_inversa ; dia_semana ; horario ; uf ; br ; km ; municipio ; causa_acidente ; tipo_acidente ; classificacao_acidente ; fase_dia ; sentido_via ; condicao_metereologica ; tipo_pista ; tracado_via ; uso_solo ; pessoas ; mortos ; feridos_leves ; feridos_graves ; ilesos ; ignorados ; feridos ; veiculos ; latitude ; longitude ; regional ; delegacia ; uop 
498581;2023-01-11; quarta-feira ; 16:40:00 ; MG ;381;554,5; ITAGUARA ; Reação tardia ou ineficiente do condutor ; Saída de leito carroçável ; Com Vítimas Feridas ; Pleno dia ; Decrescente ; Nublado ; Dupla ; Não Informado ; Não ;1;0;1;0;0;0;1;1;-20,35262218;-44,44977291; SPRF-MG ; DEL04-MG ; UOP03-DEL04-MG 
498582;2023-01-11; quarta-feira ; 19:30:00 ; PR ;277;5; FOZ DO IGUACU ; Desrespeitar a preferência no cruzamento ; Colisão transversal ; Com Vítimas Feridas ; Anoitecer ; Decrescente ; Céu Claro ; Dupla ; Rotatória ; Sim ;2;0;0;1;1;0;1;2;-25,46139029;-54,58346844; SPRF-PR ; DEL05-PR ; UOP03-DEL05-PR 
498584;2023-01-11; quarta-feira ; 19:00:00 ; RO ;364;710; PORTO VELHO ; Condutor deixou de manter distância do veículo da frente ; Engavetamento ; Com Vítimas Feridas ; Anoitecer ; Decrescente ; Céu Claro ; Dupla ; Reta ; Sim ;3;0;2;0;1;0;2;3;-8,78621576;-63,85712687; SPRF-RO ; DEL01-RO ; UOP01-DEL01-RO 
498585;2023-01-11; quarta-feira ; 17:50:00 ; PE ;101;74; RECIFE ; Acumulo de óleo sobre o pavimento ; Tombamento ; Com Vítimas Feridas ; Anoitecer ; Decrescente ; Céu Claro ; Dupla ; Reta ; Não ;3;0;1;1;1;0;2;3;-8,10146485;-34,94901577; SPRF-PE ; DEL01-PE ; UOP01-DEL01-PE 
498586;2023-01-11; quarta-feira ; 17:20:00 ; RJ ;40;72; PETROPOLIS ; Reação tardia ou ineficiente do condutor ; Colisão com objeto ; Com Vítimas Feridas ; Anoitecer ; Decrescente ; Chuva ; Simples ; Curva ; Não ;1;0;1;0;0;0;1;1;-22,4585308;-43,21600514; SPRF-RJ ; DEL06-RJ ; UOP02-DEL06-RJ 
498588;2023-01-07; sábado ; 18:53:00 ; CE ;222;87,5; UMIRIM ; Conversão proibida ; Colisão transversal ; Sem Vítimas ; Plena Noite ; Crescente ; Céu Claro ; Simples ; Não Informado ; Não ;2;0;0;0;2;0;0;2;-3,67209464;-39,32094501; SPRF-CE ; DEL04-CE ; UOP03-DEL04-CE 
498590;2023-01-11; quarta-feira ; 20:10:00 ; RN ;101;95; NATAL ; Ingestão de álcool pelo condutor ; Colisão lateral mesmo sentido ; Com Vítimas Feridas ; Plena Noite ; Decrescente ; Céu Claro ; Múltipla ; Reta ; Sim ;3;0;2;0;1;0;2;2;-5,84076841;-35,21035949; SPRF-RN ; DEL01-RN ; UOP01-DEL01-RN 
498591;2023-01-11; quarta-feira ; 19:50:00 ; PR ;376;181; MARINGA ; Ausência de reação do condutor ; Colisão lateral mesmo sentido ; Com Vítimas Feridas ; Plena Noite ; Crescente ; Céu Claro ; Dupla ; Reta ; Sim ;2;0;1;0;1;0;1;2;-23,43070187;-51,88975811; SPRF-PR ; DEL09-PR ; UOP01-DEL09-PR 
498594;2023-01-11; quarta-feira ; 17:55:00 ; SP ;116;512; CAJATI ; Reação tardia ou ineficiente do condutor ; Saída de leito carroçável ; Com Vítimas Feridas ; Pleno dia ; Decrescente ; Garoa/Chuvisco ; Simples ; Não Informado ; Não ;4;0;1;0;3;0;1;1;-24,84304306;-48,22027915; SPRF-SP ; DEL05-SP ; UOP02-DEL05-SP 
498595;2023-01-11; quarta-feira ; 19:19:00 ; SE ;101;96; SAO CRISTOVAO ; Afundamento ou ondulação no pavimento ; Tombamento ; Com Vítimas Feridas ; Plena Noite ; Crescente ; Nublado ; Dupla ; Não Informado ; Não ;1;0;0;1;0;0;1;1;-10,91774224;-37,16729183; SPRF-SE ; DEL02-SE ; UOP01-DEL02-SE 
498597;2023-01-11; quarta-feira ; 19:40:00 ; BA ;101;350; TEOLANDIA ; Ingestão de álcool pelo condutor ; Colisão frontal ; Sem Vítimas ; Plena Noite ; Crescente ; Céu Claro ; Simples ; Não Informado ; Não ;4;0;0;0;4;0;0;3;-13,609868;-39,498551; SPRF-BA ; DEL05-BA ; UOP03-DEL05-BA 
498600;2023-01-11; quarta-feira ; 21:00:00 ; SP ;381;64; MAIRIPORA ; Ingestão de álcool pelo condutor ; Colisão lateral mesmo sentido ; Sem Vítimas ; Plena Noite ; Decrescente ; Nublado ; Dupla ; Reta ; Não ;2;0;0;0;2;0;0;2;-23,29437896;-46,57254696; SPRF-SP ; DEL03-SP ; UOP01-DEL03-SP 
498601;2023-01-11; quarta-feira ; 21:30:00 ; GO ;153;426; ANAPOLIS ; Ausência de sinalização ; Saída de leito carroçável ; Com Vítimas Feridas ; Plena Noite ; Crescente ; Céu Claro ; Simples ; Não Informado ; Não ;1;0;0;1;0;0;1;1;-16,221258;-49,013374; SPRF-GO ; DEL02-GO ; UOP01-DEL02-GO 
498602;2023-01-11; quarta-feira ; 19:00:00 ; MG ;381;864,9; POUSO ALEGRE ; Pista esburacada ; Eventos atípicos ; Sem Vítimas ; Anoitecer ; Crescente ; Chuva ; Dupla ; Reta ; Não ;1;0;0;0;1;0;0;1;-22,38757269;-45,95265452; SPRF-MG ; DEL16-MG ; UOP01-DEL16-MG 
498603;2023-01-11; quarta-feira ; 22:00:00 ; RN ;304;296; MACAIBA ; Obstrução na via ; Queda de ocupante de veículo ; Com Vítimas Feridas ; Plena Noite ; Decrescente ; Ignorado ; Simples ; Reta ; Sim ;1;0;1;0;0;0;1;1;-5,86484905;-35,34931012; SPRF-RN ; DEL01-RN ; UOP02-DEL01-RN 
498604;2023-01-11; quarta-feira ; 21:20:00 ; SP ;116;150; SAO JOSE DOS CAMPOS ; Manobra de mudança de faixa ; Tombamento ; Com Vítimas Feridas ; Plena Noite ; Decrescente ; Nublado ; Múltipla ; Interseção de vias ; Sim ;2;0;2;0;0;0;2;1;-23,21335525;-45,8930588; SPRF-SP ; DEL02-SP ; UOP01-DEL02-SP 
498608;2023-01-11; quarta-feira ; 17:40:00 ; RJ ;40;93; DUQUE DE CAXIAS ; Reação tardia ou ineficiente do condutor ; Capotamento ; Com Vítimas Feridas ; Anoitecer ; Crescente ; Chuva ; Dupla ; Não Informado ; Não ;3;0;2;0;1;0;2;1;-22,55670824;-43,26348209; SPRF-RJ ; DEL06-RJ ; UOP02-DEL06-RJ 
498609;2023-01-11; quarta-feira ; 17:24:00 ; TO ;153;265; COLINAS DO TOCANTINS ; Demais falhas mecânicas ou elétricas ; Tombamento ; Com Vítimas Feridas ; Pleno dia ; Crescente ; Céu Claro ; Simples ; Reta ; Não ;4;0;4;0;0;0;4;1;-8,217812;-48,46415698; SPRF-TO ; DEL02-TO ; UOP02-DEL02-TO 
498611;2023-01-11; quarta-feira ; 22:35:00 ; GO ;20;197; POSSE ; Condutor Dormindo ; Colisão traseira ; Com Vítimas Feridas ; Plena Noite ; Crescente ; Céu Claro ; Simples ; Não Informado ; Não ;8;0;3;0;5;0;3;2;-14,33857138;-46,43749237; SPRF-DF ; DEL02-DF ; UOP03-DEL02-DF 
498612;2023-01-11; quarta-feira ; 21:05:00 ; SC ;282;277; SAO JOSE DO CERRITO ; Reação tardia ou ineficiente do condutor ; Saída de leito carroçável ; Com Vítimas Fatais ; Plena Noite ; Decrescente ; Nublado ; Simples ; Curva ; Não ;3;1;1;0;0;1;1;1;-27,59433737;-50,73589325; SPRF-SC ; DEL05-SC ; UOP02-DEL05-SC 
498614;2023-01-11; quarta-feira ; 23:00:00 ; SP ;116;154; SAO JOSE DOS CAMPOS ; Entrada inopinada do pedestre ; Atropelamento de Pedestre ; Com Vítimas Feridas ; Plena Noite ; Crescente ; Nublado ; Múltipla ; Reta ; Não ;2;0;0;1;0;1;1;1;-23,23903999;-45,92061901; SPRF-SP ; DEL02-SP ; UOP01-DEL02-SP 
498615;2023-01-11; quarta-feira ; 23:14:00 ; GO ;40;21; LUZIANIA ; Condutor Dormindo ; Saída de leito carroçável ; Com Vítimas Feridas ; Plena Noite ; Crescente ; Céu Claro ; Dupla ; Reta ; Sim ;4;0;2;0;2;0;2;1;-16,218542;-47,915731; SPRF-DF ; DEL01-DF ; UOP01-DEL01-DF 
498617;2023-01-11; quarta-feira ; 23:30:00 ; SP ;116;120; CACAPAVA ; Condutor Dormindo ; Saída de leito carroçável ; Com Vítimas Feridas ; Pleno dia ; Crescente ; Céu Claro ; Dupla ; Reta ; Não ;2;0;1;0;1;0;1;1;-23,0715638;-45,64459209; SPRF-SP ; DEL02-SP ; UOP02-DEL02-SP 
498618;2023-01-11; quarta-feira ; 15:50:00 ; MT ;70;552,2; NOSSA SENHORA DO LIVRAMENTO ; Chuva ; Saída de leito carroçável ; Sem Vítimas ; Pleno dia ; Decrescente ; Chuva ; Simples ; Curva ; Não ;2;0;0;0;2;0;0;1;-15,67703033;-56,32792808; SPRF-MT ; DEL03-MT ; UOP02-DEL03-MT 
498622;2023-01-12; quinta-feira ; 00:25:00 ; GO ;60;163; GOIANIA ; Transitar na contramão ; Colisão frontal ; Com Vítimas Feridas ; Plena Noite ; Crescente ; Garoa/Chuvisco ; Dupla ; Não Informado ; Sim ;2;0;0;2;0;0;2;2;-16,7002;-49,3335; SPRF-GO ; DEL01-GO ; UOP02-DEL01-GO 
498623;2023-01-11; quarta-feira ; 23:20:00 ; SC ;470;33,4; GASPAR ; Ausência de reação do condutor ; Colisão traseira ; Com Vítimas Feridas ; Plena Noite ; Crescente ; Nublado ; Dupla ; Reta ; Não ;3;0;1;0;2;0;1;2;-26,906223;-48,940575; SPRF-SC ; DEL04-SC ; UOP01-DEL04-SC 
498624;2023-01-11; quarta-feira ; 15:00:00 ; BA ;116;162,8; CANUDOS ; Ultrapassagem Indevida ; Colisão frontal ; Com Vítimas Fatais ; Pleno dia ; Crescente ; Sol ; Simples ; Não Informado ; Não ;4;1;0;3;0;0;3;2;-10,03501199;-39,15931172; SPRF-BA ; DEL07-BA ; UOP02-DEL07-BA 
498625;2023-01-11; quarta-feira ; 23:05:00 ; MT ;364;203; RONDONOPOLIS ; Demais falhas mecânicas ou elétricas ; Colisão traseira ; Com Vítimas Feridas ; Plena Noite ; Crescente ; Céu Claro ; Dupla ; Reta ; Sim ;2;0;1;0;1;0;1;2;-16,4755525639;-54,6534472382; SPRF-MT ; DEL02-MT ; UOP01-DEL02-MT 
498627;2023-01-12; quinta-feira ; 00:03:00 ; DF ;20;45; BRASILIA ; Ingestão de álcool pelo condutor ; Saída de leito carroçável ; Sem Vítimas ; Plena Noite ; Crescente ; Céu Claro ; Dupla ; Reta ; Não ;1;0;0;0;1;0;0;1;-15,577153;-47,467113; SPRF-DF ; DEL02-DF ; UOP01-DEL02-DF 
498630;2023-01-11; quarta-feira ; 22:55:00 ; MG ;40;120; JOAO PINHEIRO ; Animais na Pista ; Atropelamento de Animal ; Com Vítimas Feridas ; Plena Noite ; Decrescente ; Chuva ; Simples ; Não Informado ; Não ;2;0;1;0;1;0;1;1;-17,66215873;-46,36488595; SPRF-MG ; DEL14-MG ; UOP01-DEL14-MG 
498631;2023-01-12; quinta-feira ; 00:50:00 ; MG ;50;180; UBERABA ; Ingestão de álcool e/ou substâncias psicoativas pelo pedestre ; Colisão com objeto ; Com Vítimas Feridas ; Plena Noite ; Decrescente ; Garoa/Chuvisco ; Dupla ; Interseção de vias ; Não ;1;0;0;1;0;0;1;1;-19,77848216;-47,92194709; SPRF-MG ; DEL13-MG ; UOP01-DEL13-MG 
498632;2023-01-12; quinta-feira ; 00:35:00 ; PR ;369;391; MAMBORE ; Velocidade Incompatível ; Saída de leito carroçável ; Com Vítimas Feridas ; Plena Noite ; Crescente ; Céu Claro ; Simples ; Interseção de vias ; Não ;4;0;4;0;0;0;4;1;-24,28219137;-52,54579609; SPRF-PR ; DEL04-PR ; UOP03-DEL04-PR 
498633;2023-01-12; quinta-feira ; 03:50:00 ; RS ;480;68,1; ERECHIM ; Transitar na contramão ; Colisão frontal ; Sem Vítimas ; Plena Noite ; Decrescente ; Céu Claro ; Simples ; Reta ; Não ;2;0;0;0;1;1;0;2;-27,63347625;-52,34270887; SPRF-RS ; DEL08-RS ; UOP04-DEL08-RS 
498636;2023-01-12; quinta-feira ; 05:23:00 ; PI ;316;7,6; TERESINA ; Animais na Pista ; Atropelamento de Animal ; Com Vítimas Feridas ; Amanhecer ; Decrescente ; Céu Claro ; Múltipla ; Reta ; Sim ;1;0;0;1;0;0;1;1;-5,15584638;-42,77173332; SPRF-PI ; DEL01-PI ; UOP02-DEL01-PI 
498637;2023-01-12; quinta-feira ; 00:00:00 ; SC ;101;421; SAO JOAO DO SUL ; Manobra de mudança de faixa ; Saída de leito carroçável ; Sem Vítimas ; Plena Noite ; Crescente ; Ignorado ; Dupla ; Interseção de vias ; Não ;1;0;0;0;1;0;0;1;-29,239;-49,756; SPRF-SC ; DEL02-SC ; UOP02-DEL02-SC 
498639;2023-01-12; quinta-feira ; 05:30:00 ; SP ;116;146; SAO JOSE DOS CAMPOS ; Reação tardia ou ineficiente do condutor ; Colisão com objeto ; Com Vítimas Feridas ; Amanhecer ; Decrescente ; Céu Claro ; Múltipla ; Reta ; Não ;3;0;3;0;0;0;3;2;-23,19122919;-45,86327591; SPRF-SP ; DEL02-SP ; UOP01-DEL02-SP 
498641;2023-01-12; quinta-feira ; 04:30:00 ; BA ;116;771,4; PLANALTO ; Animais na Pista ; Atropelamento de Animal ; Com Vítimas Feridas ; Amanhecer ; Crescente ; Céu Claro ; Simples ; Reta ; Não ;1;0;1;0;0;0;1;1;-14,628;-40,449; SPRF-BA ; DEL08-BA ; UOP02-DEL08-BA 
498644;2023-01-12; quinta-feira ; 05:50:00 ; PB ;101;107,8; ALHANDRA ; Desrespeitar a preferência no cruzamento ; Colisão transversal ; Com Vítimas Fatais ; Pleno dia ; Decrescente ; Sol ; Simples ; Reta ; Não ;2;1;0;1;0;0;1;2;-7,33327602;-34,94715448; SPRF-PB ; DEL01-PB ; UOP02-DEL01-PB 
498650;2023-01-11; quarta-feira ; 20:00:00 ; SC ;101;103; PENHA ; Ausência de reação do condutor ; Queda de ocupante de veículo ; Com Vítimas Feridas ; Plena Noite ; Decrescente ; Céu Claro ; Dupla ; Curva ; Não ;2;0;2;0;0;0;2;1;-26,7832381;-48,68314632; SPRF-SC ; DEL03-SC ; UOP02-DEL03-SC 
498651;2023-01-12; quinta-feira ; 07:20:00 ; MG ;381;768; CAMPANHA ; Condutor Dormindo ; Saída de leito carroçável ; Com Vítimas Feridas ; Pleno dia ; Decrescente ; Nublado ; Dupla ; Curva ; Não ;2;0;2;0;0;0;2;1;-21,75268097;-45,39527362; SPRF-MG ; DEL16-MG ; UOP02-DEL16-MG 
498652;2023-01-12; quinta-feira ; 06:35:00 ; MT ;158;589,9; AGUA BOA ; Condutor Dormindo ; Saída de leito carroçável ; Sem Vítimas ; Pleno dia ; Crescente ; Céu Claro ; Simples ; Reta ; Não ;1;0;0;0;1;0;0;1;-14,22521485;-52,18037076; SPRF-MT ; DEL07-MT ; UOP02-DEL07-MT 
498655;2023-01-12; quinta-feira ; 07:00:00 ; MG ;40;799; JUIZ DE FORA ; Pista Escorregadia ; Tombamento ; Com Vítimas Feridas ; Pleno dia ; Crescente ; Garoa/Chuvisco ; Simples ; Curva ; Sim ;1;0;1;0;0;0;1;1;-21,82857001;-43,37364401; SPRF-MG ; DEL05-MG ; UOP01-DEL05-MG 
498657;2023-01-12; quinta-feira ; 06:40:00 ; SC ;101;182; BIGUACU ; Ingestão de álcool pelo condutor ; Capotamento ; Com Vítimas Feridas ; Pleno dia ; Crescente ; Céu Claro ; Dupla ; Reta ; Não ;2;0;2;0;0;0;2;1;-27,39798985;-48,6303592; SPRF-SC ; DEL01-SC ; UOP01-DEL01-SC 
498659;2023-01-12; quinta-feira ; 07:20:00 ; PR ;158;537,7; PATO BRANCO ; Conversão proibida ; Colisão transversal ; Com Vítimas Feridas ; Pleno dia ; Decrescente ; Céu Claro ; Simples ; Não Informado ; Não ;2;0;1;0;1;0;1;2;-26,24774787;-52,70513312; SPRF-PR ; DEL02-PR ; UOP01-DEL02-PR 
498660;2023-01-12; quinta-feira ; 07:00:00 ; PB ;230;82,8; CALDAS BRANDAO ; Velocidade Incompatível ; Capotamento ; Com Vítimas Fatais ; Pleno dia ; Crescente ; Céu Claro ; Dupla ; Curva ; Não ;1;1;0;0;0;0;0;1;-7,1669;-35,3355; SPRF-PB ; DEL01-PB ; UOP03-DEL01-PB 
498661;2023-01-12; quinta-feira ; 07:15:00 ; SC ;470;58,6; BLUMENAU ; Acessar a via sem observar a presença dos outros veículos ; Colisão lateral mesmo sentido ; Com Vítimas Feridas ; Pleno dia ; Crescente ; Céu Claro ; Simples ; Não Informado ; Sim ;2;0;1;0;1;0;1;2;-26,883879;-49,145622; SPRF-SC ; DEL04-SC ; UOP01-DEL04-SC 
498662;2023-01-12; quinta-feira ; 03:00:00 ; PB ;230;472; SOUSA ; Ausência de reação do condutor ; Colisão traseira ; Com Vítimas Feridas ; Plena Noite ; Decrescente ; Nublado ; Simples ; Reta ; Não ;2;0;0;1;1;0;1;2;-6,7994;-38,2987; SPRF-PB ; DEL03-PB ; UOP03-DEL03-PB 
498664;2023-01-12; quinta-feira ; 08:00:00 ; PR ;116;122,3; CURITIBA ; Demais falhas mecânicas ou elétricas ; Tombamento ; Com Vítimas Feridas ; Pleno dia ; Decrescente ; Céu Claro ; Dupla ; Não Informado ; Sim ;2;0;2;0;0;0;2;1;-25,56857207;-49,31023179; SPRF-PR ; DEL01-PR ; UOP03-DEL01-PR 
498666;2023-01-12; quinta-feira ; 07:29:00 ; RN ;110;49,2; MOSSORO ; Manobra de mudança de faixa ; Colisão transversal ; Com Vítimas Feridas ; Pleno dia ; Decrescente ; Céu Claro ; Dupla ; Retorno Regulamentado ; Sim ;2;0;1;0;1;0;1;2;-5,21765225;-37,32869983; SPRF-RN ; DEL04-RN ; UOP01-DEL04-RN 
498671;2023-01-12; quinta-feira ; 07:55:00 ; GO ;153;501; GOIANIA ; Condutor deixou de manter distância do veículo da frente ; Colisão traseira ; Com Vítimas Feridas ; Pleno dia ; Crescente ; Céu Claro ; Dupla ; Reta ; Sim ;2;0;1;0;1;0;1;2;-16,7189;-49,2382; SPRF-GO ; DEL01-GO ; UOP01-DEL01-GO 
498672;2023-01-12; quinta-feira ; 05:40:00 ; MT ;70;620; POCONE ; Condutor Dormindo ; Capotamento ; Com Vítimas Feridas ; Amanhecer ; Crescente ; Nublado ; Simples ; Reta ; Não ;1;0;0;1;0;0;1;1;-15,88530548;-56,88772716; SPRF-MT ; DEL03-MT ; UOP02-DEL03-MT 
498673;2023-01-11; quarta-feira ; 18:30:00 ; RJ ;116;171; RIO DE JANEIRO ; Ausência de reação do condutor ; Colisão traseira ; Com Vítimas Feridas ; Plena Noite ; Crescente ; Nevoeiro/Neblina ; Múltipla ; Reta ; Não ;3;0;1;0;2;0;1;2;-22,8060415;-43,34289573; SPRF-RJ ; DEL01-RJ ; UOP02-DEL01-RJ 
498674;2023-01-12; quinta-feira ; 08:15:00 ; RN ;304;301; MACAIBA ; Manobra de mudança de faixa ; Colisão traseira ; Com Vítimas Feridas ; Pleno dia ; Decrescente ; Céu Claro ; Dupla ; Reta ; Sim ;2;0;1;0;1;0;1;2;-5,87657067;-35,30647289; SPRF-RN ; DEL01-RN ; UOP02-DEL01-RN 
498676;2023-01-03; terça-feira ; 12:20:00 ; SC ;101;153; ITAPEMA ; Trafegar com motocicleta (ou similar) entre as faixas ; Colisão traseira ; Com Vítimas Feridas ; Pleno dia ; Decrescente ; Céu Claro ; Dupla ; Reta ; Sim ;2;0;0;1;0;1;1;2;-27,144717;-48,61063935; SPRF-SC ; DEL04-SC ; UOP03-DEL04-SC 
498677;2023-01-12; quinta-feira ; 09:00:00 ; PR ;469;15; FOZ DO IGUACU ; Acessar a via sem observar a presença dos outros veículos ; Colisão transversal ; Com Vítimas Feridas ; Pleno dia ; Crescente ; Céu Claro ; Simples ; Reta ; Sim ;2;0;1;0;1;0;1;2;-25,5813;-54,5315; SPRF-PR ; DEL05-PR ; UOP04-DEL05-PR 
498678;2023-01-12; quinta-feira ; 09:20:00 ; SC ;101;191,6; BIGUACU ; Demais falhas mecânicas ou elétricas ; Queda de ocupante de veículo ; Com Vítimas Feridas ; Pleno dia ; Crescente ; Céu Claro ; Dupla ; Reta ; Sim ;2;0;2;0;0;0;2;1;-27,47730273;-48,64127329; SPRF-SC ; DEL01-SC ; UOP01-DEL01-SC 
498679;2023-01-12; quinta-feira ; 06:56:00 ; AC ;364;126; RIO BRANCO ; Desrespeitar a preferência no cruzamento ; Colisão transversal ; Com Vítimas Feridas ; Pleno dia ; Decrescente ; Céu Claro ; Múltipla ; Rotatória ; Sim ;2;0;2;0;0;0;2;2;-10,012822;-67,80875; SPRF-AC ; N/A ; UOP01-DEL01-AC 
498681;2023-01-12; quinta-feira ; 08:50:00 ; RJ ;356;163; SAO JOAO DA BARRA ; Manobra de mudança de faixa ; Queda de ocupante de veículo ; Com Vítimas Feridas ; Pleno dia ; Crescente ; Sol ; Simples ; Reta ; Não ;2;0;2;0;0;0;2;1;-21,70969582;-41,14093103; SPRF-RJ ; DEL08-RJ ; UOP02-DEL08-RJ 
498682;2023-01-12; quinta-feira ; 08:00:00 ; GO ;20;133,3; FLORES DE GOIAS ; Condutor deixou de manter distância do veículo da frente ; Engavetamento ; Com Vítimas Feridas ; Pleno dia ; Decrescente ; Céu Claro ; Simples ; Reta ; Não ;6;0;2;0;4;0;2;3;-14,82514;-46,720798; SPRF-DF ; DEL02-DF ; UOP03-DEL02-DF 
498686;2023-01-12; quinta-feira ; 08:30:00 ; BA ;NA;NA; EUNAPOLIS ; Acessar a via sem observar a presença dos outros veículos ; Colisão transversal ; Com Vítimas Feridas ; Pleno dia ; Não Informado ; Sol ; Simples ; Não Informado ; Sim ;2;0;1;0;1;0;1;2;-16,36653;-39,581901; SPRF-BA ; DEL09-BA ; UOP01-DEL09-BA 
498687;2023-01-12; quinta-feira ; 09:50:00 ; PR ;277;48,5; MORRETES ; Trafegar com motocicleta (ou similar) entre as faixas ; Colisão lateral mesmo sentido ; Com Vítimas Feridas ; Pleno dia ; Decrescente ; Céu Claro ; Dupla ; Reta ; Não ;1;0;1;0;0;0;1;1;-25,59302836;-48,88200785; SPRF-PR ; DEL01-PR ; UOP01-DEL01-PR 
498688;2023-01-12; quinta-feira ; 08:00:00 ; RS ;386;182,3; CARAZINHO ; Obras na pista ; Engavetamento ; Com Vítimas Feridas ; Pleno dia ; Decrescente ; Céu Claro ; Simples ; Reta ; Sim ;4;0;2;0;2;0;2;3;-28,315172;-52,733284; SPRF-RS ; DEL08-RS ; UOP01-DEL08-RS 
498691;2023-01-12; quinta-feira ; 09:40:00 ; PR ;476;124; CURITIBA ; Reação tardia ou ineficiente do condutor ; Colisão com objeto ; Sem Vítimas ; Pleno dia ; Decrescente ; Sol ; Múltipla ; Reta ; Sim ;1;0;0;0;1;0;0;1;-25,399845;-49,215855; SPRF-PR ; DEL01-PR ; UOP01-DEL01-PR 
498694;2023-01-12; quinta-feira ; 10:30:00 ; DF ;80;19; BRASILIA ; Deficiência do Sistema de Iluminação/Sinalização ; Colisão lateral mesmo sentido ; Sem Vítimas ; Pleno dia ; Crescente ; Nublado ; Dupla ; Interseção de vias ; Sim ;2;0;0;0;2;0;0;2;-15,675205;-48,204636; SPRF-DF ; DEL01-DF ; UOP03-DEL01-DF 
498696;2023-01-12; quinta-feira ; 08:30:00 ; BA ;110;242; OLINDINA ; Ausência de reação do condutor ; Colisão transversal ; Com Vítimas Feridas ; Pleno dia ; Crescente ; Céu Claro ; Simples ; Não Informado ; Sim ;3;0;1;1;1;0;2;2;-11,416905;-38,292923; SPRF-BA ; DEL01-BA ; UOP04-DEL01-BA 
498697;2023-01-12; quinta-feira ; 09:30:00 ; MG ;381;932,4; EXTREMA ; Velocidade Incompatível ; Colisão com objeto ; Sem Vítimas ; Pleno dia ; Decrescente ; Céu Claro ; Dupla ; Não Informado ; Não ;1;0;0;0;0;1;0;1;-22,81198015;-46,28431295; SPRF-MG ; DEL16-MG ; UOP03-DEL16-MG 
498698;2023-01-12; quinta-feira ; 08:30:00 ; MS ;262;727,4; CORUMBA ; Acumulo de água sobre o pavimento ; Colisão frontal ; Com Vítimas Feridas ; Pleno dia ; Crescente ; Chuva ; Simples ; Reta ; Não ;3;0;3;0;0;0;3;2;-19,37787501;-57,52853394; SPRF-MS ; DEL03-MS ; UOP03-DEL03-MS 
498701;2023-01-12; quinta-feira ; 10:40:00 ; PI ;402;71; LUIS CORREIA ; Animais na Pista ; Atropelamento de Animal ; Com Vítimas Feridas ; Pleno dia ; Decrescente ; Céu Claro ; Simples ; Curva ; Não ;1;0;1;0;0;0;1;1;-3,09794238;-41,48743811; SPRF-PI ; DEL05-PI ; UOP01-DEL05-PI 
498702;2023-01-12; quinta-feira ; 11:30:00 ; PR ;373;476; CORONEL VIVIDA ; Retorno proibido ; Colisão transversal ; Com Vítimas Feridas ; Pleno dia ; Crescente ; Céu Claro ; Simples ; Curva ; Não ;6;0;4;1;1;0;5;2;-25,96350986;-52,5197692; SPRF-PR ; DEL02-PR ; UOP01-DEL02-PR 
498703;2023-01-12; quinta-feira ; 12:15:00 ; RJ ;101;70; CAMPOS DOS GOYTACAZES ; Velocidade Incompatível ; Capotamento ; Com Vítimas Feridas ; Pleno dia ; Crescente ; Céu Claro ; Simples ; Reta ; Não ;1;0;1;0;0;0;1;1;-21,781011;-41,373363; SPRF-RJ ; DEL08-RJ ; UOP02-DEL08-RJ 
498704;2023-01-12; quinta-feira ; 12:00:00 ; PE ;101;72,8; RECIFE ; Reação tardia ou ineficiente do condutor ; Colisão traseira ; Com Vítimas Feridas ; Pleno dia ; Crescente ; Céu Claro ; Dupla ; Curva ; Sim ;2;0;2;0;0;0;2;2;-8,08493106;-34,9450639; SPRF-PE ; DEL01-PE ; UOP01-DEL01-PE 
498706;2023-01-12; quinta-feira ; 10:45:00 ; SC ;101;151; ITAPEMA ; Condutor deixou de manter distância do veículo da frente ; Colisão traseira ; Com Vítimas Feridas ; Pleno dia ; Crescente ; Céu Claro ; Dupla ; Reta ; Sim ;2;0;0;1;0;1;1;2;-27,126536;-48,609642; SPRF-SC ; DEL04-SC ; UOP03-DEL04-SC 
498709;2023-01-12; quinta-feira ; 11:25:00 ; PA ;10;16,3; DOM ELISEU ; Frear bruscamente ; Queda de ocupante de veículo ; Com Vítimas Feridas ; Pleno dia ; Decrescente ; Sol ; Simples ; Reta ; Sim ;1;0;1;0;0;0;1;1;-4,310932;-47,55446699; SPRF-PA ; DEL02-PA ; UOP02-DEL02-PA 
498710;2023-01-12; quinta-feira ; 09:15:00 ; RJ ;101;428; MANGARATIBA ; Desrespeitar a preferência no cruzamento ; Colisão transversal ; Com Vítimas Feridas ; Pleno dia ; Decrescente ; Nublado ; Dupla ; Não Informado ; Sim ;2;0;0;1;1;0;1;2;-22,93391858;-43,9899979; SPRF-RJ ; DEL03-RJ ; UOP01-DEL03-RJ 
498712;2023-01-12; quinta-feira ; 12:30:00 ; RJ ;40;111; DUQUE DE CAXIAS ; Demais falhas na via ; Tombamento ; Com Vítimas Feridas ; Pleno dia ; Decrescente ; Nublado ; Múltipla ; Reta ; Sim ;2;0;2;0;0;0;2;1;-22,691868;-43,287453; SPRF-RJ ; DEL01-RJ ; UOP01-DEL01-RJ 
498713;2023-01-12; quinta-feira ; 12:25:00 ; PR ;277;95; CURITIBA ; Reação tardia ou ineficiente do condutor ; Colisão traseira ; Com Vítimas Feridas ; Pleno dia ; Decrescente ; Sol ; Dupla ; Não Informado ; Sim ;4;0;1;0;3;0;1;2;-25,43104166;-49,32644974; SPRF-PR ; DEL01-PR ; UAP06-DEL01-PR 