 id ; data_inversa ; dia_semana ; horario ; uf ; br ; km ; municipio ; causa_acidente ; tipo_acidente ; classificacao_acidente ; fase_dia ; sentido_via ; condicao_metereologica ; tipo_pista ; tracado_via ; uso_solo ; pessoas ; mortos ; feridos_leves ; feridos_graves ; ilesos ; ignorados ; feridos ; veiculos ; latitude ; longitude ; regional ; delegacia ; uop 
498714;2023-01-12; quinta-feira ; 11:45:00 ; SC ;470;149,7; AGRONOMICA ; Acesso irregular ; Colisão lateral mesmo sentido ; Com Vítimas Feridas ; Pleno dia ; Decrescente ; Céu Claro ; Simples ; Não Informado ; Não ;2;0;1;0;1;0;1;2;-27,252104;-49,702129; SPRF-SC ; DEL04-SC ; UOP02-DEL04-SC 
498715;2023-01-12; quinta-feira ; 11:05:00 ; PR ;369;444,5; UBIRATA ; Velocidade Incompatível ; Saída de leito carroçável ; Com Vítimas Feridas ; Pleno dia ; Crescente ; Chuva ; Simples ; Reta ; Não ;3;0;3;0;0;0;3;1;-24,5396;-52,9474; SPRF-PR ; DEL04-PR ; UOP03-DEL04-PR 
498716;2023-01-12; quinta-feira ; 12:00:00 ; MG ;381;905,2; CAMBUI ; Manobra de mudança de faixa ; Colisão com objeto ; Com Vítimas Feridas ; Pleno dia ; Crescente ; Chuva ; Dupla ; Curva ; Não ;5;0;2;0;3;0;2;1;-22,66069719;-46,08837789; SPRF-MG ; DEL16-MG ; UOP03-DEL16-MG 
498719;2023-01-12; quinta-feira ; 13:40:00 ; MG ;381;499; BETIM ; Ausência de reação do condutor ; Engavetamento ; Sem Vítimas ; Pleno dia ; Decrescente ; Céu Claro ; Dupla ; Não Informado ; Não ;7;0;0;0;7;0;0;5;-20,01792651;-44,2261448; SPRF-MG ; DEL01-MG ; UOP03-DEL01-MG 
498720;2023-01-12; quinta-feira ; 13:20:00 ; PR ;376;304; MAUA DA SERRA ; Ausência de reação do condutor ; Saída de leito carroçável ; Sem Vítimas ; Pleno dia ; Decrescente ; Chuva ; Dupla ; Não Informado ; Não ;5;0;0;0;5;0;0;1;-23,952969;-51,114033; SPRF-PR ; DEL07-PR ; UOP02-DEL07-PR 
498721;2023-01-12; quinta-feira ; 13:40:00 ; BA ;135;165; BARREIRAS ; Reação tardia ou ineficiente do condutor ; Tombamento ; Com Vítimas Feridas ; Pleno dia ; Decrescente ; Sol ; Simples ; Reta ; Não ;4;0;0;1;3;0;1;2;-12,04796112;-44,9630617; SPRF-BA ; DEL08-BA ; UOP04-DEL08-BA 
498722;2023-01-12; quinta-feira ; 13:40:00 ; SP ;101;47,1; UBATUBA ; Ausência de reação do condutor ; Tombamento ; Com Vítimas Feridas ; Pleno dia ; Decrescente ; Céu Claro ; Simples ; Reta ; Sim ;1;0;1;0;0;0;1;1;-23,429897;-45,082436; SPRF-SP ; DEL06-SP ; UOP01-DEL06-SP 
498723;2023-01-12; quinta-feira ; 13:40:00 ; RS ;285;483,6; ENTRE-IJUIS ; Ingestão de álcool pelo condutor ; Saída de leito carroçável ; Com Vítimas Feridas ; Pleno dia ; Decrescente ; Nublado ; Simples ; Reta ; Não ;1;0;1;0;0;0;1;1;-28,373577;-54,127453; SPRF-RS ; DEL10-RS ; UOP01-DEL10-RS 
498727;2023-01-12; quinta-feira ; 14:20:00 ; RJ ;116;140; DUQUE DE CAXIAS ; Demais falhas mecânicas ou elétricas ; Colisão com objeto ; Com Vítimas Feridas ; Pleno dia ; Crescente ; Nublado ; Dupla ; Reta ; Não ;1;0;1;0;0;0;1;1;-22,6466198;-43,21112001; SPRF-RJ ; DEL01-RJ ; UOP01-DEL01-RJ 
498729;2023-01-12; quinta-feira ; 13:30:00 ; PE ;101;52; PAULISTA ; Manobra de mudança de faixa ; Colisão traseira ; Com Vítimas Feridas ; Pleno dia ; Crescente ; Céu Claro ; Dupla ; Reta ; Não ;3;0;2;0;1;0;2;2;-7,92358799;-34,89607201; SPRF-PE ; DEL01-PE ; UOP02-DEL01-PE 
498731;2023-01-12; quinta-feira ; 14:45:00 ; PR ;376;309,8; ORTIGUEIRA ; Ausência de reação do condutor ; Saída de leito carroçável ; Com Vítimas Feridas ; Pleno dia ; Crescente ; Nublado ; Dupla ; Não Informado ; Não ;1;0;1;0;0;0;1;1;-23,9819395;-51,08543873; SPRF-PR ; DEL07-PR ; UOP02-DEL07-PR 
498732;2023-01-12; quinta-feira ; 15:00:00 ; PR ;376;630; SAO JOSE DOS PINHAIS ; Ausência de reação do condutor ; Capotamento ; Com Vítimas Feridas ; Pleno dia ; Crescente ; Sol ; Dupla ; Reta ; Não ;5;0;4;0;1;0;4;2;-25,695757;-49,144882; SPRF-PR ; DEL01-PR ; UOP04-DEL01-PR 
498735;2023-01-12; quinta-feira ; 13:00:00 ; RO ;435;86; COLORADO DO OESTE ; Desrespeitar a preferência no cruzamento ; Colisão transversal ; Com Vítimas Feridas ; Pleno dia ; Crescente ; Céu Claro ; Dupla ; Rotatória ; Sim ;2;0;1;0;1;0;1;2;-13,12026846;-60,54055407; SPRF-RO ; DEL04-RO ; UOP02-DEL04-RO 
498738;2023-01-12; quinta-feira ; 15:00:00 ; RJ ;493;120; ITAGUAI ; Pista esburacada ; Colisão traseira ; Com Vítimas Feridas ; Pleno dia ; Crescente ; Céu Claro ; Dupla ; Não Informado ; Sim ;4;0;2;0;2;0;2;2;-22,88125598;-43,82592201; SPRF-RJ ; DEL01-RJ ; UOP04-DEL01-RJ 
498740;2023-01-12; quinta-feira ; 16:00:00 ; ES ;262;36; DOMINGOS MARTINS ; Ultrapassagem Indevida ; Colisão lateral mesmo sentido ; Com Vítimas Feridas ; Pleno dia ; Decrescente ; Garoa/Chuvisco ; Simples ; Não Informado ; Não ;4;0;1;1;1;1;2;2;-20,3826388;-40,60330291; SPRF-ES ; DEL01-ES ; UOP01-DEL01-ES 
498741;2023-01-12; quinta-feira ; 16:00:00 ; PA ;316;50,4; CASTANHAL ; Ausência de reação do condutor ; Saída de leito carroçável ; Com Vítimas Feridas ; Pleno dia ; Decrescente ; Céu Claro ; Dupla ; Curva ; Não ;4;0;2;0;2;0;2;1;-1,306616;-48,039637; SPRF-PA ; DEL01-PA ; UOP01-DEL01-PA 
498743;2023-01-12; quinta-feira ; 16:30:00 ; PR ;116;102; SAO JOSE DOS PINHAIS ; Reação tardia ou ineficiente do condutor ; Colisão traseira ; Com Vítimas Feridas ; Pleno dia ; Decrescente ; Garoa/Chuvisco ; Dupla ; Reta ; Não ;1;0;1;0;0;0;1;1;-25,550639;-49,15025; SPRF-PR ; DEL01-PR ; UOP07-DEL01-PR 
498745;2023-01-12; quinta-feira ; 13:50:00 ; RJ ;101;329; NITEROI ; Ausência de reação do condutor ; Colisão traseira ; Sem Vítimas ; Pleno dia ; Crescente ; Céu Claro ; Simples ; Reta ; Não ;2;0;0;0;2;0;0;2;-22,86939305;-43,175642; SPRF-RJ ; DEL02-RJ ; UOP01-DEL02-RJ 
498747;2023-01-12; quinta-feira ; 17:00:00 ; TO ;10;429; PALMAS ; Reação tardia ou ineficiente do condutor ; Colisão traseira ; Com Vítimas Feridas ; Pleno dia ; Crescente ; Céu Claro ; Dupla ; Reta ; Sim ;2;0;1;0;1;0;1;2;-10,326362;-48,297657; SPRF-TO ; DEL01-TO ; UOP03-DEL01-TO 
498752;2023-01-12; quinta-feira ; 15:55:00 ; BA ;407;126; SENHOR DO BONFIM ; Acesso irregular ; Colisão lateral mesmo sentido ; Com Vítimas Feridas ; Pleno dia ; Crescente ; Céu Claro ; Simples ; Reta ; Sim ;2;0;1;0;1;0;1;2;-10,46063493;-40,17691612; SPRF-BA ; DEL04-BA ; UOP01-DEL04-BA 
498754;2023-01-12; quinta-feira ; 17:15:00 ; RN ;101;97; NATAL ; Condutor deixou de manter distância do veículo da frente ; Colisão traseira ; Com Vítimas Feridas ; Pleno dia ; Decrescente ; Céu Claro ; Dupla ; Reta ; Sim ;2;0;1;0;1;0;1;2;-5,85758898;-35,21271205; SPRF-RN ; DEL01-RN ; UOP01-DEL01-RN 
498759;2023-01-02; segunda-feira ; 08:30:00 ; MS ;60;436,6; SIDROLANDIA ; Ausência de reação do condutor ; Saída de leito carroçável ; Com Vítimas Feridas ; Pleno dia ; Decrescente ; Céu Claro ; Simples ; Curva ; Não ;2;0;0;2;0;0;2;1;-21,00228807;-55,12025096; SPRF-MS ; DEL01-MS ; UOP04-DEL01-MS 
498761;2023-01-12; quinta-feira ; 09:45:00 ; MA ;10;253; IMPERATRIZ ; Ausência de reação do condutor ; Queda de ocupante de veículo ; Com Vítimas Feridas ; Pleno dia ; Crescente ; Sol ; Simples ; Reta ; Sim ;2;0;0;1;1;0;1;1;-5,526911;-47,471455; SPRF-MA ; DEL04-MA ; UOP01-DEL04-MA 
498762;2023-01-12; quinta-feira ; 17:00:00 ; PI ;343;4,5; TERESINA ; Reação tardia ou ineficiente do condutor ; Colisão traseira ; Com Vítimas Feridas ; Pleno dia ; Crescente ; Céu Claro ; Dupla ; Ponte ; Sim ;2;0;0;1;1;0;1;2;-5,089569;-42,802288; SPRF-PI ; DEL01-PI ; UOP01-DEL01-PI 
498764;2023-01-12; quinta-feira ; 17:30:00 ; SC ;282;624,4; IRACEMINHA ; Reação tardia ou ineficiente do condutor ; Colisão traseira ; Com Vítimas Feridas ; Pleno dia ; Decrescente ; Garoa/Chuvisco ; Simples ; Não Informado ; Não ;2;0;1;0;1;0;1;2;-26,79894484;-53,3454895; SPRF-SC ; DEL07-SC ; UOP02-DEL07-SC 
498765;2023-01-12; quinta-feira ; 17:40:00 ; PR ;376;186,1; MARIALVA ; Ausência de reação do condutor ; Capotamento ; Com Vítimas Feridas ; Pleno dia ; Decrescente ; Nublado ; Dupla ; Não Informado ; Sim ;1;0;0;1;0;0;1;1;-23,45643624;-51,84510713; SPRF-PR ; DEL09-PR ; UOP01-DEL09-PR 
498766;2023-01-12; quinta-feira ; 11:45:00 ; MG ;116;393; GOVERNADOR VALADARES ; Velocidade Incompatível ; Saída de leito carroçável ; Com Vítimas Feridas ; Pleno dia ; Crescente ; Chuva ; Simples ; Curva ; Não ;4;0;4;0;0;0;4;1;-18,72499706;-41,98860609; SPRF-MG ; DEL06-MG ; UOP01-DEL06-MG 
498767;2023-01-12; quinta-feira ; 18:34:00 ; RN ;101;107; PARNAMIRIM ; Condutor deixou de manter distância do veículo da frente ; Colisão traseira ; Com Vítimas Feridas ; Plena Noite ; Crescente ; Céu Claro ; Simples ; Reta ; Sim ;3;0;1;0;2;0;1;2;-5,91920796;-35,26412409; SPRF-RN ; DEL01-RN ; UOP01-DEL01-RN 
498768;2023-01-12; quinta-feira ; 18:30:00 ; RS ;472;573; URUGUAIANA ; Objeto estático sobre o leito carroçável ; Colisão com objeto ; Com Vítimas Feridas ; Pleno dia ; Decrescente ; Garoa/Chuvisco ; Simples ; Reta ; Sim ;2;0;0;1;0;1;1;1;-29,74143591;-56,97819304; SPRF-RS ; DEL13-RS ; UOP01-DEL13-RS 
498769;2023-01-12; quinta-feira ; 12:30:00 ; ES ;101;363; ANCHIETA ; Pista Escorregadia ; Capotamento ; Com Vítimas Feridas ; Pleno dia ; Decrescente ; Nublado ; Simples ; Curva ; Não ;1;0;1;0;0;0;1;1;-20,72058178;-40,73858925; SPRF-ES ; DEL03-ES ; UOP01-DEL03-ES 
498770;2023-01-12; quinta-feira ; 18:40:00 ; RS ;116;146; CAXIAS DO SUL ; Acessar a via sem observar a presença dos outros veículos ; Colisão transversal ; Com Vítimas Feridas ; Anoitecer ; Decrescente ; Garoa/Chuvisco ; Dupla ; Não Informado ; Sim ;2;0;2;0;0;0;2;2;-29,14228897;-51,13622202; SPRF-RS ; DEL05-RS ; UOP01-DEL05-RS 
498771;2023-01-12; quinta-feira ; 15:30:00 ; AP ;156;812; OIAPOQUE ; Pista esburacada ; Saída de leito carroçável ; Com Vítimas Feridas ; Pleno dia ; Crescente ; Chuva ; Simples ; Não Informado ; Não ;2;0;1;0;1;0;1;1;3,7888841;-51,785231; SPRF-AP ; N/A ; UOP03-DEL01-AP 
498772;2023-01-12; quinta-feira ; 18:05:00 ; MG ;116;766; LEOPOLDINA ; Reação tardia ou ineficiente do condutor ; Colisão transversal ; Com Vítimas Feridas ; Anoitecer ; Crescente ; Nublado ; Simples ; Curva ; Sim ;3;0;1;0;2;0;1;3;-21,5271992;-42,65302264; SPRF-MG ; DEL07-MG ; UOP01-DEL07-MG 
498775;2023-01-12; quinta-feira ; 18:30:00 ; PR ;476;202; LAPA ; Chuva ; Colisão frontal ; Com Vítimas Feridas ; Anoitecer ; Crescente ; Chuva ; Simples ; Reta ; Não ;5;0;2;3;0;0;5;2;-25,776426;-49,774784; SPRF-PR ; DEL01-PR ; UAP06-DEL01-PR 
498776;2023-01-12; quinta-feira ; 20:07:00 ; DF ;60;16; BRASILIA ; Ingestão de álcool pelo condutor ; Colisão lateral mesmo sentido ; Com Vítimas Feridas ; Plena Noite ; Decrescente ; Céu Claro ; Dupla ; Reta ; Não ;6;0;2;0;4;0;2;2;-15,952254;-48,174343; SPRF-DF ; DEL01-DF ; UOP02-DEL01-DF 
498777;2023-01-12; quinta-feira ; 19:15:00 ; RN ;101;97; NATAL ; Condutor deixou de manter distância do veículo da frente ; Colisão traseira ; Com Vítimas Feridas ; Plena Noite ; Decrescente ; Céu Claro ; Múltipla ; Reta ; Sim ;2;0;1;0;1;0;1;2;-5,85758898;-35,21271205; SPRF-RN ; DEL01-RN ; UOP01-DEL01-RN 
498779;2023-01-12; quinta-feira ; 18:30:00 ; RJ ;116;267,9; BARRA MANSA ; Reação tardia ou ineficiente do condutor ; Colisão com objeto ; Com Vítimas Fatais ; Anoitecer ; Crescente ; Nublado ; Dupla ; Curva ; Não ;1;1;0;0;0;0;0;1;-22,58964229;-44,10482516; SPRF-RJ ; DEL07-RJ ; UOP02-DEL07-RJ 
498783;2023-01-12; quinta-feira ; 10:30:00 ; MG ;381;225; BELO ORIENTE ; Velocidade Incompatível ; Colisão lateral sentido oposto ; Com Vítimas Feridas ; Pleno dia ; Decrescente ; Nublado ; Simples ; Reta ; Não ;3;0;1;0;2;0;1;3;-19,32412065;-42,41550504; SPRF-MG ; DEL06-MG ; UOP01-DEL06-MG 
498784;2023-01-12; quinta-feira ; 18:40:00 ; BA ;101;222; CRUZ DAS ALMAS ; Ausência de reação do condutor ; Colisão traseira ; Com Vítimas Feridas ; Pleno dia ; Crescente ; Céu Claro ; Simples ; Reta ; Não ;3;0;3;0;0;0;3;2;-12,67424241;-39,13457751; SPRF-BA ; DEL01-BA ; UOP02-DEL01-BA 
498785;2023-01-12; quinta-feira ; 18:45:00 ; RJ ;116;328; ITATIAIA ; Acumulo de água sobre o pavimento ; Colisão com objeto ; Com Vítimas Feridas ; Plena Noite ; Crescente ; Chuva ; Dupla ; Não Informado ; Não ;4;0;3;0;1;0;3;1;-22,504513;-44,603971; SPRF-RJ ; DEL07-RJ ; UOP02-DEL07-RJ 
498786;2023-01-12; quinta-feira ; 06:00:00 ; RJ ;40;120,8; DUQUE DE CAXIAS ; Trafegar com motocicleta (ou similar) entre as faixas ; Colisão traseira ; Com Vítimas Feridas ; Pleno dia ; Crescente ; Nublado ; Múltipla ; Reta ; Sim ;2;0;1;0;1;0;1;2;-22,77280597;-43,28626763; SPRF-RJ ; DEL01-RJ ; UOP01-DEL01-RJ 
498787;2023-01-12; quinta-feira ; 19:58:00 ; RJ ;101;330; RIO DE JANEIRO ; Demais falhas mecânicas ou elétricas ; Colisão traseira ; Com Vítimas Feridas ; Plena Noite ; Crescente ; Céu Claro ; Simples ; Não Informado ; Sim ;3;0;0;1;2;0;1;2;-22,8684989;-43,18548699; SPRF-RJ ; DEL02-RJ ; UOP01-DEL02-RJ 
498788;2023-01-12; quinta-feira ; 17:55:00 ; SC ;470;4; NAVEGANTES ; Desrespeitar a preferência no cruzamento ; Colisão transversal ; Com Vítimas Feridas ; Anoitecer ; Decrescente ; Céu Claro ; Dupla ; Rotatória ; Sim ;2;0;1;0;1;0;1;2;-26,858473;-48,690788; SPRF-SC ; DEL04-SC ; UOP04-DEL04-SC 
498792;2023-01-12; quinta-feira ; 18:30:00 ; BA ;101;681,4; ITAGIMIRIM ; Acessar a via sem observar a presença dos outros veículos ; Colisão transversal ; Com Vítimas Feridas ; Plena Noite ; Crescente ; Céu Claro ; Simples ; Interseção de vias ; Não ;3;0;0;1;2;0;1;2;-16,09399748;-39,61617535; SPRF-BA ; DEL09-BA ; UOP01-DEL09-BA 
498793;2023-01-12; quinta-feira ; 16:45:00 ; AP ;156;375; FERREIRA GOMES ; Chuva ; Saída de leito carroçável ; Com Vítimas Feridas ; Pleno dia ; Crescente ; Chuva ; Simples ; Curva ; Não ;3;0;3;0;0;0;3;1;0,815036;-51,206306; SPRF-AP ; N/A ; UOP01-DEL01-AP 
498796;2023-01-12; quinta-feira ; 19:50:00 ; RJ ;101;47; CAMPOS DOS GOYTACAZES ; Acessar a via sem observar a presença dos outros veículos ; Colisão lateral mesmo sentido ; Com Vítimas Feridas ; Plena Noite ; Crescente ; Nublado ; Simples ; Reta ; Sim ;2;0;0;1;1;0;1;2;-21,61569864;-41,31549776; SPRF-RJ ; DEL08-RJ ; UOP01-DEL08-RJ 
498797;2023-01-12; quinta-feira ; 21:05:00 ; MG ;40;524; CONTAGEM ; Objeto estático sobre o leito carroçável ; Tombamento ; Com Vítimas Feridas ; Plena Noite ; Decrescente ; Céu Claro ; Dupla ; Reta ; Sim ;1;0;1;0;0;0;1;1;-19,87353363;-44,05494159; SPRF-MG ; DEL01-MG ; UOP02-DEL01-MG 
498801;2023-01-12; quinta-feira ; 20:50:00 ; RS ;386;364; FAZENDA VILANOVA ; Avarias e/ou desgaste excessivo no pneu ; Saída de leito carroçável ; Com Vítimas Feridas ; Plena Noite ; Decrescente ; Céu Claro ; Dupla ; Reta ; Não ;1;0;1;0;0;0;1;1;-29,565842;-51,874218; SPRF-RS ; DEL04-RS ; UOP04-DEL04-RS 
498803;2023-01-12; quinta-feira ; 20:35:00 ; PR ;369;31,7; CAMBARA ; Transitar na contramão ; Colisão frontal ; Com Vítimas Fatais ; Plena Noite ; Crescente ; Céu Claro ; Simples ; Reta ; Não ;3;1;1;0;1;0;1;2;-23,039911;-50,190935; SPRF-PR ; DEL07-PR ; UOP05-DEL07-PR 
498804;2023-01-12; quinta-feira ; 21:20:00 ; SP ;116;135,5; SAO JOSE DOS CAMPOS ; Reação tardia ou ineficiente do condutor ; Tombamento ; Com Vítimas Feridas ; Plena Noite ; Crescente ; Nublado ; Dupla ; Reta ; Sim ;2;0;2;0;0;0;2;1;-23,144484;-45,77018; SPRF-SP ; DEL02-SP ; UOP01-DEL02-SP 
498805;2023-01-12; quinta-feira ; 21:50:00 ; PR ;476;140; CURITIBA ; Entrada inopinada do pedestre ; Atropelamento de Pedestre ; Com Vítimas Feridas ; Plena Noite ; Decrescente ; Nublado ; Dupla ; Não Informado ; Sim ;2;0;0;1;1;0;1;1;-25,520693;-49,294121; SPRF-PR ; DEL01-PR ; UOP03-DEL01-PR 
498807;2023-01-12; quinta-feira ; 19:00:00 ; RJ ;116;1; CARMO ; Conversão proibida ; Colisão transversal ; Com Vítimas Feridas ; Plena Noite ; Crescente ; Céu Claro ; Simples ; Curva ; Sim ;2;0;1;0;1;0;1;2;-21,87699144;-42,66755104; SPRF-RJ ; DEL04-RJ ; UOP02-DEL04-RJ 
498808;2023-01-12; quinta-feira ; 20:20:00 ; RJ ;101;385; RIO DE JANEIRO ; Demais falhas mecânicas ou elétricas ; Incêndio ; Sem Vítimas ; Plena Noite ; Decrescente ; Chuva ; Dupla ; Reta ; Sim ;1;0;0;0;1;0;0;1;-22,88064129;-43,63218994; SPRF-RJ ; DEL01-RJ ; UOP04-DEL01-RJ 
498810;2023-01-12; quinta-feira ; 10:15:00 ; SC ;163;80,7; GUARACIABA ; Condutor deixou de manter distância do veículo da frente ; Colisão traseira ; Sem Vítimas ; Pleno dia ; Decrescente ; Céu Claro ; Simples ; Não Informado ; Não ;2;0;0;0;2;0;0;2;-26,65043908;-53,5185463; SPRF-SC ; DEL07-SC ; UOP03-DEL07-SC 
498811;2023-01-02; segunda-feira ; 16:05:00 ; MG ;40;510; RIBEIRAO DAS NEVES ; Ausência de reação do condutor ; Colisão lateral mesmo sentido ; Com Vítimas Feridas ; Pleno dia ; Crescente ; Nublado ; Dupla ; Desvio Temporário ; Não ;4;0;1;0;3;0;1;2;-19,77463885;-44,12321882; SPRF-MG ; DEL01-MG ; UOP02-DEL01-MG 
498813;2023-01-12; quinta-feira ; 22:30:00 ; SP ;116;192; SANTA ISABEL ; Demais falhas mecânicas ou elétricas ; Incêndio ; Sem Vítimas ; Plena Noite ; Decrescente ; Céu Claro ; Dupla ; Curva ; Não ;1;0;0;0;1;0;0;1;-23,376923;-46,249733; SPRF-SP ; DEL01-SP ; UOP01-DEL01-SP 
498815;2023-01-12; quinta-feira ; 21:40:00 ; RJ ;493;19; GUAPIMIRIM ; Condutor deixou de manter distância do veículo da frente ; Colisão traseira ; Com Vítimas Feridas ; Plena Noite ; Decrescente ; Céu Claro ; Simples ; Não Informado ; Sim ;6;0;0;4;2;0;4;2;-22,6663848;-43,02770248; SPRF-RJ ; DEL02-RJ ; UOP04-DEL02-RJ 
498819;2023-01-12; quinta-feira ; 22:50:00 ; MA ;135;185; SAO MATEUS DO MARANHAO ; Condutor deixou de manter distância do veículo da frente ; Colisão traseira ; Com Vítimas Feridas ; Pleno dia ; Decrescente ; Céu Claro ; Simples ; Reta ; Sim ;2;0;1;0;1;0;1;2;-4,06423698;-44,47427456; SPRF-MA ; DEL03-MA ; UOP01-DEL03-MA 
498822;2023-01-13; sexta-feira ; 00:30:00 ; RO ;364;709; PORTO VELHO ; Reação tardia ou ineficiente do condutor ; Tombamento ; Com Vítimas Feridas ; Plena Noite ; Crescente ; Céu Claro ; Múltipla ; Reta ; Sim ;1;0;0;1;0;0;1;1;-8,78516284;-63,85904074; SPRF-RO ; DEL01-RO ; UOP01-DEL01-RO 
498826;2023-01-12; quinta-feira ; 21:20:00 ; BA ;101;439,6; UBAITABA ; Ausência de reação do condutor ; Saída de leito carroçável ; Com Vítimas Feridas ; Plena Noite ; Crescente ; Céu Claro ; Simples ; Interseção de vias ; Não ;4;0;4;0;0;0;4;1;-14,2670336;-39,3262071; SPRF-BA ; DEL05-BA ; UOP01-DEL05-BA 
498827;2023-01-13; sexta-feira ; 05:57:00 ; SP ;116;224; GUARULHOS ; Pista Escorregadia ; Queda de ocupante de veículo ; Com Vítimas Feridas ; Pleno dia ; Decrescente ; Garoa/Chuvisco ; Múltipla ; Reta ; Sim ;1;0;1;0;0;0;1;1;-23,48071896;-46,53271603; SPRF-SP ; DEL01-SP ; UOP01-DEL01-SP 
498829;2023-01-12; quinta-feira ; 22:10:00 ; BA ;415;47,8; ITABUNA ; Acessar a via sem observar a presença dos outros veículos ; Colisão transversal ; Com Vítimas Feridas ; Plena Noite ; Crescente ; Céu Claro ; Simples ; Reta ; Sim ;2;0;1;0;1;0;1;2;-14,81574494;-39,29612388; SPRF-BA ; DEL05-BA ; UOP01-DEL05-BA 
498830;2023-01-13; sexta-feira ; 06:50:00 ; SP ;116;224; GUARULHOS ; Condutor deixou de manter distância do veículo da frente ; Queda de ocupante de veículo ; Com Vítimas Feridas ; Pleno dia ; Decrescente ; Céu Claro ; Múltipla ; Reta ; Sim ;1;0;1;0;0;0;1;1;-23,48071896;-46,53271603; SPRF-SP ; DEL01-SP ; UOP01-DEL01-SP 
498831;2023-01-13; sexta-feira ; 07:00:00 ; SC ;282;1,9; SAO JOSE ; Ausência de reação do condutor ; Tombamento ; Com Vítimas Feridas ; Pleno dia ; Crescente ; Céu Claro ; Múltipla ; Reta ; Sim ;2;0;1;0;1;0;1;1;-27,602955;-48,580509; SPRF-SC ; DEL01-SC ; UOP01-DEL01-SC 
498832;2023-01-13; sexta-feira ; 05:30:00 ; PR ;277;691; SAO MIGUEL DO IGUACU ; Velocidade Incompatível ; Saída de leito carroçável ; Com Vítimas Feridas ; Plena Noite ; Decrescente ; Céu Claro ; Dupla ; Reta ; Não ;1;0;0;1;0;0;1;1;-25,36548869;-54,25774634; SPRF-PR ; DEL05-PR ; UOP01-DEL05-PR 
498833;2023-01-13; sexta-feira ; 06:30:00 ; RJ ;116;172; SAO JOAO DE MERITI ; Manobra de mudança de faixa ; Colisão lateral mesmo sentido ; Com Vítimas Feridas ; Pleno dia ; Decrescente ; Céu Claro ; Múltipla ; Reta ; Sim ;2;0;1;0;1;0;1;2;-22,80188151;-43,35043673; SPRF-RJ ; DEL01-RJ ; UOP02-DEL01-RJ 
498834;2023-01-13; sexta-feira ; 07:10:00 ; BA ;242;852,1; BARREIRAS ; Ingestão de álcool pelo condutor ; Colisão frontal ; Com Vítimas Feridas ; Pleno dia ; Decrescente ; Sol ; Simples ; Reta ; Não ;7;0;6;0;1;0;6;2;-12,075619;-45,514556; SPRF-BA ; DEL10-BA ; UOP01-DEL10-BA 
498835;2023-01-13; sexta-feira ; 07:35:00 ; ES ;101;148,7; LINHARES ; Frear bruscamente ; Queda de ocupante de veículo ; Com Vítimas Feridas ; Pleno dia ; Decrescente ; Céu Claro ; Dupla ; Reta ; Sim ;1;0;1;0;0;0;1;1;-19,38787399;-40,06752766; SPRF-ES ; DEL04-ES ; UOP01-DEL04-ES 
498839;2023-01-13; sexta-feira ; 06:10:00 ; BA ;101;269; SANTO ANTONIO DE JESUS ; Condutor Dormindo ; Colisão frontal ; Com Vítimas Feridas ; Amanhecer ; Crescente ; Céu Claro ; Simples ; Curva ; Não ;6;0;4;0;2;0;4;2;-12,98114043;-39,28642273; SPRF-BA ; DEL01-BA ; UOP02-DEL01-BA 
498842;2023-01-13; sexta-feira ; 06:45:00 ; PE ;101;74,9; RECIFE ; Reação tardia ou ineficiente do condutor ; Tombamento ; Com Vítimas Feridas ; Pleno dia ; Decrescente ; Céu Claro ; Dupla ; Reta ; Sim ;1;0;1;0;0;0;1;1;-8,112234;-34,94565; SPRF-PE ; DEL01-PE ; UOP01-DEL01-PE 
498843;2023-01-13; sexta-feira ; 07:00:00 ; PR ;277;604,7; SANTA TEREZA DO OESTE ; Transitar na contramão ; Colisão transversal ; Com Vítimas Fatais ; Pleno dia ; Decrescente ; Céu Claro ; Simples ; Reta ; Não ;2;2;0;0;0;0;0;2;-25,02905699;-53,569607; SPRF-PR ; DEL05-PR ; UOP02-DEL05-PR 
498845;2023-01-13; sexta-feira ; 07:50:00 ; RJ ;116;171; RIO DE JANEIRO ; Demais falhas mecânicas ou elétricas ; Queda de ocupante de veículo ; Com Vítimas Feridas ; Pleno dia ; Crescente ; Céu Claro ; Dupla ; Reta ; Sim ;2;0;2;0;0;0;2;1;-22,8060415;-43,34289573; SPRF-RJ ; DEL01-RJ ; UOP02-DEL01-RJ 
498846;2023-01-13; sexta-feira ; 08:30:00 ; RS ;386;365,8; FAZENDA VILANOVA ; Condutor Dormindo ; Saída de leito carroçável ; Com Vítimas Feridas ; Pleno dia ; Crescente ; Céu Claro ; Dupla ; Reta ; Não ;2;0;0;1;1;0;1;1;-29,570097;-51,865437; SPRF-RS ; DEL04-RS ; UOP04-DEL04-RS 
498847;2023-01-13; sexta-feira ; 08:30:00 ; PR ;369;172,9; ROLANDIA ; Ausência de reação do condutor ; Colisão com objeto ; Com Vítimas Feridas ; Pleno dia ; Crescente ; Nublado ; Simples ; Reta ; Sim ;1;0;1;0;0;0;1;1;-23,308811;-51,368268; SPRF-PR ; DEL07-PR ; UOP01-DEL07-PR 