 id ; data_inversa ; dia_semana ; horario ; uf ; br ; km ; municipio ; causa_acidente ; tipo_acidente ; classificacao_acidente ; fase_dia ; sentido_via ; condicao_metereologica ; tipo_pista ; tracado_via ; uso_solo ; pessoas ; mortos ; feridos_leves ; feridos_graves ; ilesos ; ignorados ; feridos ; veiculos ; latitude ; longitude ; regional ; delegacia ; uop 
499076;2023-01-14; sábado ; 07:00:00 ; RJ ;493;5; ITABORAI ; Ausência de reação do condutor ; Colisão com objeto ; Com Vítimas Feridas ; Pleno dia ; Crescente ; Céu Claro ; Múltipla ; Não Informado ; Sim ;1;0;0;1;0;0;1;1;-22,73998606;-42,95374823; SPRF-RJ ; DEL02-RJ ; UOP02-DEL02-RJ 
499078;2023-01-14; sábado ; 07:00:00 ; MG ;381;347; JOAO MONLEVADE ; Acumulo de água sobre o pavimento ; Saída de leito carroçável ; Com Vítimas Feridas ; Amanhecer ; Crescente ; Chuva ; Simples ; Curva ; Não ;1;0;1;0;0;0;1;1;-19,85407113;-43,13180602; SPRF-MG ; DEL03-MG ; UOP01-DEL03-MG 
499080;2023-01-14; sábado ; 08:30:00 ; MG ;40;306,8; TRES MARIAS ; Frear bruscamente ; Saída de leito carroçável ; Com Vítimas Feridas ; Pleno dia ; Crescente ; Céu Claro ; Simples ; Reta ; Não ;4;0;1;0;3;0;1;1;-18,40201725;-45,09553043; SPRF-MG ; DEL14-MG ; UOP02-DEL14-MG 
499082;2023-01-14; sábado ; 10:55:00 ; SP ;116;115; TAUBATE ; Reação tardia ou ineficiente do condutor ; Engavetamento ; Com Vítimas Feridas ; Pleno dia ; Decrescente ; Céu Claro ; Dupla ; Reta ; Não ;5;0;2;0;3;0;2;3;-23,0496047;-45,59973712; SPRF-SP ; DEL02-SP ; UOP02-DEL02-SP 
499083;2023-01-14; sábado ; 10:50:00 ; MG ;381;795,7; SAO GONCALO DO SAPUCAI ; Reação tardia ou ineficiente do condutor ; Saída de leito carroçável ; Sem Vítimas ; Pleno dia ; Crescente ; Céu Claro ; Dupla ; Curva ; Não ;1;0;0;0;1;0;0;1;-21,93832681;-45,6149402; SPRF-MG ; DEL16-MG ; UOP02-DEL16-MG 
499085;2023-01-14; sábado ; 08:30:00 ; MG ;262;37,2; MANHUACU ; Entrada inopinada do pedestre ; Atropelamento de Pedestre ; Com Vítimas Feridas ; Pleno dia ; Crescente ; Nublado ; Simples ; Reta ; Sim ;2;0;1;0;1;0;1;1;-20,25748975;-42,03048732; SPRF-MG ; DEL06-MG ; UOP03-DEL06-MG 
499086;2023-01-14; sábado ; 10:40:00 ; RJ ;101;589; PARATY ; Conversão proibida ; Colisão transversal ; Com Vítimas Feridas ; Pleno dia ; Crescente ; Céu Claro ; Simples ; Reta ; Não ;6;0;1;0;5;0;1;2;-23,30299298;-44,70081638; SPRF-RJ ; DEL03-RJ ; UOP01-DEL03-RJ 
499087;2023-01-14; sábado ; 10:40:00 ; MS ;163;725; COXIM ; Ultrapassagem Indevida ; Colisão transversal ; Com Vítimas Feridas ; Pleno dia ; Decrescente ; Céu Claro ; Simples ; Reta ; Sim ;2;0;1;0;1;0;1;2;-18,55245685;-54,75080527; SPRF-MS ; DEL06-MS ; UOP01-DEL06-MS 
499089;2023-01-14; sábado ; 11:44:00 ; GO ;70;12,1; AGUAS LINDAS DE GOIAS ; Ausência de reação do condutor ; Saída de leito carroçável ; Sem Vítimas ; Pleno dia ; Decrescente ; Céu Claro ; Dupla ; Curva ; Sim ;1;0;0;0;0;1;0;1;-15,74037077;-48,3103523; SPRF-DF ; DEL01-DF ; UOP03-DEL01-DF 
499091;2023-01-14; sábado ; 10:00:00 ; RJ ;493;105; SEROPEDICA ; Avarias e/ou desgaste excessivo no pneu ; Saída de leito carroçável ; Com Vítimas Feridas ; Pleno dia ; Decrescente ; Céu Claro ; Dupla ; Reta ; Não ;5;0;4;0;1;0;4;1;-22,75370447;-43,72833252; SPRF-RJ ; DEL01-RJ ; UOP04-DEL01-RJ 
499092;2023-01-14; sábado ; 11:00:00 ; SP ;116;120; CACAPAVA ; Condutor deixou de manter distância do veículo da frente ; Colisão traseira ; Com Vítimas Feridas ; Pleno dia ; Crescente ; Céu Claro ; Dupla ; Reta ; Não ;3;0;1;0;2;0;1;2;-23,0715638;-45,64459209; SPRF-SP ; DEL02-SP ; UOP02-DEL02-SP 
499095;2023-01-14; sábado ; 10:40:00 ; RJ ;101;311; SAO GONCALO ; Velocidade Incompatível ; Colisão traseira ; Com Vítimas Feridas ; Pleno dia ; Crescente ; Céu Claro ; Múltipla ; Reta ; Sim ;3;0;2;0;1;0;2;2;-22,80062246;-43,05318779; SPRF-RJ ; DEL02-RJ ; UOP02-DEL02-RJ 
499096;2023-01-14; sábado ; 10:15:00 ; PR ;153;111,4; IBAITI ; Manobra de mudança de faixa ; Colisão transversal ; Com Vítimas Feridas ; Pleno dia ; Crescente ; Céu Claro ; Simples ; Reta ; Sim ;6;0;1;0;5;0;1;2;-23,87002672;-50,20241747; SPRF-PR ; DEL07-PR ; UOP04-DEL07-PR 
499101;2023-01-14; sábado ; 12:00:00 ; SP ;116;117; TAUBATE ; Manobra de mudança de faixa ; Colisão lateral mesmo sentido ; Com Vítimas Feridas ; Pleno dia ; Decrescente ; Céu Claro ; Dupla ; Reta ; Não ;2;0;1;0;1;0;1;2;-23,0582298;-45,6176951; SPRF-SP ; DEL02-SP ; UOP02-DEL02-SP 
499102;2023-01-14; sábado ; 12:30:00 ; PB ;230;19; JOAO PESSOA ; Ausência de reação do condutor ; Colisão traseira ; Com Vítimas Feridas ; Pleno dia ; Decrescente ; Sol ; Dupla ; Reta ; Sim ;7;0;1;0;6;0;1;2;-7,1281;-34,8466; SPRF-PB ; DEL01-PB ; UOP01-DEL01-PB 
499104;2023-01-14; sábado ; 11:09:00 ; PE ;101;44; IGARASSU ; Manobra de mudança de faixa ; Colisão traseira ; Com Vítimas Feridas ; Pleno dia ; Crescente ; Céu Claro ; Dupla ; Reta ; Sim ;2;0;1;0;1;0;1;2;-7,85637001;-34,90842109; SPRF-PE ; DEL01-PE ; UOP02-DEL01-PE 
499107;2023-01-14; sábado ; 11:59:00 ; RO ;364;343; JI-PARANA ; Ausência de reação do condutor ; Colisão transversal ; Com Vítimas Feridas ; Pleno dia ; Crescente ; Céu Claro ; Dupla ; Reta ; Sim ;2;0;2;0;0;0;2;2;-10,87878519;-61,94499012; SPRF-RO ; DEL02-RO ; UOP01-DEL02-RO 
499108;2023-01-14; sábado ; 09:45:00 ; MG ;116;410,3; GOVERNADOR VALADARES ; Estacionar ou parar em local proibido ; Colisão traseira ; Sem Vítimas ; Pleno dia ; Crescente ; Sol ; Dupla ; Não Informado ; Sim ;5;0;0;0;1;4;0;2;-18,855625;-41,975623; SPRF-MG ; DEL06-MG ; UOP01-DEL06-MG 
499109;2023-01-14; sábado ; 13:39:00 ; ES ;262;69; MARECHAL FLORIANO ; Transitar na contramão ; Colisão lateral sentido oposto ; Com Vítimas Feridas ; Pleno dia ; Decrescente ; Céu Claro ; Simples ; Curva ; Não ;2;0;1;0;1;0;1;2;-20,41226608;-40,85971695; SPRF-ES ; DEL01-ES ; UOP02-DEL01-ES 
499110;2023-01-14; sábado ; 13:25:00 ; SP ;101;46,1; UBATUBA ; Ultrapassagem Indevida ; Colisão lateral mesmo sentido ; Com Vítimas Feridas ; Pleno dia ; Crescente ; Sol ; Simples ; Interseção de vias ; Sim ;3;0;1;0;2;0;1;3;-23,42242345;-45,07301509; SPRF-SP ; DEL06-SP ; UOP01-DEL06-SP 
499111;2023-01-14; sábado ; 08:10:00 ; GO ;20;209; POSSE ; Ultrapassagem Indevida ; Colisão frontal ; Com Vítimas Fatais ; Pleno dia ; Crescente ; Céu Claro ; Simples ; Desvio Temporário ; Não ;6;2;3;1;0;0;4;2;-14,270616;-46,389462; SPRF-DF ; DEL02-DF ; UOP03-DEL02-DF 
499112;2023-01-14; sábado ; 12:40:00 ; BA ;415;18; ILHEUS ; Velocidade Incompatível ; Colisão traseira ; Com Vítimas Feridas ; Pleno dia ; Crescente ; Céu Claro ; Simples ; Reta ; Sim ;4;0;1;0;3;0;1;2;-14,8482;-39,281986; SPRF-BA ; DEL05-BA ; UOP01-DEL05-BA 
499113;2023-01-14; sábado ; 13:10:00 ; PR ;277;641; CEU AZUL ; Acessar a via sem observar a presença dos outros veículos ; Colisão transversal ; Com Vítimas Feridas ; Pleno dia ; Decrescente ; Céu Claro ; Simples ; Reta ; Não ;3;0;2;0;1;0;2;2;-25,17656952;-53,86489517; SPRF-PR ; DEL05-PR ; UOP02-DEL05-PR 
499114;2023-01-14; sábado ; 13:00:00 ; RJ ;101;17; CAMPOS DOS GOYTACAZES ; Avarias e/ou desgaste excessivo no pneu ; Queda de ocupante de veículo ; Com Vítimas Feridas ; Pleno dia ; Decrescente ; Céu Claro ; Simples ; Reta ; Não ;2;0;2;0;0;0;2;1;-21,359542;-41,338177; SPRF-RJ ; DEL08-RJ ; UOP01-DEL08-RJ 
499115;2023-01-14; sábado ; 14:00:00 ; SP ;116;230; SAO PAULO ; Avarias e/ou desgaste excessivo no pneu ; Queda de ocupante de veículo ; Sem Vítimas ; Pleno dia ; Decrescente ; Céu Claro ; Múltipla ; Reta ; Não ;1;0;0;0;1;0;0;1;-23,51421947;-46,57706989; SPRF-SP ; DEL01-SP ; UOP01-DEL01-SP 
499116;2023-01-14; sábado ; 12:30:00 ; MS ;163;218,4; CAARAPO ; Ultrapassagem Indevida ; Saída de leito carroçável ; Sem Vítimas ; Pleno dia ; Decrescente ; Céu Claro ; Simples ; Reta ; Não ;1;0;0;0;1;0;0;1;-22,55457404;-54,83263605; SPRF-MS ; DEL04-MS ; UOP02-DEL04-MS 
499117;2023-01-14; sábado ; 13:50:00 ; SC ;101;145; ITAPEMA ; Reação tardia ou ineficiente do condutor ; Tombamento ; Com Vítimas Feridas ; Pleno dia ; Decrescente ; Sol ; Dupla ; Não Informado ; Sim ;1;0;0;1;0;0;1;1;-27,08139206;-48,60130993; SPRF-SC ; DEL04-SC ; UOP03-DEL04-SC 
499120;2023-01-14; sábado ; 09:30:00 ; GO ;153;589,5; PIRACANJUBA ; Velocidade Incompatível ; Saída de leito carroçável ; Com Vítimas Feridas ; Pleno dia ; Decrescente ; Céu Claro ; Dupla ; Reta ; Não ;1;0;0;1;0;0;1;1;-17,4593;-49,2227; SPRF-GO ; DEL03-GO ; UOP01-DEL03-GO 
499122;2023-01-14; sábado ; 14:43:00 ; RJ ;495;2; TERESOPOLIS ; Acessar a via sem observar a presença dos outros veículos ; Colisão transversal ; Com Vítimas Feridas ; Pleno dia ; Decrescente ; Céu Claro ; Simples ; Reta ; Sim ;2;0;0;1;1;0;1;2;-22,397038;-42,984928; SPRF-RJ ; DEL04-RJ ; UOP01-DEL04-RJ 
499123;2023-01-14; sábado ; 13:20:00 ; SP ;381;87; GUARULHOS ; Ausência de reação do condutor ; Colisão traseira ; Com Vítimas Feridas ; Pleno dia ; Crescente ; Sol ; Dupla ; Curva ; Sim ;3;0;1;0;2;0;1;2;-23,46885001;-46,56996601; SPRF-SP ; DEL03-SP ; UOP01-DEL03-SP 
499125;2023-01-14; sábado ; 14:20:00 ; PI ;343;339; TERESINA ; Acessar a via sem observar a presença dos outros veículos ; Colisão transversal ; Com Vítimas Feridas ; Pleno dia ; Decrescente ; Céu Claro ; Dupla ; Reta ; Sim ;3;0;0;1;1;1;1;2;-5,067146;-42,730965; SPRF-PI ; DEL01-PI ; UOP01-DEL01-PI 
499127;2023-01-14; sábado ; 11:00:00 ; SC ;280;17,1; SAO FRANCISCO DO SUL ; Demais falhas na via ; Queda de ocupante de veículo ; Com Vítimas Feridas ; Pleno dia ; Crescente ; Sol ; Simples ; Reta ; Não ;1;0;1;0;0;0;1;1;-26,35609813;-48,66029868; SPRF-SC ; DEL03-SC ; UOP03-DEL03-SC 
499129;2023-01-14; sábado ; 11:10:00 ; BA ;324;425; RIACHAO DO JACUIPE ; Demais falhas mecânicas ou elétricas ; Colisão lateral mesmo sentido ; Com Vítimas Feridas ; Pleno dia ; Decrescente ; Nublado ; Simples ; Não Informado ; Não ;5;0;3;0;2;0;3;2;-11,73858883;-39,48933185; SPRF-BA ; DEL04-BA ; UOP02-DEL04-BA 
499130;2023-01-14; sábado ; 15:06:00 ; RJ ;493;101; SEROPEDICA ; Pista esburacada ; Saída de leito carroçável ; Com Vítimas Feridas ; Pleno dia ; Decrescente ; Céu Claro ; Dupla ; Reta ; Não ;2;0;1;1;0;0;2;1;-22,756307;-43,730782; SPRF-RJ ; DEL01-RJ ; UOP04-DEL01-RJ 
499131;2023-01-14; sábado ; 15:00:00 ; SP ;116;42,3; CACHOEIRA PAULISTA ; Demais falhas mecânicas ou elétricas ; Queda de ocupante de veículo ; Com Vítimas Feridas ; Pleno dia ; Decrescente ; Sol ; Dupla ; Reta ; Não ;2;0;2;0;0;0;2;1;-22,69182132;-45,02240378; SPRF-SP ; DEL08-SP ; UOP02-DEL08-SP 
499133;2023-01-14; sábado ; 12:30:00 ; RJ ;101;304; SAO GONCALO ; Reação tardia ou ineficiente do condutor ; Colisão traseira ; Com Vítimas Feridas ; Pleno dia ; Crescente ; Céu Claro ; Simples ; Reta ; Sim ;1;0;1;0;0;0;1;1;-22,78491869;-42,98627706; SPRF-RJ ; DEL02-RJ ; UOP02-DEL02-RJ 
499134;2023-01-14; sábado ; 15:50:00 ; TO ;153;681; CARIRI DO TOCANTINS ; Entrada inopinada do pedestre ; Atropelamento de Pedestre ; Com Vítimas Fatais ; Pleno dia ; Crescente ; Céu Claro ; Simples ; Reta ; Não ;2;1;0;0;1;0;0;1;-11,79764182;-49,12157239; SPRF-TO ; DEL01-TO ; UOP02-DEL01-TO 
499136;2023-01-14; sábado ; 16:20:00 ; SC ;101;188; BIGUACU ; Reação tardia ou ineficiente do condutor ; Tombamento ; Com Vítimas Feridas ; Pleno dia ; Crescente ; Nublado ; Dupla ; Reta ; Não ;2;0;0;1;0;1;1;1;-27,45123421;-48,63370766; SPRF-SC ; DEL01-SC ; UOP01-DEL01-SC 
499138;2023-01-14; sábado ; 15:50:00 ; RS ;116;247; SAO LEOPOLDO ; Reação tardia ou ineficiente do condutor ; Colisão traseira ; Com Vítimas Feridas ; Pleno dia ; Decrescente ; Céu Claro ; Dupla ; Reta ; Sim ;5;0;2;0;2;1;2;2;-29,76733091;-51,1535296; SPRF-RS ; DEL01-RS ; UOP02-DEL01-RS 
499140;2023-01-14; sábado ; 14:00:00 ; MG ;267;90,7; JUIZ DE FORA ; Velocidade Incompatível ; Saída de leito carroçável ; Com Vítimas Feridas ; Pleno dia ; Crescente ; Céu Claro ; Simples ; Curva ; Sim ;1;0;1;0;0;0;1;1;-21,78016551;-43,29787711; SPRF-MG ; DEL05-MG ; UOP01-DEL05-MG 
499141;2023-01-14; sábado ; 14:00:00 ; SC ;280;195,4; MAFRA ; Ausência de reação do condutor ; Saída de leito carroçável ; Com Vítimas Feridas ; Pleno dia ; Decrescente ; Nublado ; Simples ; Não Informado ; Não ;1;0;1;0;0;0;1;1;-26,18019178;-50,02301037; SPRF-SC ; DEL06-SC ; UOP01-DEL06-SC 
499142;2023-01-14; sábado ; 16:20:00 ; RJ ;101;327; NITEROI ; Demais falhas mecânicas ou elétricas ; Incêndio ; Sem Vítimas ; Pleno dia ; Decrescente ; Céu Claro ; Múltipla ; Reta ; Sim ;1;0;0;0;1;0;0;1;-22,87117393;-43,15595099; SPRF-RJ ; DEL02-RJ ; UOP01-DEL02-RJ 
499143;2023-01-14; sábado ; 16:40:00 ; CE ;116;14; FORTALEZA ; Ingestão de álcool e/ou substâncias psicoativas pelo pedestre ; Atropelamento de Pedestre ; Com Vítimas Feridas ; Pleno dia ; Decrescente ; Céu Claro ; Múltipla ; Reta ; Sim ;2;0;1;1;0;0;2;1;-3,874553;-38,499313; SPRF-CE ; DEL01-CE ; UOP02-DEL01-CE 
499145;2023-01-14; sábado ; 16:50:00 ; MG ;381;351; JOAO MONLEVADE ; Acessar a via sem observar a presença dos outros veículos ; Colisão transversal ; Com Vítimas Feridas ; Pleno dia ; Decrescente ; Céu Claro ; Simples ; Não Informado ; Não ;3;0;0;2;1;0;2;2;-19,86107308;-43,11714372; SPRF-MG ; DEL03-MG ; UOP01-DEL03-MG 
499146;2023-01-14; sábado ; 14:52:00 ; SC ;101;306; LAGUNA ; Desrespeitar a preferência no cruzamento ; Colisão transversal ; Com Vítimas Feridas ; Pleno dia ; Crescente ; Nublado ; Simples ; Interseção de vias ; Não ;4;0;2;0;2;0;2;2;-28,38437001;-48,77113299; SPRF-SC ; DEL02-SC ; UOP03-DEL02-SC 
499147;2023-01-14; sábado ; 17:10:00 ; SC ;101;194; BIGUACU ; Reação tardia ou ineficiente do condutor ; Tombamento ; Com Vítimas Feridas ; Pleno dia ; Crescente ; Nublado ; Dupla ; Reta ; Sim ;3;0;2;0;1;0;2;2;-27,49815117;-48,65661236; SPRF-SC ; DEL01-SC ; UOP01-DEL01-SC 
499148;2023-01-14; sábado ; 16:50:00 ; GO ;60;97; ANAPOLIS ; Manobra de mudança de faixa ; Colisão transversal ; Com Vítimas Feridas ; Pleno dia ; Crescente ; Nublado ; Dupla ; Reta ; Sim ;2;0;1;0;1;0;1;2;-16,3774;-48,9483; SPRF-GO ; DEL02-GO ; UOP01-DEL02-GO 
499150;2023-01-14; sábado ; 17:11:00 ; ES ;101;286,6; CARIACICA ; Reação tardia ou ineficiente do condutor ; Capotamento ; Com Vítimas Feridas ; Pleno dia ; Crescente ; Céu Claro ; Dupla ; Não Informado ; Sim ;2;0;1;0;1;0;1;1;-20,25902175;-40,37753412; SPRF-ES ; DEL01-ES ; UOP01-DEL01-ES 
499152;2023-01-14; sábado ; 17:45:00 ; SC ;101;199; SAO JOSE ; Acessar a via sem observar a presença dos outros veículos ; Colisão transversal ; Com Vítimas Feridas ; Pleno dia ; Crescente ; Garoa/Chuvisco ; Múltipla ; Reta ; Não ;3;0;2;0;1;0;2;2;-27,53413705;-48,63003205; SPRF-SC ; DEL01-SC ; UOP01-DEL01-SC 
499153;2023-01-14; sábado ; 17:30:00 ; SC ;101;148; ITAPEMA ; Trafegar com motocicleta (ou similar) entre as faixas ; Colisão lateral mesmo sentido ; Com Vítimas Feridas ; Pleno dia ; Decrescente ; Chuva ; Múltipla ; Reta ; Sim ;4;0;1;0;1;2;1;3;-27,10123686;-48,61807962; SPRF-SC ; DEL04-SC ; UOP03-DEL04-SC 
499154;2023-01-14; sábado ; 14:00:00 ; RO ;364;517; ARIQUEMES ; Manobra de mudança de faixa ; Saída de leito carroçável ; Sem Vítimas ; Pleno dia ; Crescente ; Céu Claro ; Dupla ; Reta ; Sim ;1;0;0;0;1;0;0;1;-9,90688101;-63,05581217; SPRF-RO ; DEL03-RO ; UOP01-DEL03-RO 
499158;2023-01-14; sábado ; 18:15:00 ; SC ;101;138; BALNEARIO CAMBORIU ; Reação tardia ou ineficiente do condutor ; Colisão traseira ; Com Vítimas Feridas ; Pleno dia ; Crescente ; Nublado ; Múltipla ; Reta ; Sim ;2;0;0;1;1;0;1;2;-27,02397426;-48,60761649; SPRF-SC ; DEL04-SC ; UOP03-DEL04-SC 
499159;2023-01-14; sábado ; 18:30:00 ; SC ;101;111,7; ITAJAI ; Condutor deixou de manter distância do veículo da frente ; Colisão traseira ; Com Vítimas Feridas ; Plena Noite ; Crescente ; Garoa/Chuvisco ; Dupla ; Não Informado ; Sim ;3;0;0;1;2;0;1;3;-26,84474954;-48,71981621; SPRF-SC ; DEL04-SC ; UOP04-DEL04-SC 
499160;2023-01-14; sábado ; 18:00:00 ; SP ;116;148; SAO JOSE DOS CAMPOS ; Chuva ; Queda de ocupante de veículo ; Com Vítimas Feridas ; Anoitecer ; Crescente ; Chuva ; Múltipla ; Reta ; Sim ;1;0;1;0;0;0;1;1;-23,20067421;-45,8795018; SPRF-SP ; DEL02-SP ; UOP01-DEL02-SP 
499161;2023-01-14; sábado ; 16:20:00 ; GO ;50;313; CUMARI ; Reação tardia ou ineficiente do condutor ; Colisão traseira ; Com Vítimas Feridas ; Pleno dia ; Crescente ; Céu Claro ; Dupla ; Reta ; Não ;5;0;1;0;4;0;1;2;-18,4188;-48,0735; SPRF-GO ; DEL06-GO ; UOP01-DEL06-GO 
499163;2023-01-14; sábado ; 19:25:00 ; RJ ;116;94; GUAPIMIRIM ; Velocidade Incompatível ; Colisão com objeto ; Com Vítimas Fatais ; Plena Noite ; Crescente ; Nublado ; Simples ; Curva ; Não ;1;1;0;0;0;0;0;1;-22,46643519;-43,00088701; SPRF-RJ ; DEL04-RJ ; UOP01-DEL04-RJ 
499164;2023-01-14; sábado ; 18:10:00 ; PR ;376;213,3; MANDAGUARI ; Pista Escorregadia ; Saída de leito carroçável ; Com Vítimas Feridas ; Pleno dia ; Decrescente ; Ignorado ; Dupla ; Curva ; Não ;3;0;2;1;0;0;3;1;-23,5808343;-51,65143895; SPRF-PR ; DEL09-PR ; UOP01-DEL09-PR 
499165;2023-01-14; sábado ; 18:30:00 ; SP ;381;85; SAO PAULO ; Ausência de reação do condutor ; Tombamento ; Com Vítimas Feridas ; Pleno dia ; Crescente ; Sol ; Dupla ; Não Informado ; Sim ;1;0;1;0;0;0;1;1;-23,449343;-46,56983501; SPRF-SP ; DEL03-SP ; UOP01-DEL03-SP 
499166;2023-01-14; sábado ; 19:25:00 ; SP ;101;47,8; UBATUBA ; Acessar a via sem observar a presença dos outros veículos ; Colisão transversal ; Sem Vítimas ; Plena Noite ; Crescente ; Chuva ; Dupla ; Rotatória ; Sim ;2;0;0;0;2;0;0;2;-23,43351804;-45,08585751; SPRF-SP ; DEL06-SP ; UOP01-DEL06-SP 
499167;2023-01-14; sábado ; 18:30:00 ; RS ;386;46,5; SEBERI ; Ausência de reação do condutor ; Colisão com objeto ; Sem Vítimas ; Pleno dia ; Crescente ; Nublado ; Simples ; Não Informado ; Não ;3;0;0;0;3;0;0;2;-27,457483;-53,409458; SPRF-RS ; DEL08-RS ; UOP02-DEL08-RS 
499168;2023-01-14; sábado ; 19:50:00 ; ES ;101;289; CARIACICA ; Ausência de reação do condutor ; Engavetamento ; Com Vítimas Feridas ; Plena Noite ; Crescente ; Céu Claro ; Simples ; Reta ; Sim ;3;0;1;0;2;0;1;3;-20,28029304;-40,39302931; SPRF-ES ; DEL01-ES ; UOP01-DEL01-ES 
499169;2023-01-14; sábado ; 19:00:00 ; PR ;376;181,5; MARINGA ; Velocidade Incompatível ; Saída de leito carroçável ; Com Vítimas Feridas ; Plena Noite ; Crescente ; Sol ; Dupla ; Reta ; Sim ;1;0;1;0;0;0;1;1;-23,43197477;-51,88671852; SPRF-PR ; DEL09-PR ; UOP01-DEL09-PR 
499170;2023-01-14; sábado ; 19:50:00 ; CE ;222;285; FRECHEIRINHA ; Ausência de reação do condutor ; Colisão traseira ; Com Vítimas Fatais ; Plena Noite ; Decrescente ; Céu Claro ; Simples ; Não Informado ; Não ;3;1;1;1;0;0;2;2;-3,72176534;-40,84965827; SPRF-CE ; DEL04-CE ; UOP02-DEL04-CE 
499171;2023-01-14; sábado ; 19:00:00 ; SP ;116;159; JACAREI ; Ausência de reação do condutor ; Tombamento ; Com Vítimas Feridas ; Plena Noite ; Decrescente ; Nublado ; Dupla ; Reta ; Sim ;1;0;1;0;0;0;1;1;-23,26585409;-45,95983994; SPRF-SP ; DEL02-SP ; UOP01-DEL02-SP 
499173;2023-01-14; sábado ; 19:35:00 ; SC ;470;120; IBIRAMA ; Ingestão de álcool pelo condutor ; Saída de leito carroçável ; Com Vítimas Feridas ; Plena Noite ; Decrescente ; Nublado ; Simples ; Curva ; Não ;1;0;1;0;0;0;1;1;-27,095452;-49,526063; SPRF-SC ; DEL04-SC ; UOP02-DEL04-SC 
499176;2023-01-14; sábado ; 20:25:00 ; MG ;381;494; BETIM ; Ultrapassagem Indevida ; Colisão traseira ; Com Vítimas Feridas ; Plena Noite ; Decrescente ; Céu Claro ; Dupla ; Reta ; Sim ;2;0;1;0;1;0;1;2;-19,985563;-44,20318; SPRF-MG ; DEL01-MG ; UOP03-DEL01-MG 
499177;2023-01-14; sábado ; 19:30:00 ; SC ;101;351,9; JAGUARUNA ; Ingestão de álcool pelo condutor ; Saída de leito carroçável ; Com Vítimas Feridas ; Plena Noite ; Decrescente ; Chuva ; Dupla ; Desvio Temporário ; Não ;2;0;1;1;0;0;2;1;-28,5977641;-49,04943589; SPRF-SC ; DEL02-SC ; UOP01-DEL02-SC 
499178;2023-01-14; sábado ; 19:45:00 ; PR ;116;12; COLOMBO ; Ausência de reação do condutor ; Tombamento ; Com Vítimas Feridas ; Plena Noite ; Crescente ; Nublado ; Dupla ; Reta ; Não ;1;0;1;0;0;0;1;1;-25,3755;-49,1496; SPRF-PR ; DEL01-PR ; UOP02-DEL01-PR 
499179;2023-01-14; sábado ; 19:00:00 ; PI ;343;589; FLORIANO ; Ausência de reação do condutor ; Atropelamento de Animal ; Com Vítimas Feridas ; Plena Noite ; Crescente ; Céu Claro ; Dupla ; Reta ; Sim ;2;0;2;0;0;0;2;1;-6,776695;-43,009346; SPRF-PI ; DEL03-PI ; UOP01-DEL03-PI 
499180;2023-01-14; sábado ; 19:47:00 ; SC ;470;10; NAVEGANTES ; Acessar a via sem observar a presença dos outros veículos ; Atropelamento de Pedestre ; Com Vítimas Feridas ; Plena Noite ; Decrescente ; Chuva ; Simples ; Reta ; Sim ;4;0;0;1;2;1;1;3;-26,833693;-48,73724; SPRF-SC ; DEL04-SC ; UOP04-DEL04-SC 
499181;2023-01-14; sábado ; 19:32:00 ; PR ;376;681; GUARATUBA ; Reação tardia ou ineficiente do condutor ; Colisão com objeto ; Com Vítimas Feridas ; Anoitecer ; Crescente ; Céu Claro ; Dupla ; Não Informado ; Sim ;4;0;1;0;3;0;1;1;-25,96596616;-48,89663319; SPRF-PR ; DEL01-PR ; UOP04-DEL01-PR 
499182;2023-01-14; sábado ; 20:40:00 ; RN ;226;73; SERRA CAIADA ; Transitar na contramão ; Colisão frontal ; Com Vítimas Fatais ; Plena Noite ; Decrescente ; Céu Claro ; Simples ; Reta ; Não ;10;1;4;2;1;2;6;2;-6,138528;-35,729335; SPRF-RN ; DEL01-RN ; UOP02-DEL01-RN 
499183;2023-01-14; sábado ; 19:50:00 ; RN ;304;42; MOSSORO ; Ausência de reação do condutor ; Colisão traseira ; Com Vítimas Feridas ; Plena Noite ; Crescente ; Céu Claro ; Dupla ; Reta ; Sim ;2;0;0;1;0;1;1;2;-5,21278093;-37,37221494; SPRF-RN ; DEL04-RN ; UOP01-DEL04-RN 
499184;2023-01-14; sábado ; 20:05:00 ; GO ;153;363,4; JARAGUA ; Retorno proibido ; Colisão transversal ; Com Vítimas Feridas ; Plena Noite ; Crescente ; Nublado ; Simples ; Curva ; Não ;2;0;1;0;1;0;1;2;-15,774871;-49,306477; SPRF-GO ; DEL02-GO ; UOP02-DEL02-GO 
499185;2023-01-14; sábado ; 20:00:00 ; RJ ;116;182; NOVA IGUACU ; Objeto estático sobre o leito carroçável ; Engavetamento ; Com Vítimas Feridas ; Plena Noite ; Decrescente ; Céu Claro ; Dupla ; Não Informado ; Não ;14;0;3;0;11;0;3;3;-22,7567755;-43,43107234; SPRF-RJ ; DEL01-RJ ; UOP02-DEL01-RJ 
499187;2023-01-14; sábado ; 15:10:00 ; MT ;364;312,9; JACIARA ; Ingestão de álcool e/ou substâncias psicoativas pelo pedestre ; Saída de leito carroçável ; Com Vítimas Feridas ; Pleno dia ; Crescente ; Sol ; Dupla ; Reta ; Não ;1;0;1;0;0;0;1;1;-15,81254719;-55,25660503; SPRF-MT ; DEL05-MT ; UOP02-DEL05-MT 
499188;2023-01-14; sábado ; 20:30:00 ; RJ ;116;38,2; TERESOPOLIS ; Ingestão de álcool pelo condutor ; Colisão frontal ; Com Vítimas Feridas ; Plena Noite ; Crescente ; Céu Claro ; Simples ; Reta ; Não ;4;0;4;0;0;0;4;2;-22,11701917;-42,78157123; SPRF-RJ ; DEL04-RJ ; UOP02-DEL04-RJ 