 id ; data_inversa ; dia_semana ; horario ; uf ; br ; km ; municipio ; causa_acidente ; tipo_acidente ; classificacao_acidente ; fase_dia ; sentido_via ; condicao_metereologica ; tipo_pista ; tracado_via ; uso_solo ; pessoas ; mortos ; feridos_leves ; feridos_graves ; ilesos ; ignorados ; feridos ; veiculos ; latitude ; longitude ; regional ; delegacia ; uop 
499190;2023-01-14; sábado ; 18:40:00 ; DF ;40;3; BRASILIA ; Ausência de reação do condutor ; Engavetamento ; Sem Vítimas ; Pleno dia ; Decrescente ; Céu Claro ; Dupla ; Não Informado ; Sim ;7;0;0;0;7;0;0;3;-16,003145;-47,983944; SPRF-DF ; DEL01-DF ; UOP01-DEL01-DF 
499192;2023-01-14; sábado ; 19:51:00 ; MG ;262;436,1; NOVA SERRANA ; Pedestre cruzava a pista fora da faixa ; Atropelamento de Pedestre ; Com Vítimas Feridas ; Plena Noite ; Crescente ; Nublado ; Dupla ; Não Informado ; Sim ;2;0;1;0;1;0;1;1;-19,89783676;-44,86031995; SPRF-MG ; DEL08-MG ; UOP03-DEL08-MG 
499193;2023-01-14; sábado ; 20:20:00 ; PR ;369;108; URAI ; Chuva ; Tombamento ; Com Vítimas Feridas ; Plena Noite ; Decrescente ; Chuva ; Dupla ; Reta ; Não ;2;0;2;0;0;0;2;1;-23,2647277;-50,78752041; SPRF-PR ; DEL07-PR ; UOP05-DEL07-PR 
499194;2023-01-14; sábado ; 15:35:00 ; DF ;70;19; BRASILIA ; Ingestão de álcool pelo condutor ; Saída de leito carroçável ; Com Vítimas Feridas ; Pleno dia ; Decrescente ; Céu Claro ; Dupla ; Não Informado ; Sim ;2;0;1;0;1;0;1;1;-15,788868;-48,220242; SPRF-DF ; DEL01-DF ; UOP03-DEL01-DF 
499195;2023-01-14; sábado ; 07:40:00 ; BA ;116;256; TUCANO ; Pista esburacada ; Saída de leito carroçável ; Com Vítimas Feridas ; Pleno dia ; Decrescente ; Céu Claro ; Simples ; Não Informado ; Não ;2;0;0;1;1;0;1;1;-10,82265617;-38,86792634; SPRF-BA ; DEL07-BA ; UOP02-DEL07-BA 
499196;2023-01-14; sábado ; 21:00:00 ; BA ;116;426; FEIRA DE SANTANA ; Ingestão de álcool pelo condutor ; Saída de leito carroçável ; Com Vítimas Feridas ; Plena Noite ; Crescente ; Céu Claro ; Simples ; Viaduto ; Sim ;2;0;1;0;1;0;1;1;-12,26716702;-38,98948073; SPRF-BA ; DEL02-BA ; UOP01-DEL02-BA 
499198;2023-01-14; sábado ; 17:20:00 ; SC ;280;303,3; PORTO UNIAO ; Reação tardia ou ineficiente do condutor ; Tombamento ; Com Vítimas Feridas ; Pleno dia ; Crescente ; Chuva ; Simples ; Não Informado ; Sim ;1;0;1;0;0;0;1;1;-26,27999553;-51,05063229; SPRF-SC ; DEL06-SC ; UOP04-DEL06-SC 
499199;2023-01-14; sábado ; 21:36:00 ; SP ;116;322; JUQUITIBA ; Ausência de reação do condutor ; Colisão com objeto ; Com Vítimas Feridas ; Plena Noite ; Decrescente ; Céu Claro ; Múltipla ; Reta ; Não ;1;0;1;0;0;0;1;1;-23,935106;-47,026682; SPRF-SP ; DEL04-SP ; UOP03-DEL04-SP 
499202;2023-01-14; sábado ; 21:40:00 ; RJ ;116;187; NOVA IGUACU ; Reação tardia ou ineficiente do condutor ; Colisão traseira ; Com Vítimas Feridas ; Plena Noite ; Decrescente ; Céu Claro ; Múltipla ; Reta ; Sim ;2;0;1;0;1;0;1;2;-22,73883756;-43,47245197; SPRF-RJ ; DEL01-RJ ; UOP02-DEL01-RJ 
499203;2023-01-14; sábado ; 22:00:00 ; RS ;116;217; MORRO REUTER ; Ultrapassagem Indevida ; Colisão transversal ; Com Vítimas Feridas ; Plena Noite ; Decrescente ; Nublado ; Simples ; Rotatória ; Sim ;3;0;0;1;2;0;1;2;-29,54396389;-51,08555876; SPRF-RS ; DEL05-RS ; UOP02-DEL05-RS 
499204;2023-01-14; sábado ; 21:33:00 ; RJ ;116;126; MAGE ; Acesso irregular ; Atropelamento de Pedestre ; Com Vítimas Feridas ; Plena Noite ; Crescente ; Nublado ; Dupla ; Reta ; Não ;2;0;1;0;0;1;1;1;-22,65489354;-43,08636526; SPRF-RJ ; DEL02-RJ ; UOP04-DEL02-RJ 
499206;2023-01-14; sábado ; 22:00:00 ; BA ;367;23; PORTO SEGURO ; Transitar na contramão ; Colisão frontal ; Com Vítimas Feridas ; Plena Noite ; Decrescente ; Céu Claro ; Simples ; Curva ; Sim ;3;0;1;0;2;0;1;2;-16,43517732;-39,07201198; SPRF-BA ; DEL09-BA ; UOP03-DEL09-BA 
499207;2023-01-14; sábado ; 21:45:00 ; GO ;60;169; GOIANIA ; Animais na Pista ; Atropelamento de Animal ; Com Vítimas Feridas ; Plena Noite ; Crescente ; Céu Claro ; Dupla ; Reta ; Sim ;5;0;2;0;3;0;2;1;-16,7269;-49,3822; SPRF-GO ; DEL01-GO ; UOP02-DEL01-GO 
499208;2023-01-14; sábado ; 22:20:00 ; PB ;104;129,6; CAMPINA GRANDE ; Transitar na contramão ; Colisão frontal ; Com Vítimas Feridas ; Plena Noite ; Decrescente ; Céu Claro ; Simples ; Curva ; Não ;2;0;2;0;0;0;2;2;-7,28120589;-35,88915693; SPRF-PB ; DEL02-PB ; UOP03-DEL02-PB 
499210;2023-01-14; sábado ; 22:10:00 ; PR ;369;155,1; LONDRINA ; Ausência de reação do condutor ; Engavetamento ; Sem Vítimas ; Plena Noite ; Decrescente ; Chuva ; Dupla ; Não Informado ; Sim ;3;0;0;0;3;0;0;3;-23,29521428;-51,20962501; SPRF-PR ; DEL07-PR ; UOP01-DEL07-PR 
499211;2023-01-14; sábado ; 22:20:00 ; GO ;153;530; HIDROLANDIA ; Ausência de reação do condutor ; Saída de leito carroçável ; Com Vítimas Feridas ; Plena Noite ; Decrescente ; Céu Claro ; Dupla ; Não Informado ; Sim ;3;0;2;0;1;0;2;1;-16,9677;-49,2331; SPRF-GO ; DEL01-GO ; UOP03-DEL01-GO 
499213;2023-01-14; sábado ; 22:30:00 ; SP ;381;86,4; SAO PAULO ; Pedestre andava na pista ; Atropelamento de Pedestre ; Com Vítimas Feridas ; Plena Noite ; Crescente ; Céu Claro ; Múltipla ; Curva ; Sim ;2;0;0;1;1;0;1;1;-23,468816;-46,570161; SPRF-SP ; DEL03-SP ; UOP01-DEL03-SP 
499214;2023-01-14; sábado ; 23:00:00 ; BA ;101;445,5; AURELINO LEAL ; Acumulo de água sobre o pavimento ; Saída de leito carroçável ; Com Vítimas Feridas ; Plena Noite ; Decrescente ; Chuva ; Simples ; Reta ; Sim ;3;0;3;0;0;0;3;1;-14,31811383;-39,31466103; SPRF-BA ; DEL05-BA ; UOP01-DEL05-BA 
499215;2023-01-14; sábado ; 22:00:00 ; PR ;373;469; CORONEL VIVIDA ; Ingestão de álcool pelo condutor ; Capotamento ; Com Vítimas Feridas ; Plena Noite ; Crescente ; Chuva ; Simples ; Reta ; Não ;1;0;1;0;0;0;1;1;-25,96977141;-52,46076312; SPRF-PR ; DEL02-PR ; UOP01-DEL02-PR 
499216;2023-01-14; sábado ; 21:55:00 ; SC ;282;21,3; PALHOCA ; Ingestão de álcool pelo condutor ; Colisão transversal ; Com Vítimas Feridas ; Plena Noite ; Decrescente ; Céu Claro ; Simples ; Curva ; Sim ;2;0;0;1;1;0;1;2;-27,68845882;-48,72168303; SPRF-SC ; DEL01-SC ; UOP02-DEL01-SC 
499217;2023-01-14; sábado ; 18:36:00 ; SC ;101;106,1; PENHA ; Manobra de mudança de faixa ; Colisão lateral mesmo sentido ; Com Vítimas Feridas ; Anoitecer ; Crescente ; Nublado ; Dupla ; Reta ; Sim ;4;0;1;1;2;0;2;2;-26,8184118;-48,6834102; SPRF-SC ; DEL03-SC ; UOP02-DEL03-SC 
499218;2023-01-14; sábado ; 22:50:00 ; ES ;101;144,5; LINHARES ; Afundamento ou ondulação no pavimento ; Queda de ocupante de veículo ; Com Vítimas Feridas ; Plena Noite ; Crescente ; Céu Claro ; Dupla ; Não Informado ; Sim ;1;0;1;0;0;0;1;1;-19,34286596;-40,0638568; SPRF-ES ; DEL04-ES ; UOP01-DEL04-ES 
499219;2023-01-14; sábado ; 17:00:00 ; RS ;287;355; JAGUARI ; Reação tardia ou ineficiente do condutor ; Queda de ocupante de veículo ; Com Vítimas Feridas ; Pleno dia ; Crescente ; Céu Claro ; Simples ; Curva ; Não ;1;0;1;0;0;0;1;1;-29,48075627;-54,68567083; SPRF-RS ; DEL12-RS ; UOP02-DEL12-RS 
499221;2023-01-14; sábado ; 21:30:00 ; RJ ;101;77; CAMPOS DOS GOYTACAZES ; Ingestão de álcool pelo condutor ; Tombamento ; Com Vítimas Feridas ; Anoitecer ; Crescente ; Céu Claro ; Simples ; Reta ; Sim ;1;0;0;1;0;0;1;1;-21,83106602;-41,41171932; SPRF-RJ ; DEL08-RJ ; UOP02-DEL08-RJ 
499222;2023-01-14; sábado ; 23:00:00 ; RJ ;493;55; DUQUE DE CAXIAS ; Velocidade Incompatível ; Saída de leito carroçável ; Com Vítimas Fatais ; Plena Noite ; Decrescente ; Céu Claro ; Múltipla ; Reta ; Não ;1;1;0;0;0;0;0;1;-22,672089;-43,285053; SPRF-RJ ; DEL01-RJ ; UOP01-DEL01-RJ 
499224;2023-01-14; sábado ; 20:30:00 ; BA ;324;394; GAVIAO ; Ingestão de álcool pelo condutor ; Colisão frontal ; Com Vítimas Feridas ; Plena Noite ; Decrescente ; Céu Claro ; Simples ; Reta ; Não ;2;0;0;2;0;0;2;2;-11,54318182;-39,69733283; SPRF-BA ; DEL04-BA ; UOP02-DEL04-BA 
499225;2023-01-15; domingo ; 00:15:00 ; PB ;104;129,6; CAMPINA GRANDE ; Ausência de sinalização ; Tombamento ; Com Vítimas Feridas ; Plena Noite ; Decrescente ; Céu Claro ; Simples ; Não Informado ; Sim ;2;0;1;0;1;0;1;1;-7,28120589;-35,88915693; SPRF-PB ; DEL02-PB ; UOP03-DEL02-PB 
499227;2023-01-15; domingo ; 00:40:00 ; MG ;153;12,1; ARAPORA ; Demais falhas mecânicas ou elétricas ; Incêndio ; Sem Vítimas ; Plena Noite ; Crescente ; Céu Claro ; Dupla ; Não Informado ; Não ;1;0;0;0;0;1;0;1;-18,52415703;-49,19080383; SPRF-MG ; DEL15-MG ; UOP03-DEL15-MG 
499228;2023-01-14; sábado ; 23:50:00 ; RJ ;101;400; ITAGUAI ; Deficiência do Sistema de Iluminação/Sinalização ; Saída de leito carroçável ; Com Vítimas Feridas ; Plena Noite ; Decrescente ; Céu Claro ; Dupla ; Reta ; Não ;2;0;0;2;0;0;2;1;-22,8483707;-43,76952338; SPRF-RJ ; DEL01-RJ ; UOP04-DEL01-RJ 
499230;2023-01-14; sábado ; 21:00:00 ; PR ;116;180,2; CAMPO DO TENENTE ; Reação tardia ou ineficiente do condutor ; Colisão frontal ; Com Vítimas Fatais ; Plena Noite ; Crescente ; Nublado ; Simples ; Não Informado ; Não ;6;1;2;0;3;0;2;2;-25,91775418;-49,61271286; SPRF-PR ; DEL01-PR ; UOP03-DEL01-PR 
499231;2023-01-14; sábado ; 23:55:00 ; SP ;116;205; ARUJA ; Reação tardia ou ineficiente do condutor ; Queda de ocupante de veículo ; Com Vítimas Feridas ; Plena Noite ; Crescente ; Céu Claro ; Múltipla ; Reta ; Sim ;2;0;2;0;0;0;2;1;-23,41475243;-46,36600788; SPRF-SP ; DEL01-SP ; UOP01-DEL01-SP 
499233;2023-01-15; domingo ; 00:05:00 ; PR ;369;438; UBIRATA ; Ausência de reação do condutor ; Saída de leito carroçável ; Com Vítimas Feridas ; Plena Noite ; Crescente ; Nevoeiro/Neblina ; Simples ; Reta ; Não ;3;0;2;1;0;0;3;1;-24,5009;-52,9103; SPRF-PR ; DEL04-PR ; UOP03-DEL04-PR 
499235;2023-01-15; domingo ; 00:30:00 ; SC ;101;214,1; PALHOCA ; Reação tardia ou ineficiente do condutor ; Colisão traseira ; Com Vítimas Feridas ; Plena Noite ; Crescente ; Garoa/Chuvisco ; Múltipla ; Reta ; Sim ;2;0;1;0;1;0;1;2;-27,64443;-48,67057; SPRF-SC ; DEL01-SC ; UOP02-DEL01-SC 
499236;2023-01-14; sábado ; 22:46:00 ; SC ;470;294,6; CAMPOS NOVOS ; Velocidade Incompatível ; Saída de leito carroçável ; Com Vítimas Feridas ; Plena Noite ; Crescente ; Chuva ; Simples ; Não Informado ; Não ;4;0;4;0;0;0;4;1;-27,344725;-51,000042; SPRF-SC ; DEL07-SC ; UOP06-DEL07-SC 
499237;2023-01-14; sábado ; 22:35:00 ; RO ;364;429,6; JARU ; Transitar na contramão ; Colisão frontal ; Com Vítimas Feridas ; Plena Noite ; Decrescente ; Céu Claro ; Simples ; Não Informado ; Não ;2;0;0;1;1;0;1;2;-10,41628317;-62,5026501; SPRF-RO ; DEL03-RO ; UOP02-DEL03-RO 
499238;2023-01-15; domingo ; 00:05:00 ; SP ;116;207; GUARULHOS ; Reação tardia ou ineficiente do condutor ; Saída de leito carroçável ; Com Vítimas Feridas ; Plena Noite ; Decrescente ; Céu Claro ; Múltipla ; Reta ; Sim ;2;0;1;0;0;1;1;1;-23,41972188;-46,38419203; SPRF-SP ; DEL01-SP ; UOP01-DEL01-SP 
499239;2023-01-15; domingo ; 00:00:00 ; SP ;116;145; SAO JOSE DOS CAMPOS ; Reação tardia ou ineficiente do condutor ; Tombamento ; Com Vítimas Feridas ; Plena Noite ; Crescente ; Garoa/Chuvisco ; Dupla ; Não Informado ; Sim ;1;0;0;1;0;0;1;1;-23,1869844;-45,8548078; SPRF-SP ; DEL02-SP ; UOP01-DEL02-SP 
499240;2023-01-15; domingo ; 00:55:00 ; PR ;163;251,5; TOLEDO ; Pista Escorregadia ; Queda de ocupante de veículo ; Com Vítimas Feridas ; Plena Noite ; Crescente ; Céu Claro ; Dupla ; Viaduto ; Não ;1;0;1;0;0;0;1;1;-24,69499806;-53,74153005; SPRF-PR ; DEL06-PR ; UOP02-DEL06-PR 
499241;2023-01-15; domingo ; 00:30:00 ; MG ;262;811; UBERABA ; Ausência de reação do condutor ; Colisão com objeto ; Sem Vítimas ; Plena Noite ; Crescente ; Céu Claro ; Dupla ; Viaduto ; Sim ;1;0;0;0;0;1;0;1;-19,766321;-47,990375; SPRF-MG ; DEL13-MG ; UOP01-DEL13-MG 
499242;2023-01-15; domingo ; 01:20:00 ; AL ;104;89; RIO LARGO ; Retorno proibido ; Colisão transversal ; Com Vítimas Feridas ; Plena Noite ; Decrescente ; Céu Claro ; Dupla ; Não Informado ; Não ;2;0;1;0;1;0;1;2;-9,49216808;-35,81471324; SPRF-AL ; DEL01-AL ; UOP01-DEL01-AL 
499243;2023-01-15; domingo ; 01:15:00 ; SC ;101;232,3; PALHOCA ; Reação tardia ou ineficiente do condutor ; Colisão traseira ; Com Vítimas Feridas ; Plena Noite ; Decrescente ; Chuva ; Dupla ; Não Informado ; Não ;3;0;1;0;1;1;1;2;-27,79259829;-48,63821268; SPRF-SC ; DEL01-SC ; UOP02-DEL01-SC 
499246;2023-01-14; sábado ; 15:04:00 ; SE ;101;103,8; SAO CRISTOVAO ; Obstrução na via ; Tombamento ; Com Vítimas Feridas ; Pleno dia ; Crescente ; Sol ; Dupla ; Curva ; Não ;2;0;1;1;0;0;2;1;-10,95275718;-37,21920991; SPRF-SE ; DEL02-SE ; UOP01-DEL02-SE 
499247;2023-01-15; domingo ; 00:30:00 ; BA ;407;7,1; JUAZEIRO ; Ausência de reação do condutor ; Tombamento ; Com Vítimas Fatais ; Plena Noite ; Decrescente ; Céu Claro ; Simples ; Reta ; Sim ;1;1;0;0;0;0;0;1;-9,46406081;-40,48272061; SPRF-PE ; DEL06-PE ; UOP01-DEL06-PE 
499248;2023-01-15; domingo ; 01:40:00 ; ES ;101;337; GUARAPARI ; Reação tardia ou ineficiente do condutor ; Atropelamento de Pedestre ; Com Vítimas Feridas ; Plena Noite ; Crescente ; Céu Claro ; Simples ; Reta ; Não ;2;0;1;0;0;1;1;1;-20,63575379;-40,54199324; SPRF-ES ; DEL03-ES ; UOP01-DEL03-ES 
499249;2023-01-15; domingo ; 00:10:00 ; MG ;364;8,5; FRUTAL ; Manobra de mudança de faixa ; Colisão lateral sentido oposto ; Com Vítimas Feridas ; Plena Noite ; Crescente ; Nublado ; Simples ; Não Informado ; Não ;4;0;1;0;3;0;1;2;-20,104629;-48,73885; SPRF-MG ; DEL13-MG ; UOP02-DEL13-MG 
499250;2023-01-15; domingo ; 03:00:00 ; SC ;101;113,1; ITAJAI ; Ingestão de álcool pelo condutor ; Capotamento ; Com Vítimas Feridas ; Plena Noite ; Decrescente ; Chuva ; Dupla ; Retorno Regulamentado ; Sim ;4;0;1;0;3;0;1;1;-26,85415904;-48,72690797; SPRF-SC ; DEL04-SC ; UOP04-DEL04-SC 
499251;2023-01-15; domingo ; 02:54:00 ; SP ;116;288; ITAPECERICA DA SERRA ; Transitar na contramão ; Colisão frontal ; Com Vítimas Feridas ; Pleno dia ; Crescente ; Céu Claro ; Simples ; Não Informado ; Não ;4;0;2;0;2;0;2;2;-23,71938355;-46,8847239; SPRF-SP ; DEL04-SP ; UOP01-DEL04-SP 
499252;2023-01-15; domingo ; 03:30:00 ; RJ ;116;172; RIO DE JANEIRO ; Entrada inopinada do pedestre ; Atropelamento de Pedestre ; Com Vítimas Fatais ; Plena Noite ; Decrescente ; Céu Claro ; Dupla ; Reta ; Não ;2;1;0;0;1;0;0;1;-22,80188151;-43,35043673; SPRF-RJ ; DEL01-RJ ; UOP02-DEL01-RJ 
499253;2023-01-15; domingo ; 03:30:00 ; PI ;316;138,3; ELESBAO VELOSO ; Transitar na contramão ; Colisão frontal ; Com Vítimas Fatais ; Plena Noite ; Decrescente ; Nublado ; Simples ; Reta ; Não ;4;1;3;0;0;0;3;2;-6,06766596;-42,25102194; SPRF-PI ; DEL04-PI ; UOP02-DEL04-PI 
499254;2023-01-15; domingo ; 03:00:00 ; SP ;116;408; JUQUIA ; Avarias e/ou desgaste excessivo no pneu ; Tombamento ; Com Vítimas Feridas ; Plena Noite ; Crescente ; Céu Claro ; Dupla ; Reta ; Não ;2;0;1;0;1;0;1;1;-24,32873462;-47,57541707; SPRF-SP ; DEL05-SP ; UOP01-DEL05-SP 
499256;2023-01-15; domingo ; 04:50:00 ; MG ;381;578; CARMOPOLIS DE MINAS ; Condutor Dormindo ; Saída de leito carroçável ; Com Vítimas Feridas ; Plena Noite ; Crescente ; Nevoeiro/Neblina ; Dupla ; Curva ; Não ;2;0;2;0;0;0;2;1;-20,49228188;-44,60322315; SPRF-MG ; DEL04-MG ; UOP01-DEL04-MG 
499259;2023-01-15; domingo ; 04:00:00 ; RN ;101;105,7; PARNAMIRIM ; Ingestão de álcool e/ou substâncias psicoativas pelo pedestre ; Colisão com objeto ; Sem Vítimas ; Amanhecer ; Crescente ; Céu Claro ; Dupla ; Reta ; Sim ;1;0;0;0;1;0;0;1;-5,90165196;-35,25928517; SPRF-RN ; DEL01-RN ; UOP01-DEL01-RN 
499260;2023-01-15; domingo ; 02:20:00 ; MG ;116;515; UBAPORANGA ; Velocidade Incompatível ; Capotamento ; Com Vítimas Feridas ; Plena Noite ; Decrescente ; Céu Claro ; Simples ; Não Informado ; Não ;3;0;3;0;0;0;3;1;-19,68778501;-42,11758577; SPRF-MG ; DEL06-MG ; UOP02-DEL06-MG 
499261;2023-01-15; domingo ; 05:00:00 ; SC ;101;36,7; JOINVILLE ; Retorno proibido ; Colisão frontal ; Com Vítimas Feridas ; Plena Noite ; Decrescente ; Nublado ; Dupla ; Reta ; Sim ;3;0;3;0;0;0;3;2;-26,28166023;-48,88968587; SPRF-SC ; DEL03-SC ; UOP01-DEL03-SC 
499262;2023-01-14; sábado ; 20:55:00 ; SC ;101;450,7; SAO JOAO DO SUL ; Reação tardia ou ineficiente do condutor ; Colisão traseira ; Com Vítimas Feridas ; Plena Noite ; Decrescente ; Chuva ; Dupla ; Curva ; Não ;4;0;2;0;2;0;2;2;-29,17229091;-49,74904711; SPRF-SC ; DEL02-SC ; UOP02-DEL02-SC 
499263;2023-01-15; domingo ; 04:30:00 ; SC ;101;108,3; PENHA ; Ausência de reação do condutor ; Queda de ocupante de veículo ; Sem Vítimas ; Plena Noite ; Crescente ; Garoa/Chuvisco ; Múltipla ; Reta ; Sim ;1;0;0;0;0;1;0;1;-26,82606902;-48,69052298; SPRF-SC ; DEL03-SC ; UOP02-DEL03-SC 
499264;2023-01-15; domingo ; 05:35:00 ; RS ;158;327; SANTA MARIA ; Acesso irregular ; Colisão frontal ; Sem Vítimas ; Amanhecer ; Decrescente ; Nublado ; Simples ; Não Informado ; Sim ;2;0;0;0;1;1;0;2;-29,70870488;-53,82439256; SPRF-RS ; DEL09-RS ; UOP01-DEL09-RS 
499265;2023-01-15; domingo ; 01:00:00 ; MG ;116;479,2; DOM CAVATI ; Transitar na contramão ; Colisão frontal ; Com Vítimas Fatais ; Plena Noite ; Decrescente ; Nublado ; Simples ; Reta ; Sim ;3;1;0;1;1;0;1;2;-19,385223;-42,1121509; SPRF-MG ; DEL06-MG ; UOP02-DEL06-MG 
499267;2023-01-15; domingo ; 05:00:00 ; SC ;153;68; IRANI ; Ausência de reação do condutor ; Saída de leito carroçável ; Com Vítimas Feridas ; Amanhecer ; Decrescente ; Nublado ; Simples ; Curva ; Não ;2;0;1;0;1;0;1;1;-27,033516;-51,879311; SPRF-SC ; DEL07-SC ; UOP04-DEL07-SC 
499268;2023-01-15; domingo ; 05:30:00 ; RJ ;101;555; PARATY ; Reação tardia ou ineficiente do condutor ; Colisão lateral sentido oposto ; Com Vítimas Feridas ; Amanhecer ; Crescente ; Céu Claro ; Simples ; Curva ; Não ;2;0;0;1;1;0;1;2;-23,07564299;-44,69734406; SPRF-RJ ; DEL03-RJ ; UOP03-DEL03-RJ 
499269;2023-01-15; domingo ; 05:50:00 ; SC ;470;54; BLUMENAU ; Transitar na contramão ; Colisão frontal ; Com Vítimas Feridas ; Amanhecer ; Crescente ; Chuva ; Simples ; Curva ; Sim ;2;0;2;0;0;0;2;2;-26,867121;-49,102066; SPRF-SC ; DEL04-SC ; UOP01-DEL04-SC 
499270;2023-01-15; domingo ; 05:30:00 ; PR ;116;159; MANDIRITUBA ; Ausência de reação do condutor ; Colisão com objeto ; Com Vítimas Feridas ; Amanhecer ; Crescente ; Céu Claro ; Simples ; Reta ; Não ;1;0;0;1;0;0;1;1;-25,86569317;-49,38243407; SPRF-PR ; DEL01-PR ; UOP03-DEL01-PR 
499272;2023-01-15; domingo ; 05:10:00 ; SP ;116;108; TAUBATE ; Reação tardia ou ineficiente do condutor ; Tombamento ; Sem Vítimas ; Pleno dia ; Decrescente ; Céu Claro ; Simples ; Curva ; Não ;1;0;0;0;0;1;0;1;-23,0233097;-45,53763622; SPRF-SP ; DEL02-SP ; UOP02-DEL02-SP 
499274;2023-01-15; domingo ; 04:45:00 ; RJ ;393;217; VASSOURAS ; Demais falhas mecânicas ou elétricas ; Incêndio ; Sem Vítimas ; Amanhecer ; Decrescente ; Céu Claro ; Simples ; Não Informado ; Não ;1;0;0;0;1;0;0;1;-22,30322936;-43,4966317; SPRF-RJ ; DEL05-RJ ; UOP01-DEL05-RJ 
499275;2023-01-15; domingo ; 06:00:00 ; MG ;354;750,4; ITAMONTE ; Ausência de reação do condutor ; Saída de leito carroçável ; Sem Vítimas ; Amanhecer ; Crescente ; Céu Claro ; Simples ; Reta ; Não ;1;0;0;0;0;1;0;1;-22,28077569;-44,87170669; SPRF-MG ; DEL17-MG ; UOP01-DEL17-MG 
499276;2023-01-15; domingo ; 07:20:00 ; RJ ;40;29; TRES RIOS ; Condutor Dormindo ; Colisão com objeto ; Com Vítimas Feridas ; Pleno dia ; Decrescente ; Céu Claro ; Dupla ; Curva ; Não ;2;0;2;0;0;0;2;1;-22,17756692;-43,16802216; SPRF-RJ ; DEL06-RJ ; UOP01-DEL06-RJ 
499277;2023-01-14; sábado ; 14:00:00 ; DF ;60;13; BRASILIA ; Ausência de reação do condutor ; Colisão com objeto ; Sem Vítimas ; Pleno dia ; Crescente ; Céu Claro ; Dupla ; Reta ; Não ;3;0;0;0;3;0;0;1;-15,926557;-48,166969; SPRF-DF ; DEL01-DF ; UOP02-DEL01-DF 
499278;2023-01-15; domingo ; 06:06:00 ; SC ;470;122,7; IBIRAMA ; Chuva ; Saída de leito carroçável ; Com Vítimas Feridas ; Amanhecer ; Crescente ; Chuva ; Simples ; Não Informado ; Não ;1;0;1;0;0;0;1;1;-27,10619059;-49,52186108; SPRF-SC ; DEL04-SC ; UOP02-DEL04-SC 
499279;2023-01-15; domingo ; 07:10:00 ; MS ;163;626; SAO GABRIEL DO OESTE ; Ausência de reação do condutor ; Queda de ocupante de veículo ; Com Vítimas Feridas ; Pleno dia ; Decrescente ; Sol ; Simples ; Reta ; Não ;2;0;1;0;0;1;1;1;-19,3136279;-54,61889488; SPRF-MS ; DEL06-MS ; UOP02-DEL06-MS 
499280;2023-01-15; domingo ; 06:30:00 ; PE ;408;72; PAUDALHO ; Ausência de sinalização ; Colisão traseira ; Com Vítimas Feridas ; Pleno dia ; Decrescente ; Chuva ; Dupla ; Não Informado ; Sim ;6;0;2;3;1;0;5;2;-7,88298505;-35,18197309; SPRF-PE ; DEL01-PE ; UOP01-DEL01-PE 
499282;2023-01-15; domingo ; 06:00:00 ; MG ;381;816,8; CAREACU ; Pista esburacada ; Saída de leito carroçável ; Com Vítimas Feridas ; Pleno dia ; Crescente ; Céu Claro ; Dupla ; Não Informado ; Não ;2;0;0;1;1;0;1;1;-22,0934877;-45,71077521; SPRF-MG ; DEL16-MG ; UOP02-DEL16-MG 
499287;2023-01-15; domingo ; 09:00:00 ; SP ;116;441; REGISTRO ; Animais na Pista ; Atropelamento de Animal ; Sem Vítimas ; Pleno dia ; Decrescente ; Céu Claro ; Dupla ; Reta ; Não ;1;0;0;0;1;0;0;1;-24,4688528;-47,82223728; SPRF-SP ; DEL05-SP ; UOP01-DEL05-SP 
499288;2023-01-15; domingo ; 09:25:00 ; GO ;20;72,7; FORMOSA ; Reação tardia ou ineficiente do condutor ; Saída de leito carroçável ; Com Vítimas Feridas ; Pleno dia ; Crescente ; Céu Claro ; Simples ; Não Informado ; Não ;4;0;2;0;2;0;2;1;-15,153196;-47,137524; SPRF-DF ; DEL02-DF ; UOP02-DEL02-DF 
499289;2023-01-15; domingo ; 09:00:00 ; ES ;101;266; SERRA ; Ausência de reação do condutor ; Colisão traseira ; Sem Vítimas ; Pleno dia ; Decrescente ; Céu Claro ; Dupla ; Reta ; Sim ;2;0;0;0;2;0;0;2;-20,190199;-40,26828891; SPRF-ES ; DEL02-ES ; UOP01-DEL02-ES 
499290;2023-01-15; domingo ; 07:45:00 ; PR ;116;95,3; SAO JOSE DOS PINHAIS ; Velocidade Incompatível ; Saída de leito carroçável ; Com Vítimas Feridas ; Pleno dia ; Crescente ; Céu Claro ; Dupla ; Reta ; Não ;1;0;1;0;0;0;1;1;-25,4971982;-49,11761871; SPRF-PR ; DEL01-PR ; UOP07-DEL01-PR 
499292;2023-01-15; domingo ; 07:50:00 ; SC ;470;211,7; SAO CRISTOVAO DO SUL ; Ausência de reação do condutor ; Colisão lateral sentido oposto ; Com Vítimas Feridas ; Pleno dia ; Crescente ; Garoa/Chuvisco ; Simples ; Curva ; Não ;5;0;2;0;3;0;2;2;-27,306231;-50,228275; SPRF-SC ; DEL05-SC ; UOP03-DEL05-SC 
499293;2023-01-15; domingo ; 08:29:00 ; RS ;116;655,7; JAGUARAO ; Velocidade Incompatível ; Saída de leito carroçável ; Com Vítimas Feridas ; Pleno dia ; Decrescente ; Céu Claro ; Simples ; Reta ; Sim ;1;0;0;1;0;0;1;1;-32,544151;-53,371018; SPRF-RS ; DEL07-RS ; UOP03-DEL07-RS 