 id ; data_inversa ; dia_semana ; horario ; uf ; br ; km ; municipio ; causa_acidente ; tipo_acidente ; classificacao_acidente ; fase_dia ; sentido_via ; condicao_metereologica ; tipo_pista ; tracado_via ; uso_solo ; pessoas ; mortos ; feridos_leves ; feridos_graves ; ilesos ; ignorados ; feridos ; veiculos ; latitude ; longitude ; regional ; delegacia ; uop 
499395;2023-01-15; domingo ; 19:30:00 ; BA ;101;262; SANTO ANTONIO DE JESUS ; Ausência de reação do condutor ; Saída de leito carroçável ; Sem Vítimas ; Plena Noite ; Decrescente ; Nublado ; Simples ; Curva ; Sim ;1;0;0;0;0;1;0;1;-12,97827;-39,276448; SPRF-BA ; DEL01-BA ; UOP02-DEL01-BA 
499396;2023-01-15; domingo ; 18:30:00 ; GO ;153;660,5; GOIATUBA ; Velocidade Incompatível ; Saída de leito carroçável ; Sem Vítimas ; Plena Noite ; Decrescente ; Céu Claro ; Dupla ; Reta ; Não ;1;0;0;0;1;0;0;1;-18,0549;-49,2694; SPRF-GO ; DEL03-GO ; UOP02-DEL03-GO 
499397;2023-01-15; domingo ; 18:08:00 ; PR ;277;162; PALMEIRA ; Manobra de mudança de faixa ; Colisão lateral mesmo sentido ; Com Vítimas Feridas ; Pleno dia ; Crescente ; Céu Claro ; Dupla ; Reta ; Não ;6;0;4;0;2;0;4;2;-25,47289;-49,895964; SPRF-PR ; DEL03-PR ; UOP03-DEL03-PR 
499400;2023-01-15; domingo ; 20:30:00 ; MG ;381;484; BETIM ; Reação tardia ou ineficiente do condutor ; Colisão lateral mesmo sentido ; Com Vítimas Feridas ; Plena Noite ; Crescente ; Céu Claro ; Dupla ; Curva ; Sim ;3;0;0;2;1;0;2;2;-19,95531717;-44,11722196; SPRF-MG ; DEL01-MG ; UOP03-DEL01-MG 
499401;2023-01-15; domingo ; 18:20:00 ; PI ;135;262,4; ALVORADA DO GURGUEIA ; Transitar na contramão ; Colisão lateral sentido oposto ; Com Vítimas Fatais ; Anoitecer ; Decrescente ; Nublado ; Simples ; Reta ; Não ;2;1;0;0;0;1;0;2;-8,461778;-43,895083; SPRF-PI ; DEL03-PI ; UOP02-DEL03-PI 
499402;2023-01-15; domingo ; 18:00:00 ; MG ;262;405; PARA DE MINAS ; Manobra de mudança de faixa ; Colisão lateral mesmo sentido ; Sem Vítimas ; Pleno dia ; Decrescente ; Céu Claro ; Dupla ; Não Informado ; Não ;2;0;0;0;2;0;0;2;-19,88921326;-44,58977508; SPRF-MG ; DEL01-MG ; UOP03-DEL01-MG 
499403;2023-01-15; domingo ; 17:30:00 ; SC ;470;178,9; POUSO REDONDO ; Velocidade Incompatível ; Saída de leito carroçável ; Com Vítimas Feridas ; Pleno dia ; Decrescente ; Chuva ; Simples ; Reta ; Não ;3;0;3;0;0;0;3;1;-27,248392;-49,967083; SPRF-SC ; DEL04-SC ; UOP02-DEL04-SC 
499404;2023-01-15; domingo ; 20:00:00 ; PR ;277;609; SANTA TEREZA DO OESTE ; Acessar a via sem observar a presença dos outros veículos ; Colisão transversal ; Sem Vítimas ; Plena Noite ; Decrescente ; Céu Claro ; Simples ; Reta ; Sim ;4;0;0;0;4;0;0;2;-25,04783521;-53,61298988; SPRF-PR ; DEL05-PR ; UOP02-DEL05-PR 
499405;2023-01-15; domingo ; 20:50:00 ; PR ;369;152,5; LONDRINA ; Pedestre andava na pista ; Atropelamento de Pedestre ; Com Vítimas Feridas ; Plena Noite ; Crescente ; Chuva ; Dupla ; Não Informado ; Sim ;2;0;0;1;1;0;1;1;-23,29338431;-51,18712127; SPRF-PR ; DEL07-PR ; UOP01-DEL07-PR 
499407;2023-01-15; domingo ; 15:30:00 ; RO ;435;90; COLORADO DO OESTE ; Demais falhas mecânicas ou elétricas ; Queda de ocupante de veículo ; Com Vítimas Feridas ; Pleno dia ; Decrescente ; Chuva ; Simples ; Reta ; Não ;2;0;1;0;1;0;1;1;-13,163152;-60,54496; SPRF-RO ; DEL04-RO ; UOP02-DEL04-RO 
499408;2023-01-15; domingo ; 18:45:00 ; SC ;153;13; AGUA DOCE ; Manobra de mudança de faixa ; Colisão frontal ; Com Vítimas Feridas ; Anoitecer ; Decrescente ; Chuva ; Simples ; Curva ; Não ;5;0;4;1;0;0;5;2;-26,690351;-51,567181; SPRF-SC ; DEL07-SC ; UOP07-DEL07-SC 
499409;2023-01-15; domingo ; 21:00:00 ; MG ;116;646; FERVEDOURO ; Reação tardia ou ineficiente do condutor ; Colisão com objeto ; Com Vítimas Feridas ; Plena Noite ; Crescente ; Céu Claro ; Simples ; Não Informado ; Não ;1;0;1;0;0;0;1;1;-20,697283;-42,274417; SPRF-MG ; DEL07-MG ; UOP03-DEL07-MG 
499410;2023-01-15; domingo ; 19:55:00 ; PR ;163;144,4; CAPITAO LEONIDAS MARQUES ; Ausência de sinalização ; Saída de leito carroçável ; Com Vítimas Feridas ; Plena Noite ; Crescente ; Céu Claro ; Dupla ; Reta ; Não ;2;0;2;0;0;0;2;1;-25,4419188;-53,57717266; SPRF-PR ; DEL04-PR ; UOP04-DEL04-PR 
499411;2023-01-15; domingo ; 19:40:00 ; MG ;40;379,1; CURVELO ; Condutor Dormindo ; Saída de leito carroçável ; Sem Vítimas ; Plena Noite ; Crescente ; Céu Claro ; Simples ; Não Informado ; Não ;1;0;0;0;0;1;0;1;-18,870791;-44,729377; SPRF-MG ; DEL02-MG ; UOP01-DEL02-MG 
499412;2023-01-15; domingo ; 22:00:00 ; GO ;414;410; ABADIANIA ; Ingestão de álcool pelo condutor ; Colisão frontal ; Sem Vítimas ; Plena Noite ; Crescente ; Céu Claro ; Simples ; Reta ; Sim ;3;0;0;0;2;1;0;2;-16,05858626;-48,85401759; SPRF-GO ; DEL02-GO ; UOP01-DEL02-GO 
499413;2023-01-15; domingo ; 22:00:00 ; SE ;101;147,5; ESTANCIA ; Ingestão de álcool pelo condutor ; Colisão com objeto ; Com Vítimas Fatais ; Plena Noite ; Crescente ; Céu Claro ; Dupla ; Curva ; Não ;1;1;0;0;0;0;0;1;-11,23753745;-37,42977619; SPRF-SE ; DEL02-SE ; UOP01-DEL02-SE 
499414;2023-01-15; domingo ; 21:55:00 ; SC ;101;113,2; ITAJAI ; Manobra de mudança de faixa ; Colisão traseira ; Com Vítimas Feridas ; Plena Noite ; Decrescente ; Ignorado ; Múltipla ; Retorno Regulamentado ; Sim ;5;0;3;0;2;0;3;2;-26,85311393;-48,72689927; SPRF-SC ; DEL04-SC ; UOP04-DEL04-SC 
499416;2023-01-15; domingo ; 21:00:00 ; DF ;20;4,4; BRASILIA ; Reação tardia ou ineficiente do condutor ; Saída de leito carroçável ; Com Vítimas Feridas ; Plena Noite ; Crescente ; Céu Claro ; Dupla ; Não Informado ; Sim ;1;0;1;0;0;0;1;1;-15,675484;-47,823761; SPRF-DF ; DEL02-DF ; UOP01-DEL02-DF 
499417;2023-01-15; domingo ; 19:00:00 ; RJ ;116;93; GUAPIMIRIM ; Reação tardia ou ineficiente do condutor ; Colisão frontal ; Com Vítimas Feridas ; Plena Noite ; Crescente ; Nublado ; Simples ; Curva ; Não ;7;0;4;1;2;0;5;2;-22,46416302;-42,99215699; SPRF-RJ ; DEL04-RJ ; UOP01-DEL04-RJ 
499418;2023-01-15; domingo ; 21:51:00 ; SP ;101;45,7; UBATUBA ; Acessar a via sem observar a presença dos outros veículos ; Colisão transversal ; Com Vítimas Feridas ; Plena Noite ; Crescente ; Céu Claro ; Simples ; Reta ; Sim ;2;0;1;1;0;0;2;2;-23,41779396;-45,06788408; SPRF-SP ; DEL06-SP ; UOP01-DEL06-SP 
499419;2023-01-15; domingo ; 22:00:00 ; SP ;116;230; SAO PAULO ; Reação tardia ou ineficiente do condutor ; Colisão traseira ; Com Vítimas Feridas ; Plena Noite ; Crescente ; Garoa/Chuvisco ; Múltipla ; Reta ; Sim ;3;0;1;0;1;1;1;2;-23,52251783;-46,5855702; SPRF-SP ; DEL01-SP ; UOP01-DEL01-SP 
499420;2023-01-15; domingo ; 20:50:00 ; SC ;280;4,5; SAO FRANCISCO DO SUL ; Chuva ; Colisão traseira ; Com Vítimas Feridas ; Plena Noite ; Crescente ; Chuva ; Simples ; Reta ; Sim ;2;0;1;0;1;0;1;2;-26,25329566;-48,61916042; SPRF-SC ; DEL03-SC ; UOP03-DEL03-SC 
499424;2023-01-15; domingo ; 22:20:00 ; SP ;116;145; SAO JOSE DOS CAMPOS ; Acumulo de areia ou detritos sobre o pavimento ; Colisão com objeto ; Com Vítimas Feridas ; Plena Noite ; Decrescente ; Nublado ; Dupla ; Reta ; Sim ;1;0;1;0;0;0;1;1;-23,1869844;-45,8548078; SPRF-SP ; DEL02-SP ; UOP01-DEL02-SP 
499426;2023-01-15; domingo ; 19:38:00 ; RO ;364;18; VILHENA ; Velocidade Incompatível ; Colisão traseira ; Com Vítimas Feridas ; Plena Noite ; Crescente ; Céu Claro ; Simples ; Reta ; Não ;2;0;0;1;1;0;1;2;-12,72972661;-60,17479789; SPRF-RO ; DEL04-RO ; UOP01-DEL04-RO 
499427;2023-01-15; domingo ; 19:20:00 ; GO ;153;198; URUACU ; Ultrapassagem Indevida ; Colisão frontal ; Com Vítimas Feridas ; Plena Noite ; Crescente ; Céu Claro ; Simples ; Reta ; Sim ;4;0;0;1;3;0;1;2;-14,5199196;-49,154607; SPRF-GO ; DEL07-GO ; UOP02-DEL07-GO 
499429;2023-01-15; domingo ; 17:38:00 ; RO ;364;342; JI-PARANA ; Ausência de reação do condutor ; Colisão traseira ; Com Vítimas Feridas ; Pleno dia ; Decrescente ; Céu Claro ; Dupla ; Reta ; Sim ;6;0;0;2;3;1;2;2;-10,88295517;-61,93902969; SPRF-RO ; DEL02-RO ; UOP01-DEL02-RO 
499430;2023-01-15; domingo ; 19:30:00 ; AL ;424;102; MARECHAL DEODORO ; Velocidade Incompatível ; Capotamento ; Com Vítimas Feridas ; Plena Noite ; Crescente ; Céu Claro ; Simples ; Rotatória ; Não ;1;0;0;1;0;0;1;1;-9,66670281;-35,84489382; SPRF-AL ; DEL02-AL ; UOP01-DEL02-AL 
499431;2023-01-14; sábado ; 22:30:00 ; RO ;421;44; MONTE NEGRO ; Ausência de reação do condutor ; Saída de leito carroçável ; Com Vítimas Feridas ; Plena Noite ; Decrescente ; Nublado ; Simples ; Reta ; Não ;1;0;0;1;0;0;1;1;-10,229547;-63,256023; SPRF-RO ; DEL03-RO ; UOP01-DEL03-RO 
499432;2023-01-15; domingo ; 21:15:00 ; MT ;364;201; RONDONOPOLIS ; Reação tardia ou ineficiente do condutor ; Colisão traseira ; Com Vítimas Feridas ; Plena Noite ; Decrescente ; Céu Claro ; Dupla ; Reta ; Sim ;1;0;0;1;0;0;1;1;-16,491405;-54,646378; SPRF-MT ; DEL02-MT ; UOP01-DEL02-MT 
499433;2023-01-15; domingo ; 21:50:00 ; SC ;101;40,1; JOINVILLE ; Velocidade Incompatível ; Saída de leito carroçável ; Com Vítimas Feridas ; Plena Noite ; Decrescente ; Chuva ; Simples ; Não Informado ; Sim ;1;0;1;0;0;0;1;1;-26,31062778;-48,87718678; SPRF-SC ; DEL03-SC ; UOP01-DEL03-SC 
499434;2023-01-15; domingo ; 23:12:00 ; SP ;153;65,5; SAO JOSE DO RIO PRETO ; Ingestão de álcool pelo condutor ; Colisão com objeto ; Com Vítimas Feridas ; Plena Noite ; Crescente ; Céu Claro ; Dupla ; Reta ; Sim ;3;0;3;0;0;0;3;1;-20,8355877;-49,36570039; SPRF-SP ; DEL09-SP ; UOP01-DEL09-SP 
499435;2023-01-15; domingo ; 20:00:00 ; SC ;101;78; ARAQUARI ; Ingestão de álcool pelo condutor ; Colisão traseira ; Sem Vítimas ; Plena Noite ; Decrescente ; Céu Claro ; Dupla ; Reta ; Não ;2;0;0;0;2;0;0;2;-26,57672096;-48,72270551; SPRF-SC ; DEL03-SC ; UOP02-DEL03-SC 
499436;2023-01-15; domingo ; 21:45:00 ; MS ;262;277,6; RIBAS DO RIO PARDO ; Animais na Pista ; Atropelamento de Animal ; Com Vítimas Feridas ; Plena Noite ; Crescente ; Céu Claro ; Simples ; Reta ; Não ;1;0;1;0;0;0;1;1;-20,46990589;-54,08118702; SPRF-MS ; DEL01-MS ; UOP01-DEL01-MS 
499437;2023-01-15; domingo ; 23:21:00 ; DF ;20;16; BRASILIA ; Ausência de reação do condutor ; Saída de leito carroçável ; Com Vítimas Feridas ; Plena Noite ; Crescente ; Céu Claro ; Simples ; Não Informado ; Sim ;1;0;1;0;0;0;1;1;-15,625675;-47,725159; SPRF-DF ; DEL02-DF ; UOP01-DEL02-DF 
499438;2023-01-15; domingo ; 19:23:00 ; RO ;364;796,9; PORTO VELHO ; Pedestre andava na pista ; Atropelamento de Pedestre ; Com Vítimas Feridas ; Plena Noite ; Crescente ; Céu Claro ; Simples ; Reta ; Não ;2;0;0;2;0;0;2;1;-9,246887;-64,370103; SPRF-RO ; DEL01-RO ; UOP02-DEL01-RO 
499441;2023-01-15; domingo ; 19:55:00 ; MG ;116;390,7; GOVERNADOR VALADARES ; Animais na Pista ; Atropelamento de Animal ; Com Vítimas Feridas ; Plena Noite ; Decrescente ; Céu Claro ; Simples ; Reta ; Não ;1;0;0;1;0;0;1;1;-18,67974794;-41,98905945; SPRF-MG ; DEL06-MG ; UOP01-DEL06-MG 
499442;2023-01-15; domingo ; 22:00:00 ; BA ;116;533; ITATIM ; Velocidade Incompatível ; Saída de leito carroçável ; Com Vítimas Feridas ; Plena Noite ; Decrescente ; Céu Claro ; Simples ; Não Informado ; Não ;2;0;2;0;0;0;2;1;-12,76781638;-39,80898142; SPRF-BA ; DEL03-BA ; UOP02-DEL03-BA 
499443;2023-01-15; domingo ; 22:45:00 ; AL ;316;242; ATALAIA ; Ingestão de álcool pelo condutor ; Colisão frontal ; Com Vítimas Fatais ; Plena Noite ; Crescente ; Céu Claro ; Simples ; Não Informado ; Não ;4;1;0;1;2;0;1;2;-9,50727405;-36,02113501; SPRF-AL ; DEL01-AL ; UOP01-DEL01-AL 
499444;2023-01-15; domingo ; 19:30:00 ; PA ;10;164; PARAGOMINAS ; Manobra de mudança de faixa ; Colisão lateral sentido oposto ; Com Vítimas Feridas ; Plena Noite ; Decrescente ; Chuva ; Simples ; Reta ; Sim ;4;0;0;3;1;0;3;2;-3,00411293;-47,45984316; SPRF-PA ; DEL02-PA ; UOP01-DEL02-PA 
499446;2023-01-15; domingo ; 22:20:00 ; RO ;364;237,2; CACOAL ; Acessar a via sem observar a presença dos outros veículos ; Colisão transversal ; Com Vítimas Feridas ; Plena Noite ; Crescente ; Nublado ; Simples ; Retorno Regulamentado ; Sim ;3;0;1;0;2;0;1;2;-11,442285;-61,448888; SPRF-RO ; DEL02-RO ; UOP02-DEL02-RO 
499447;2023-01-15; domingo ; 19:30:00 ; BA ;407;105; JAGUARARI ; Declive acentuado ; Colisão transversal ; Com Vítimas Fatais ; Plena Noite ; Decrescente ; Céu Claro ; Simples ; Reta ; Não ;5;3;0;2;0;0;2;2;-10,27224235;-40,17748348; SPRF-BA ; DEL04-BA ; UOP01-DEL04-BA 
499448;2023-01-15; domingo ; 22:15:00 ; RS ;470;174,1; VERANOPOLIS ; Pedestre andava na pista ; Atropelamento de Pedestre ; Com Vítimas Fatais ; Plena Noite ; Crescente ; Nevoeiro/Neblina ; Simples ; Curva ; Não ;4;1;0;0;1;2;0;1;-28,91331074;-51,54170394; SPRF-RS ; DEL06-RS ; UOP02-DEL06-RS 
499449;2023-01-15; domingo ; 23:27:00 ; DF ;70;1,6; BRASILIA ; Manobra de mudança de faixa ; Colisão com objeto ; Com Vítimas Feridas ; Plena Noite ; Crescente ; Nublado ; Dupla ; Reta ; Sim ;3;0;3;0;0;0;3;1;-15,7967089;-48,0696236; SPRF-DF ; DEL01-DF ; UOP03-DEL01-DF 
499450;2023-01-16; segunda-feira ; 00:00:00 ; PE ;104;80,6; AGRESTINA ; Transitar na contramão ; Colisão frontal ; Com Vítimas Fatais ; Plena Noite ; Crescente ; Céu Claro ; Simples ; Reta ; Não ;3;1;0;0;2;0;0;2;-8,397874;-35,973396; SPRF-PE ; DEL02-PE ; UOP01-DEL02-PE 
499451;2023-01-16; segunda-feira ; 00:55:00 ; PR ;116;116; CURITIBA ; Reação tardia ou ineficiente do condutor ; Colisão com objeto ; Com Vítimas Feridas ; Plena Noite ; Crescente ; Nublado ; Dupla ; Retorno Regulamentado ; Não ;2;0;2;0;0;0;2;1;-25,575754;-49,312346; SPRF-PR ; DEL01-PR ; UOP03-DEL01-PR 
499452;2023-01-16; segunda-feira ; 00:10:00 ; SC ;282;408; CATANDUVAS ; Ingestão de álcool pelo condutor ; Colisão frontal ; Com Vítimas Feridas ; Plena Noite ; Crescente ; Garoa/Chuvisco ; Simples ; Não Informado ; Não ;4;0;2;0;2;0;2;2;-27,079458;-51,663645; SPRF-SC ; DEL07-SC ; UOP05-DEL07-SC 
499453;2023-01-15; domingo ; 23:30:00 ; SC ;101;244; PALHOCA ; Acumulo de água sobre o pavimento ; Eventos atípicos ; Com Vítimas Feridas ; Plena Noite ; Decrescente ; Chuva ; Dupla ; Reta ; Não ;2;0;1;0;1;0;1;1;-27,89294003;-48,64821868; SPRF-SC ; DEL01-SC ; UOP02-DEL01-SC 
499454;2023-01-16; segunda-feira ; 01:00:00 ; BA ;110;1; PAULO AFONSO ; Reação tardia ou ineficiente do condutor ; Queda de ocupante de veículo ; Com Vítimas Feridas ; Plena Noite ; Decrescente ; Céu Claro ; Simples ; Reta ; Não ;1;0;0;1;0;0;1;1;-9,424096;-38,199359; SPRF-BA ; DEL07-BA ; UOP01-DEL07-BA 
499457;2023-01-16; segunda-feira ; 02:30:00 ; RS ;116;296; GUAIBA ; Ingestão de álcool pelo condutor ; Saída de leito carroçável ; Sem Vítimas ; Plena Noite ; Decrescente ; Céu Claro ; Dupla ; Não Informado ; Sim ;5;0;0;0;5;0;0;1;-30,08861201;-51,34229993; SPRF-RS ; DEL02-RS ; UOP01-DEL02-RS 
499459;2023-01-16; segunda-feira ; 03:45:00 ; CE ;116;35,4; AQUIRAZ ; Acumulo de água sobre o pavimento ; Saída de leito carroçável ; Sem Vítimas ; Plena Noite ; Decrescente ; Chuva ; Dupla ; Reta ; Sim ;2;0;0;0;1;1;0;1;-4,05051257;-38,50673676; SPRF-CE ; DEL01-CE ; UOP02-DEL01-CE 
499460;2023-01-16; segunda-feira ; 01:10:00 ; PR ;373;331; GUARAPUAVA ; Transitar na contramão ; Colisão frontal ; Com Vítimas Feridas ; Plena Noite ; Crescente ; Nublado ; Simples ; Curva ; Não ;16;0;1;2;13;0;3;2;-25,352481;-51,366706; SPRF-PR ; DEL08-PR ; UOP01-DEL08-PR 
499461;2023-01-16; segunda-feira ; 02:20:00 ; GO ;153;299,7; RIALMA ; Ingestão de álcool pelo condutor ; Colisão frontal ; Com Vítimas Feridas ; Plena Noite ; Decrescente ; Céu Claro ; Simples ; Reta ; Sim ;6;0;1;0;2;3;1;2;-15,277585;-49,552872; SPRF-GO ; DEL02-GO ; UOP02-DEL02-GO 
499462;2023-01-16; segunda-feira ; 03:30:00 ; SC ;282;140; BOM RETIRO ; Ingestão de álcool pelo condutor ; Colisão traseira ; Com Vítimas Feridas ; Plena Noite ; Decrescente ; Nevoeiro/Neblina ; Simples ; Curva ; Não ;4;0;1;0;3;0;1;2;-27,818821;-49,590221; SPRF-SC ; DEL05-SC ; UOP01-DEL05-SC 
499468;2023-01-15; domingo ; 22:30:00 ; RJ ;101;124; QUISSAMA ; Condutor Dormindo ; Colisão lateral mesmo sentido ; Com Vítimas Feridas ; Plena Noite ; Decrescente ; Céu Claro ; Dupla ; Reta ; Não ;3;0;1;0;2;0;1;2;-22,05826818;-41,68411491; SPRF-RJ ; DEL08-RJ ; UOP04-DEL08-RJ 
499470;2023-01-16; segunda-feira ; 03:30:00 ; MG ;381;294; ANTONIO DIAS ; Sinalização mal posicionada ; Colisão com objeto ; Com Vítimas Feridas ; Plena Noite ; Decrescente ; Céu Claro ; Simples ; Curva ; Não ;1;0;1;0;0;0;1;1;-19,62246609;-42,8549139; SPRF-MG ; DEL03-MG ; UOP02-DEL03-MG 
499472;2023-01-16; segunda-feira ; 06:35:00 ; ES ;393;0,5; CACHOEIRO DE ITAPEMIRIM ; Conversão proibida ; Colisão lateral sentido oposto ; Com Vítimas Feridas ; Pleno dia ; Decrescente ; Sol ; Simples ; Curva ; Não ;1;0;1;0;0;0;1;1;-20,841324;-41,15929; SPRF-ES ; DEL03-ES ; UOP02-DEL03-ES 
499473;2023-01-15; domingo ; 22:00:00 ; PR ;376;617; SAO JOSE DOS PINHAIS ; Condutor usando celular ; Saída de leito carroçável ; Sem Vítimas ; Plena Noite ; Crescente ; Garoa/Chuvisco ; Dupla ; Não Informado ; Não ;1;0;0;0;1;0;0;1;-25,58426494;-49,17618795; SPRF-PR ; DEL01-PR ; UOP04-DEL01-PR 
499474;2023-01-15; domingo ; 17:00:00 ; RJ ;101;192; CASIMIRO DE ABREU ; Avarias e/ou desgaste excessivo no pneu ; Tombamento ; Com Vítimas Feridas ; Pleno dia ; Crescente ; Céu Claro ; Dupla ; Reta ; Não ;2;0;2;0;0;0;2;1;-22,47314393;-42,08206801; SPRF-RJ ; DEL08-RJ ; UOP04-DEL08-RJ 
499475;2023-01-16; segunda-feira ; 06:35:00 ; PE ;101;64,5; RECIFE ; Animais na Pista ; Atropelamento de Animal ; Com Vítimas Feridas ; Pleno dia ; Decrescente ; Nublado ; Múltipla ; Reta ; Não ;1;0;0;1;0;0;1;1;-8,021973;-34,942708; SPRF-PE ; DEL01-PE ; UOP01-DEL01-PE 
499476;2023-01-16; segunda-feira ; 06:45:00 ; SP ;116;80,9; ROSEIRA ; Reação tardia ou ineficiente do condutor ; Queda de ocupante de veículo ; Com Vítimas Feridas ; Pleno dia ; Crescente ; Céu Claro ; Simples ; Curva ; Não ;1;0;1;0;0;0;1;1;-22,89958454;-45,30245564; SPRF-SP ; DEL08-SP ; UOP01-DEL08-SP 
499477;2023-01-16; segunda-feira ; 04:30:00 ; BA ;116;634; JAGUAQUARA ; Conversão proibida ; Colisão frontal ; Com Vítimas Feridas ; Amanhecer ; Decrescente ; Céu Claro ; Simples ; Reta ; Sim ;13;0;2;0;11;0;2;2;-13,48322495;-40,04338512; SPRF-BA ; DEL03-BA ; UOP01-DEL03-BA 
499478;2023-01-16; segunda-feira ; 07:00:00 ; PE ;104;80,7; AGRESTINA ; Acessar a via sem observar a presença dos outros veículos ; Colisão transversal ; Sem Vítimas ; Pleno dia ; Crescente ; Céu Claro ; Simples ; Reta ; Não ;3;0;0;0;3;0;0;2;-8,40431112;-35,97229265; SPRF-PE ; DEL02-PE ; UOP01-DEL02-PE 
499483;2023-01-16; segunda-feira ; 05:40:00 ; RJ ;101;402; ITAGUAI ; Reação tardia ou ineficiente do condutor ; Saída de leito carroçável ; Com Vítimas Feridas ; Amanhecer ; Decrescente ; Céu Claro ; Dupla ; Curva ; Sim ;4;0;3;0;1;0;3;1;-22,85437433;-43,78440169; SPRF-RJ ; DEL01-RJ ; UOP04-DEL01-RJ 
499484;2023-01-16; segunda-feira ; 01:30:00 ; SC ;101;105; PENHA ; Ausência de reação do condutor ; Queda de ocupante de veículo ; Com Vítimas Feridas ; Plena Noite ; Crescente ; Céu Claro ; Dupla ; Retorno Regulamentado ; Sim ;1;0;1;0;0;0;1;1;-26,80215497;-48,67891041; SPRF-SC ; DEL03-SC ; UOP02-DEL03-SC 
499485;2023-01-16; segunda-feira ; 07:20:00 ; CE ;20;235; MADALENA ; Reação tardia ou ineficiente do condutor ; Queda de ocupante de veículo ; Com Vítimas Feridas ; Pleno dia ; Crescente ; Céu Claro ; Simples ; Reta ; Não ;1;0;1;0;0;0;1;1;-4,87758324;-39,60270982; SPRF-CE ; DEL02-CE ; UOP02-DEL02-CE 
499486;2023-01-16; segunda-feira ; 08:00:00 ; PR ;369;137; IBIPORA ; Manobra de mudança de faixa ; Colisão lateral mesmo sentido ; Com Vítimas Feridas ; Pleno dia ; Crescente ; Céu Claro ; Simples ; Rotatória ; Sim ;3;0;0;1;2;0;1;2;-23,270707;-51,044458; SPRF-PR ; DEL07-PR ; UOP01-DEL07-PR 
499492;2023-01-16; segunda-feira ; 08:00:00 ; PE ;101;64,7; RECIFE ; Reação tardia ou ineficiente do condutor ; Colisão traseira ; Com Vítimas Feridas ; Pleno dia ; Crescente ; Céu Claro ; Dupla ; Reta ; Não ;4;0;1;0;3;0;1;4;-8,0162921;-34,94045886; SPRF-PE ; DEL01-PE ; UOP01-DEL01-PE 
499493;2023-01-16; segunda-feira ; 08:20:00 ; SC ;101;230,4; PALHOCA ; Demais falhas mecânicas ou elétricas ; Tombamento ; Com Vítimas Feridas ; Pleno dia ; Crescente ; Céu Claro ; Múltipla ; Reta ; Não ;2;0;2;0;0;0;2;1;-27,77781898;-48,63489608; SPRF-SC ; DEL01-SC ; UOP02-DEL01-SC 
499494;2023-01-16; segunda-feira ; 07:50:00 ; SC ;101;129,9; BALNEARIO CAMBORIU ; Trafegar com motocicleta (ou similar) entre as faixas ; Colisão traseira ; Com Vítimas Feridas ; Pleno dia ; Decrescente ; Céu Claro ; Dupla ; Reta ; Sim ;2;0;0;1;1;0;1;2;-26,98064277;-48,6790679; SPRF-SC ; DEL04-SC ; UOP03-DEL04-SC 
499495;2023-01-16; segunda-feira ; 08:35:00 ; RJ ;101;391; RIO DE JANEIRO ; Ausência de reação do condutor ; Colisão traseira ; Com Vítimas Feridas ; Pleno dia ; Decrescente ; Céu Claro ; Dupla ; Reta ; Não ;2;0;0;1;1;0;1;2;-22,894827;-43,68492; SPRF-RJ ; DEL01-RJ ; UOP04-DEL01-RJ 
499496;2023-01-16; segunda-feira ; 08:30:00 ; PR ;376;490,1; PONTA GROSSA ; Mal súbito do condutor ; Saída de leito carroçável ; Com Vítimas Feridas ; Pleno dia ; Decrescente ; Nublado ; Dupla ; Reta ; Sim ;1;0;1;0;0;0;1;1;-25,10014126;-50,19706428; SPRF-PR ; DEL03-PR ; UOP04-DEL03-PR 
499497;2023-01-16; segunda-feira ; 07:30:00 ; ES ;101;41; CONCEICAO DA BARRA ; Manobra de mudança de faixa ; Colisão lateral mesmo sentido ; Com Vítimas Feridas ; Pleno dia ; Decrescente ; Céu Claro ; Simples ; Não Informado ; Não ;4;0;1;0;2;1;1;3;-18,50841392;-39,91590574; SPRF-ES ; DEL04-ES ; UOP02-DEL04-ES 
499498;2023-01-16; segunda-feira ; 09:35:00 ; MG ;381;478; CONTAGEM ; Ausência de reação do condutor ; Colisão traseira ; Com Vítimas Feridas ; Pleno dia ; Decrescente ; Céu Claro ; Múltipla ; Não Informado ; Sim ;2;0;1;0;1;0;1;2;-19,95826094;-44,05921101; SPRF-MG ; DEL01-MG ; UOP03-DEL01-MG 
499499;2023-01-16; segunda-feira ; 08:30:00 ; DF ;60;4,7; BRASILIA ; Ausência de reação do condutor ; Saída de leito carroçável ; Com Vítimas Feridas ; Pleno dia ; Crescente ; Céu Claro ; Dupla ; Reta ; Sim ;1;0;1;0;0;0;1;1;-15,894881;-48,102228; SPRF-DF ; DEL01-DF ; UOP02-DEL01-DF 
499500;2023-01-16; segunda-feira ; 08:00:00 ; CE ;116;17; EUSEBIO ; Condutor deixou de manter distância do veículo da frente ; Queda de ocupante de veículo ; Com Vítimas Feridas ; Pleno dia ; Decrescente ; Chuva ; Múltipla ; Reta ; Sim ;2;0;1;0;1;0;1;2;-3,89617918;-38,50336042; SPRF-CE ; DEL01-CE ; UOP02-DEL01-CE 
499501;2023-01-16; segunda-feira ; 07:15:00 ; PB ;104;89; REMIGIO ; Condutor deixou de manter distância do veículo da frente ; Colisão traseira ; Com Vítimas Feridas ; Pleno dia ; Decrescente ; Céu Claro ; Simples ; Reta ; Não ;2;0;2;0;0;0;2;2;-6,971692;-35,802746; SPRF-PB ; DEL02-PB ; UOP04-DEL02-PB 