 id ; data_inversa ; dia_semana ; horario ; uf ; br ; km ; municipio ; causa_acidente ; tipo_acidente ; classificacao_acidente ; fase_dia ; sentido_via ; condicao_metereologica ; tipo_pista ; tracado_via ; uso_solo ; pessoas ; mortos ; feridos_leves ; feridos_graves ; ilesos ; ignorados ; feridos ; veiculos ; latitude ; longitude ; regional ; delegacia ; uop 
499503;2023-01-16; segunda-feira ; 08:28:00 ; BA ;324;523,1; FEIRA DE SANTANA ; Frear bruscamente ; Colisão traseira ; Com Vítimas Feridas ; Pleno dia ; Decrescente ; Sol ; Dupla ; Não Informado ; Não ;3;0;2;0;1;0;2;2;-12,29007099;-38,91206799; SPRF-BA ; DEL01-BA ; UOP03-DEL01-BA 
499504;2023-01-15; domingo ; 03:00:00 ; RO ;364;713; PORTO VELHO ; Reação tardia ou ineficiente do condutor ; Colisão lateral mesmo sentido ; Com Vítimas Feridas ; Plena Noite ; Decrescente ; Nublado ; Múltipla ; Não Informado ; Sim ;3;0;1;0;2;0;1;2;-8,77205734;-63,88223648; SPRF-RO ; DEL01-RO ; UOP01-DEL01-RO 
499505;2023-01-16; segunda-feira ; 08:45:00 ; PR ;277;724; FOZ DO IGUACU ; Transitar na contramão ; Colisão frontal ; Com Vítimas Feridas ; Pleno dia ; Decrescente ; Céu Claro ; Dupla ; Reta ; Sim ;3;0;3;0;0;0;3;2;-25,50257577;-54,53868311; SPRF-PR ; DEL05-PR ; UOP03-DEL05-PR 
499506;2023-01-16; segunda-feira ; 09:50:00 ; BA ;116;355,1; SERRINHA ; Demais falhas mecânicas ou elétricas ; Saída de leito carroçável ; Com Vítimas Feridas ; Pleno dia ; Crescente ; Sol ; Simples ; Reta ; Sim ;3;0;3;0;0;0;3;1;-11,650703;-38,991596; SPRF-BA ; DEL02-BA ; UOP01-DEL02-BA 
499507;2023-01-16; segunda-feira ; 10:00:00 ; BA ;324;561; SAO SEBASTIAO DO PASSE ; Manobra de mudança de faixa ; Tombamento ; Com Vítimas Feridas ; Pleno dia ; Crescente ; Nublado ; Dupla ; Reta ; Não ;1;0;1;0;0;0;1;1;-12,51;-38,631; SPRF-BA ; DEL01-BA ; UOP01-DEL01-BA 
499509;2023-01-16; segunda-feira ; 10:45:00 ; GO ;40;105,3; CRISTALINA ; Condutor Dormindo ; Saída de leito carroçável ; Com Vítimas Feridas ; Pleno dia ; Decrescente ; Céu Claro ; Simples ; Reta ; Não ;4;0;3;0;1;0;3;1;-16,822591;-47,551275; SPRF-DF ; DEL01-DF ; UOP04-DEL01-DF 
499513;2023-01-16; segunda-feira ; 09:15:00 ; GO ;20;173,7; ALVORADA DO NORTE ; Animais na Pista ; Colisão traseira ; Com Vítimas Feridas ; Pleno dia ; Crescente ; Céu Claro ; Simples ; Reta ; Não ;8;0;2;0;6;0;2;3;-14,526411;-46,534149; SPRF-DF ; DEL02-DF ; UOP03-DEL02-DF 
499516;2023-01-16; segunda-feira ; 10:45:00 ; AL ;101;235; OLHO DAGUA GRANDE ; Acumulo de água sobre o pavimento ; Capotamento ; Com Vítimas Feridas ; Pleno dia ; Crescente ; Chuva ; Dupla ; Curva ; Não ;3;0;3;0;0;0;3;1;-10,11732075;-36,77563499; SPRF-AL ; DEL02-AL ; UOP02-DEL02-AL 
499517;2023-01-16; segunda-feira ; 11:20:00 ; PR ;277;586,1; CASCAVEL ; Desrespeitar a preferência no cruzamento ; Colisão transversal ; Com Vítimas Feridas ; Pleno dia ; Decrescente ; Céu Claro ; Simples ; Reta ; Não ;3;0;0;1;2;0;1;2;-24,9649472;-53,4210459; SPRF-PR ; DEL04-PR ; UOP01-DEL04-PR 
499518;2023-01-16; segunda-feira ; 11:40:00 ; RS ;290;92; PORTO ALEGRE ; Acessar a via sem observar a presença dos outros veículos ; Colisão traseira ; Com Vítimas Feridas ; Pleno dia ; Decrescente ; Céu Claro ; Múltipla ; Reta ; Não ;5;0;1;0;4;0;1;2;-29,97131881;-51,18213422; SPRF-RS ; DEL01-RS ; UOP01-DEL01-RS 
499519;2023-01-16; segunda-feira ; 12:00:00 ; DF ;80;10; BRASILIA ; Carga excessiva e/ou mal acondicionada ; Colisão com objeto ; Sem Vítimas ; Pleno dia ; Decrescente ; Céu Claro ; Simples ; Reta ; Não ;2;0;0;0;1;1;0;2;-15,787066;-48,140709; SPRF-DF ; DEL01-DF ; UOP03-DEL01-DF 
499521;2023-01-16; segunda-feira ; 11:45:00 ; AL ;101;235; OLHO DAGUA GRANDE ; Condutor deixou de manter distância do veículo da frente ; Colisão traseira ; Com Vítimas Feridas ; Pleno dia ; Crescente ; Chuva ; Dupla ; Não Informado ; Não ;4;0;2;0;2;0;2;2;-10,11732075;-36,77563499; SPRF-AL ; DEL02-AL ; UOP02-DEL02-AL 
499522;2023-01-16; segunda-feira ; 10:50:00 ; MS ;359;528; LADARIO ; Velocidade Incompatível ; Colisão frontal ; Com Vítimas Feridas ; Pleno dia ; Crescente ; Nublado ; Simples ; Curva ; Não ;5;0;1;1;0;3;2;2;-19,05758201;-57,61613004; SPRF-MS ; DEL03-MS ; UOP03-DEL03-MS 
499523;2023-01-16; segunda-feira ; 11:30:00 ; SC ;470;96,1; APIUNA ; Acessar a via sem observar a presença dos outros veículos ; Colisão transversal ; Com Vítimas Feridas ; Pleno dia ; Decrescente ; Céu Claro ; Simples ; Curva ; Sim ;2;0;0;2;0;0;2;2;-27,020767;-49,371342; SPRF-SC ; DEL04-SC ; UOP01-DEL04-SC 
499527;2023-01-16; segunda-feira ; 12:00:00 ; RS ;470;206; BENTO GONCALVES ; Ausência de reação do condutor ; Saída de leito carroçável ; Sem Vítimas ; Pleno dia ; Decrescente ; Céu Claro ; Simples ; Curva ; Sim ;1;0;0;0;0;1;0;1;-29,08977;-51,556176; SPRF-RS ; DEL06-RS ; UOP01-DEL06-RS 
499529;2023-01-14; sábado ; 23:30:00 ; SC ;282;542,2; CHAPECO ; Velocidade Incompatível ; Colisão lateral sentido oposto ; Sem Vítimas ; Plena Noite ; Crescente ; Garoa/Chuvisco ; Simples ; Curva ; Não ;2;0;0;0;2;0;0;2;-27,001301;-52,707569; SPRF-SC ; DEL07-SC ; UOP01-DEL07-SC 
499530;2023-01-16; segunda-feira ; 13:00:00 ; SC ;101;209,6; SAO JOSE ; Condutor deixou de manter distância do veículo da frente ; Engavetamento ; Sem Vítimas ; Pleno dia ; Decrescente ; Céu Claro ; Múltipla ; Reta ; Sim ;4;0;0;0;4;0;0;4;-27,61000542;-48,63895057; SPRF-SC ; DEL01-SC ; UOP01-DEL01-SC 
499531;2023-01-16; segunda-feira ; 13:20:00 ; RJ ;356;50,9; ITAPERUNA ; Ausência de reação do condutor ; Colisão traseira ; Sem Vítimas ; Pleno dia ; Decrescente ; Céu Claro ; Simples ; Não Informado ; Não ;5;0;0;0;5;0;0;2;-21,2573533;-41,77513029; SPRF-RJ ; DEL08-RJ ; UOP03-DEL08-RJ 
499532;2023-01-16; segunda-feira ; 09:35:00 ; PE ;232;409,9; SERRA TALHADA ; Acesso irregular ; Colisão transversal ; Sem Vítimas ; Pleno dia ; Decrescente ; Céu Claro ; Simples ; Interseção de vias ; Sim ;2;0;0;0;2;0;0;2;-7,981944;-38,289467; SPRF-PE ; DEL04-PE ; UOP01-DEL04-PE 
499534;2023-01-16; segunda-feira ; 12:40:00 ; RJ ;101;430; MANGARATIBA ; Condutor deixou de manter distância do veículo da frente ; Colisão traseira ; Com Vítimas Feridas ; Pleno dia ; Decrescente ; Céu Claro ; Simples ; Curva ; Não ;2;0;1;0;1;0;1;2;-22,93710123;-44,01083798; SPRF-RJ ; DEL03-RJ ; UOP01-DEL03-RJ 
499535;2023-01-16; segunda-feira ; 10:40:00 ; RN ;304;237; RIACHUELO ; Ausência de reação do condutor ; Tombamento ; Com Vítimas Feridas ; Pleno dia ; Crescente ; Sol ; Simples ; Reta ; Não ;2;0;2;0;0;0;2;1;-5,77900576;-35,85274458; SPRF-RN ; DEL01-RN ; UOP02-DEL01-RN 
499536;2023-01-16; segunda-feira ; 14:10:00 ; MG ;146;490,5; POCOS DE CALDAS ; Falta de acostamento ; Saída de leito carroçável ; Com Vítimas Feridas ; Pleno dia ; Decrescente ; Céu Claro ; Simples ; Não Informado ; Não ;1;0;1;0;0;0;1;1;-21,80784875;-46,47687793; SPRF-MG ; DEL09-MG ; UOP01-DEL09-MG 
499537;2023-01-04; quarta-feira ; 12:30:00 ; GO ;20;1,2; FORMOSA ; Reação tardia ou ineficiente do condutor ; Colisão transversal ; Sem Vítimas ; Pleno dia ; Decrescente ; Céu Claro ; Simples ; Reta ; Não ;3;0;0;0;3;0;0;2;-15,578395;-47,332596; SPRF-DF ; DEL02-DF ; UOP02-DEL02-DF 
499539;2023-01-16; segunda-feira ; 13:33:00 ; RS ;287;249; SANTA MARIA ; Desrespeitar a preferência no cruzamento ; Colisão transversal ; Com Vítimas Feridas ; Pleno dia ; Crescente ; Sol ; Simples ; Não Informado ; Sim ;3;0;0;1;1;1;1;2;-29,69465146;-53,85834932; SPRF-RS ; DEL09-RS ; UOP01-DEL09-RS 
499541;2023-01-16; segunda-feira ; 13:00:00 ; MG ;50;176,5; UBERABA ; Obras na pista ; Queda de ocupante de veículo ; Com Vítimas Feridas ; Pleno dia ; Crescente ; Nublado ; Dupla ; Reta ; Sim ;2;0;2;0;0;0;2;1;-19,77916235;-47,95398116; SPRF-MG ; DEL13-MG ; UOP01-DEL13-MG 
499542;2023-01-03; terça-feira ; 16:50:00 ; PR ;277;451,4; LARANJEIRAS DO SUL ; Desrespeitar a preferência no cruzamento ; Colisão transversal ; Com Vítimas Feridas ; Pleno dia ; Decrescente ; Nublado ; Simples ; Não Informado ; Não ;2;0;0;1;1;0;1;2;-25,36888683;-52,3599691; SPRF-PR ; DEL04-PR ; UOP02-DEL04-PR 
499544;2023-01-16; segunda-feira ; 13:00:00 ; SC ;470;294,9; CAMPOS NOVOS ; Condutor Dormindo ; Saída de leito carroçável ; Com Vítimas Feridas ; Pleno dia ; Decrescente ; Céu Claro ; Simples ; Não Informado ; Não ;1;0;0;1;0;0;1;1;-27,34879761;-51,00772977; SPRF-SC ; DEL07-SC ; UOP06-DEL07-SC 
499545;2023-01-11; quarta-feira ; 06:30:00 ; MA ;135;7; SAO LUIS ; Ausência de reação do condutor ; Colisão transversal ; Com Vítimas Feridas ; Pleno dia ; Crescente ; Céu Claro ; Dupla ; Reta ; Sim ;2;0;1;0;1;0;1;2;-2,63608835;-44,26848552; SPRF-MA ; DEL01-MA ; UOP01-DEL01-MA 
499546;2023-01-01; domingo ; 05:00:00 ; GO ;153;263; NOVA GLORIA ; Ingestão de álcool pelo condutor ; Colisão traseira ; Sem Vítimas ; Plena Noite ; Crescente ; Céu Claro ; Simples ; Não Informado ; Sim ;4;0;0;0;4;0;0;2;-15,01614;-49,421726; SPRF-GO ; DEL07-GO ; UOP02-DEL07-GO 
499548;2023-01-16; segunda-feira ; 14:45:00 ; SC ;101;235; PALHOCA ; Condutor deixou de manter distância do veículo da frente ; Colisão traseira ; Sem Vítimas ; Pleno dia ; Decrescente ; Nublado ; Dupla ; Reta ; Não ;2;0;0;0;2;0;0;2;-27,8177775;-48,6315025; SPRF-SC ; DEL01-SC ; UOP02-DEL01-SC 
499551;2023-01-16; segunda-feira ; 15:15:00 ; RS ;471;174; RIO PARDO ; Desrespeitar a preferência no cruzamento ; Colisão transversal ; Com Vítimas Feridas ; Pleno dia ; Crescente ; Céu Claro ; Simples ; Reta ; Não ;2;0;1;0;1;0;1;2;-30,022757;-52,373554; SPRF-RS ; DEL02-RS ; UOP03-DEL02-RS 
499557;2023-01-11; quarta-feira ; 02:15:00 ; MG ;365;300; SAO GONCALO DO ABAETE ; Reação tardia ou ineficiente do condutor ; Colisão frontal ; Com Vítimas Feridas ; Plena Noite ; Crescente ; Chuva ; Simples ; Não Informado ; Não ;8;0;5;1;2;0;6;2;-18,14923115;-45,75725987; SPRF-MG ; DEL10-MG ; UOP01-DEL10-MG 
499558;2023-01-16; segunda-feira ; 14:25:00 ; RJ ;101;283; ITABORAI ; Acumulo de areia ou detritos sobre o pavimento ; Queda de ocupante de veículo ; Com Vítimas Feridas ; Pleno dia ; Crescente ; Céu Claro ; Simples ; Curva ; Sim ;2;0;2;0;0;0;2;1;-22,73591014;-42,80592689; SPRF-RJ ; DEL02-RJ ; UOP02-DEL02-RJ 
499560;2023-01-16; segunda-feira ; 15:00:00 ; PB ;101;68; SANTA RITA ; Reação tardia ou ineficiente do condutor ; Saída de leito carroçável ; Com Vítimas Feridas ; Pleno dia ; Decrescente ; Céu Claro ; Dupla ; Curva ; Não ;5;0;2;0;3;0;2;1;-7,06603626;-35,00799802; SPRF-PB ; DEL01-PB ; UOP04-DEL01-PB 
499563;2023-01-16; segunda-feira ; 15:30:00 ; PB ;230;15; JOAO PESSOA ; Ausência de reação do condutor ; Colisão lateral mesmo sentido ; Com Vítimas Feridas ; Pleno dia ; Crescente ; Céu Claro ; Dupla ; Reta ; Sim ;3;0;0;1;2;0;1;2;-7,093;-34,8482; SPRF-PB ; DEL01-PB ; UOP01-DEL01-PB 
499564;2023-01-16; segunda-feira ; 15:55:00 ; RN ;101;80; NATAL ; Acessar a via sem observar a presença dos outros veículos ; Colisão transversal ; Com Vítimas Feridas ; Pleno dia ; Crescente ; Céu Claro ; Dupla ; Reta ; Sim ;2;0;1;0;1;0;1;2;-5,75852229;-35,28806121; SPRF-RN ; DEL02-RN ; UOP01-DEL02-RN 
499565;2023-01-16; segunda-feira ; 13:05:00 ; BA ;324;519,5; FEIRA DE SANTANA ; Reação tardia ou ineficiente do condutor ; Colisão transversal ; Com Vítimas Feridas ; Pleno dia ; Decrescente ; Sol ; Simples ; Reta ; Sim ;3;0;2;0;1;0;2;2;-12,26687642;-38,93349875; SPRF-BA ; DEL02-BA ; UOP01-DEL02-BA 
499568;2023-01-16; segunda-feira ; 14:00:00 ; MG ;40;551,7; NOVA LIMA ; Ausência de reação do condutor ; Colisão traseira ; Com Vítimas Feridas ; Pleno dia ; Decrescente ; Céu Claro ; Dupla ; Reta ; Sim ;6;0;1;0;5;0;1;4;-20,05411435;-43,97101875; SPRF-MG ; DEL01-MG ; UOP02-DEL01-MG 
499569;2023-01-16; segunda-feira ; 16:15:00 ; SP ;153;57; SAO JOSE DO RIO PRETO ; Chuva ; Saída de leito carroçável ; Com Vítimas Feridas ; Pleno dia ; Crescente ; Chuva ; Dupla ; Não Informado ; Não ;1;0;1;0;0;0;1;1;-20,76991095;-49,34982212; SPRF-SP ; DEL09-SP ; UOP01-DEL09-SP 
499570;2023-01-16; segunda-feira ; 16:30:00 ; ES ;101;297,8; VIANA ; Condutor deixou de manter distância do veículo da frente ; Colisão traseira ; Com Vítimas Feridas ; Pleno dia ; Decrescente ; Céu Claro ; Dupla ; Reta ; Sim ;3;0;1;0;1;1;1;3;-20,34529844;-40,41026774; SPRF-ES ; DEL01-ES ; UOP01-DEL01-ES 
499571;2023-01-16; segunda-feira ; 13:20:00 ; RJ ;101;283; ITABORAI ; Manobra de mudança de faixa ; Colisão lateral mesmo sentido ; Com Vítimas Feridas ; Pleno dia ; Decrescente ; Céu Claro ; Dupla ; Curva ; Sim ;2;0;1;0;1;0;1;2;-22,73591014;-42,80592689; SPRF-RJ ; DEL02-RJ ; UOP02-DEL02-RJ 
499573;2023-01-16; segunda-feira ; 15:10:00 ; MT ;364;320; CAMPO VERDE ; Avarias e/ou desgaste excessivo no pneu ; Saída de leito carroçável ; Sem Vítimas ; Pleno dia ; Decrescente ; Chuva ; Dupla ; Curva ; Não ;1;0;0;0;1;0;0;1;-15,82010576;-55,32372097; SPRF-MT ; DEL05-MT ; UOP02-DEL05-MT 
499574;2023-01-16; segunda-feira ; 16:15:00 ; RN ;304;32; MOSSORO ; Manobra de mudança de faixa ; Colisão lateral mesmo sentido ; Com Vítimas Feridas ; Pleno dia ; Decrescente ; Céu Claro ; Dupla ; Reta ; Não ;2;0;0;1;1;0;1;2;-5,138073;-37,345488; SPRF-RN ; DEL04-RN ; UOP02-DEL04-RN 
499575;2023-01-02; segunda-feira ; 12:10:00 ; PR ;376;646; TIJUCAS DO SUL ; Ausência de reação do condutor ; Colisão traseira ; Com Vítimas Feridas ; Pleno dia ; Crescente ; Céu Claro ; Dupla ; Reta ; Não ;2;0;1;0;1;0;1;2;-25,82793738;-49,11945654; SPRF-PR ; DEL01-PR ; UOP04-DEL01-PR 
499577;2023-01-16; segunda-feira ; 17:00:00 ; RS ;158;334; SANTA MARIA ; Reação tardia ou ineficiente do condutor ; Saída de leito carroçável ; Com Vítimas Feridas ; Pleno dia ; Decrescente ; Céu Claro ; Simples ; Reta ; Não ;1;0;1;0;0;0;1;1;-29,70751182;-53,87442198; SPRF-RS ; DEL09-RS ; UOP01-DEL09-RS 
499578;2023-01-16; segunda-feira ; 17:00:00 ; SP ;381;88; GUARULHOS ; Manobra de mudança de faixa ; Colisão lateral mesmo sentido ; Com Vítimas Feridas ; Pleno dia ; Decrescente ; Nublado ; Múltipla ; Reta ; Sim ;2;0;1;0;1;0;1;2;-23,47469314;-46,56112919; SPRF-SP ; DEL03-SP ; UOP01-DEL03-SP 
499581;2023-01-16; segunda-feira ; 17:00:00 ; BA ;101;716,8; EUNAPOLIS ; Objeto estático sobre o leito carroçável ; Colisão frontal ; Com Vítimas Feridas ; Pleno dia ; Crescente ; Céu Claro ; Simples ; Não Informado ; Sim ;2;0;1;0;1;0;1;2;-16,369735;-39,583042; SPRF-BA ; DEL09-BA ; UOP01-DEL09-BA 
499585;2023-01-16; segunda-feira ; 17:34:00 ; SP ;116;224; GUARULHOS ; Manobra de mudança de faixa ; Colisão transversal ; Com Vítimas Feridas ; Pleno dia ; Decrescente ; Céu Claro ; Múltipla ; Reta ; Sim ;5;0;3;0;2;0;3;3;-23,48071896;-46,53271603; SPRF-SP ; DEL01-SP ; UOP01-DEL01-SP 
499586;2023-01-16; segunda-feira ; 16:50:00 ; SC ;101;409; ARARANGUA ; Acessar a via sem observar a presença dos outros veículos ; Colisão transversal ; Com Vítimas Feridas ; Pleno dia ; Crescente ; Nublado ; Simples ; Rotatória ; Sim ;2;0;1;0;1;0;1;2;-28,939705;-49,497796; SPRF-SC ; DEL02-SC ; UOP02-DEL02-SC 
499590;2023-01-16; segunda-feira ; 18:27:00 ; SP ;116;230; GUARULHOS ; Reação tardia ou ineficiente do condutor ; Colisão lateral mesmo sentido ; Sem Vítimas ; Anoitecer ; Decrescente ; Céu Claro ; Múltipla ; Reta ; Não ;3;0;0;0;3;0;0;2;-23,52251783;-46,5855702; SPRF-SP ; DEL01-SP ; UOP01-DEL01-SP 
499591;2023-01-16; segunda-feira ; 13:00:00 ; MG ;116;138,8; PONTO DOS VOLANTES ; Desrespeitar a preferência no cruzamento ; Colisão transversal ; Com Vítimas Feridas ; Pleno dia ; Decrescente ; Céu Claro ; Simples ; Retorno Regulamentado ; Não ;3;0;1;1;1;0;2;2;-16,75731434;-41,49998809; SPRF-MG ; DEL11-MG ; UOP02-DEL11-MG 
499594;2023-01-16; segunda-feira ; 18:45:00 ; CE ;222;2; FORTALEZA ; Condutor deixou de manter distância do veículo da frente ; Colisão traseira ; Com Vítimas Feridas ; Plena Noite ; Crescente ; Céu Claro ; Dupla ; Reta ; Sim ;3;0;2;0;1;0;2;2;-3,73911117;-38,58687498; SPRF-CE ; DEL01-CE ; UOP01-DEL01-CE 
499596;2023-01-16; segunda-feira ; 17:15:00 ; RO ;364;430; JARU ; Desrespeitar a preferência no cruzamento ; Colisão transversal ; Com Vítimas Feridas ; Pleno dia ; Crescente ; Garoa/Chuvisco ; Simples ; Não Informado ; Não ;2;0;1;0;1;0;1;2;-10,41098263;-62,51010043; SPRF-RO ; DEL03-RO ; UOP02-DEL03-RO 
499598;2023-01-16; segunda-feira ; 19:20:00 ; CE ;222;2,3; FORTALEZA ; Ausência de reação do condutor ; Colisão traseira ; Com Vítimas Feridas ; Plena Noite ; Crescente ; Céu Claro ; Múltipla ; Reta ; Sim ;3;0;1;0;2;0;1;3;-3,739301666;-38,58981333; SPRF-CE ; DEL01-CE ; UOP01-DEL01-CE 
499599;2023-01-16; segunda-feira ; 16:30:00 ; SC ;101;42; JOINVILLE ; Acessar a via sem observar a presença dos outros veículos ; Atropelamento de Pedestre ; Com Vítimas Feridas ; Pleno dia ; Decrescente ; Nublado ; Simples ; Reta ; Sim ;2;0;1;1;0;0;2;1;-26,32481614;-48,86642575; SPRF-SC ; DEL03-SC ; UOP01-DEL03-SC 
499601;2023-01-16; segunda-feira ; 16:00:00 ; RJ ;393;106; SAPUCAIA ; Acessar a via sem observar a presença dos outros veículos ; Colisão lateral sentido oposto ; Com Vítimas Feridas ; Pleno dia ; Decrescente ; Céu Claro ; Simples ; Reta ; Sim ;2;0;1;1;0;0;2;2;-21,87764485;-42,67025797; SPRF-RJ ; DEL04-RJ ; UOP02-DEL04-RJ 
499603;2023-01-16; segunda-feira ; 15:03:00 ; MT ;163;750; SORRISO ; Frear bruscamente ; Queda de ocupante de veículo ; Com Vítimas Feridas ; Pleno dia ; Decrescente ; Nublado ; Dupla ; Reta ; Sim ;1;0;1;0;0;0;1;1;-12,67193506;-55,79367178; SPRF-MT ; DEL06-MT ; UOP02-DEL06-MT 
499607;2023-01-16; segunda-feira ; 19:50:00 ; SE ;235;52,6; ITABAIANA ; Ingestão de álcool e/ou substâncias psicoativas pelo pedestre ; Atropelamento de Pedestre ; Com Vítimas Feridas ; Plena Noite ; Crescente ; Céu Claro ; Simples ; Reta ; Sim ;2;0;1;1;0;0;2;1;-10,693279;-37,437557; SPRF-SE ; DEL01-SE ; UOP02-DEL01-SE 
499609;2023-01-16; segunda-feira ; 17:10:00 ; RJ ;116;179; BELFORD ROXO ; Avarias e/ou desgaste excessivo no pneu ; Queda de ocupante de veículo ; Com Vítimas Feridas ; Pleno dia ; Crescente ; Céu Claro ; Dupla ; Reta ; Sim ;2;0;2;0;0;0;2;1;-22,769902;-43,408036; SPRF-RJ ; DEL01-RJ ; UOP02-DEL01-RJ 
499611;2023-01-16; segunda-feira ; 18:50:00 ; TO ;153;138; ARAGUAINA ; Condutor deixou de manter distância do veículo da frente ; Colisão traseira ; Com Vítimas Feridas ; Plena Noite ; Decrescente ; Céu Claro ; Dupla ; Reta ; Sim ;2;0;1;0;1;0;1;2;-7,15509994;-48,20416232; SPRF-TO ; DEL02-TO ; UOP01-DEL02-TO 
499613;2023-01-16; segunda-feira ; 19:00:00 ; PB ;412;17,3; BOA VISTA ; Ausência de reação do condutor ; Saída de leito carroçável ; Com Vítimas Fatais ; Plena Noite ; Decrescente ; Céu Claro ; Simples ; Interseção de vias ; Não ;1;1;0;0;0;0;0;1;-7,249509;-36,219105; SPRF-PB ; DEL02-PB ; UOP02-DEL02-PB 
499614;2023-01-16; segunda-feira ; 19:50:00 ; MG ;40;497,7; ESMERALDAS ; Ingestão de álcool ou de substâncias psicoativas pelo pedestre ; Atropelamento de Pedestre ; Com Vítimas Fatais ; Plena Noite ; Crescente ; Céu Claro ; Dupla ; Não Informado ; Não ;2;1;0;0;1;0;0;1;-19,67802022;-44,18830216; SPRF-MG ; DEL02-MG ; UOP01-DEL02-MG 
499615;2023-01-16; segunda-feira ; 19:15:00 ; RN ;405;6; MOSSORO ; Deficiência do Sistema de Iluminação/Sinalização ; Colisão traseira ; Com Vítimas Feridas ; Plena Noite ; Decrescente ; Céu Claro ; Simples ; Reta ; Não ;3;0;1;0;2;0;1;2;-5,19609575;-37,40700697; SPRF-RN ; DEL04-RN ; UOP02-DEL04-RN 
499616;2023-01-16; segunda-feira ; 20:40:00 ; GO ;70;1,3; AGUAS LINDAS DE GOIAS ; Ausência de reação do condutor ; Colisão traseira ; Com Vítimas Feridas ; Plena Noite ; Decrescente ; Céu Claro ; Dupla ; Reta ; Não ;3;0;1;2;0;0;3;2;-15,77579351;-48,23259001; SPRF-DF ; DEL01-DF ; UOP03-DEL01-DF 
499618;2023-01-16; segunda-feira ; 18:40:00 ; SC ;282;411; CATANDUVAS ; Chuva ; Saída de leito carroçável ; Com Vítimas Feridas ; Pleno dia ; Crescente ; Chuva ; Simples ; Curva ; Não ;5;0;1;0;4;0;1;1;-27,062956;-51,669058; SPRF-SC ; DEL07-SC ; UOP05-DEL07-SC 
499619;2023-01-16; segunda-feira ; 18:40:00 ; PB ;405;34,3; SAO JOAO DO RIO DO PEIXE ; Acessar a via sem observar a presença dos outros veículos ; Colisão transversal ; Com Vítimas Feridas ; Plena Noite ; Crescente ; Nublado ; Simples ; Não Informado ; Sim ;2;0;1;1;0;0;2;2;-6,739024;-38,444831; SPRF-PB ; DEL03-PB ; UOP03-DEL03-PB 
499620;2023-01-16; segunda-feira ; 18:45:00 ; SC ;282;220; LAGES ; Ausência de reação do condutor ; Colisão traseira ; Com Vítimas Feridas ; Anoitecer ; Crescente ; Nublado ; Simples ; Reta ; Sim ;2;0;1;0;1;0;1;2;-27,794014;-50,33363; SPRF-SC ; DEL05-SC ; UOP01-DEL05-SC 
499621;2023-01-16; segunda-feira ; 21:20:00 ; SP ;116;152; SAO JOSE DOS CAMPOS ; Avarias e/ou desgaste excessivo no pneu ; Tombamento ; Com Vítimas Feridas ; Plena Noite ; Crescente ; Céu Claro ; Dupla ; Reta ; Não ;2;0;2;0;0;0;2;1;-23,22620401;-45,90682999; SPRF-SP ; DEL02-SP ; UOP01-DEL02-SP 
499625;2023-01-16; segunda-feira ; 18:15:00 ; PR ;153;317; IMBITUVA ; Avarias e/ou desgaste excessivo no pneu ; Queda de ocupante de veículo ; Com Vítimas Feridas ; Pleno dia ; Crescente ; Nublado ; Simples ; Reta ; Não ;2;0;2;0;0;0;2;1;-25,34884796;-50,63467869; SPRF-PR ; DEL08-PR ; UOP02-DEL08-PR 
499626;2023-01-16; segunda-feira ; 22:20:00 ; SC ;280;126; RIO NEGRINHO ; Ausência de reação do condutor ; Colisão traseira ; Com Vítimas Feridas ; Plena Noite ; Decrescente ; Nublado ; Simples ; Reta ; Sim ;2;0;1;0;1;0;1;2;-26,23779604;-49,49427399; SPRF-SC ; DEL06-SC ; UOP03-DEL06-SC 
499627;2023-01-16; segunda-feira ; 22:15:00 ; GO ;153;615; MORRINHOS ; Condutor Dormindo ; Saída de leito carroçável ; Com Vítimas Feridas ; Plena Noite ; Crescente ; Nublado ; Dupla ; Reta ; Não ;5;0;5;0;0;0;5;1;-17,6437;-49,1736; SPRF-GO ; DEL03-GO ; UOP01-DEL03-GO 
499628;2023-01-16; segunda-feira ; 22:40:00 ; PB ;230;85; BAYEUX ; Ausência de reação do condutor ; Saída de leito carroçável ; Sem Vítimas ; Plena Noite ; Crescente ; Céu Claro ; Dupla ; Reta ; Sim ;4;0;0;0;4;0;0;1;-7,14977142;-34,91192369; SPRF-PB ; DEL01-PB ; UOP03-DEL01-PB 
499630;2023-01-16; segunda-feira ; 23:00:00 ; PR ;376;168; MARINGA ; Avarias e/ou desgaste excessivo no pneu ; Tombamento ; Com Vítimas Feridas ; Plena Noite ; Decrescente ; Céu Claro ; Dupla ; Não Informado ; Não ;1;0;1;0;0;0;1;1;-23,409788;-51,987453; SPRF-PR ; DEL09-PR ; UOP01-DEL09-PR 
499632;2023-01-16; segunda-feira ; 18:45:00 ; PR ;277;514,3; GUARANIACU ; Avarias e/ou desgaste excessivo no pneu ; Saída de leito carroçável ; Com Vítimas Feridas ; Anoitecer ; Crescente ; Nublado ; Simples ; Reta ; Não ;1;0;0;1;0;0;1;1;-25,12139149;-52,79564198; SPRF-PR ; DEL04-PR ; UOP05-DEL04-PR 