 id ; data_inversa ; dia_semana ; horario ; uf ; br ; km ; municipio ; causa_acidente ; tipo_acidente ; classificacao_acidente ; fase_dia ; sentido_via ; condicao_metereologica ; tipo_pista ; tracado_via ; uso_solo ; pessoas ; mortos ; feridos_leves ; feridos_graves ; ilesos ; ignorados ; feridos ; veiculos ; latitude ; longitude ; regional ; delegacia ; uop 
499907;2023-01-18; quarta-feira ; 10:50:00 ; PE ;101;12,1; GOIANA ; Chuva ; Capotamento ; Com Vítimas Feridas ; Pleno dia ; Crescente ; Chuva ; Dupla ; Reta ; Não ;1;0;1;0;0;0;1;1;-7,60243605;-34,9793841; SPRF-PE ; DEL01-PE ; UOP02-DEL01-PE 
499909;2023-01-18; quarta-feira ; 14:52:00 ; PB ;101;43; MAMANGUAPE ; Velocidade Incompatível ; Saída de leito carroçável ; Com Vítimas Feridas ; Pleno dia ; Decrescente ; Chuva ; Dupla ; Não Informado ; Não ;1;0;1;0;0;0;1;1;-6,865561;-35,133374; SPRF-PB ; DEL01-PB ; UOP04-DEL01-PB 
499910;2023-01-18; quarta-feira ; 14:00:00 ; RJ ;40;80; PETROPOLIS ; Mal súbito do condutor ; Saída de leito carroçável ; Com Vítimas Feridas ; Plena Noite ; Crescente ; Sol ; Simples ; Não Informado ; Sim ;2;0;1;0;1;0;1;1;-22,49798597;-43,22878703; SPRF-RJ ; DEL06-RJ ; UOP02-DEL06-RJ 
499912;2023-01-18; quarta-feira ; 14:45:00 ; RJ ;40;121; DUQUE DE CAXIAS ; Manobra de mudança de faixa ; Colisão traseira ; Com Vítimas Feridas ; Pleno dia ; Decrescente ; Céu Claro ; Múltipla ; Reta ; Sim ;4;0;1;0;3;0;1;3;-22,78185499;-43,28571273; SPRF-RJ ; DEL01-RJ ; UOP01-DEL01-RJ 
499914;2023-01-18; quarta-feira ; 14:50:00 ; MG ;459;99,6; POUSO ALEGRE ; Mal súbito do condutor ; Saída de leito carroçável ; Com Vítimas Feridas ; Pleno dia ; Decrescente ; Céu Claro ; Dupla ; Curva ; Não ;1;0;0;1;0;0;1;1;-22,203484;-45,951649; SPRF-MG ; DEL16-MG ; UOP01-DEL16-MG 
499915;2023-01-18; quarta-feira ; 15:30:00 ; GO ;364;193; JATAI ; Chuva ; Tombamento ; Com Vítimas Feridas ; Pleno dia ; Crescente ; Chuva ; Simples ; Viaduto ; Não ;1;0;1;0;0;0;1;1;-17,917818;-51,696274; SPRF-GO ; DEL05-GO ; UOP01-DEL05-GO 
499919;2023-01-18; quarta-feira ; 14:15:00 ; BA ;324;536; CONCEICAO DO JACUIPE ; Reação tardia ou ineficiente do condutor ; Colisão traseira ; Com Vítimas Feridas ; Pleno dia ; Decrescente ; Chuva ; Dupla ; Reta ; Sim ;3;0;1;0;2;0;1;2;-12,363585;-38,820976; SPRF-BA ; DEL01-BA ; UOP03-DEL01-BA 
499922;2023-01-18; quarta-feira ; 15:55:00 ; MG ;251;522,3; MONTES CLAROS ; Transitar na contramão ; Colisão frontal ; Com Vítimas Feridas ; Pleno dia ; Crescente ; Nublado ; Simples ; Não Informado ; Não ;3;0;1;2;0;0;3;2;-16,673512;-43,796771; SPRF-MG ; DEL12-MG ; UOP01-DEL12-MG 
499924;2023-01-18; quarta-feira ; 16:40:00 ; RJ ;356;174; SAO JOAO DA BARRA ; Acessar a via sem observar a presença dos outros veículos ; Colisão frontal ; Com Vítimas Feridas ; Pleno dia ; Crescente ; Céu Claro ; Simples ; Não Informado ; Não ;2;0;1;0;1;0;1;2;-21,71816;-41,057552; SPRF-RJ ; DEL08-RJ ; UOP02-DEL08-RJ 
499925;2023-01-18; quarta-feira ; 16:50:00 ; RS ;386;349,4; LAJEADO ; Reação tardia ou ineficiente do condutor ; Colisão traseira ; Com Vítimas Feridas ; Pleno dia ; Decrescente ; Céu Claro ; Dupla ; Não Informado ; Sim ;4;0;1;0;3;0;1;2;-29,46971644;-51,95374489; SPRF-RS ; DEL04-RS ; UOP02-DEL04-RS 
499926;2023-01-18; quarta-feira ; 14:30:00 ; MT ;70;7,9; BARRA DO GARCAS ; Acesso irregular ; Colisão transversal ; Com Vítimas Feridas ; Pleno dia ; Crescente ; Céu Claro ; Simples ; Reta ; Sim ;2;0;0;1;1;0;1;2;-15,878143;-52,316788; SPRF-MT ; DEL07-MT ; UOP01-DEL07-MT 
499930;2023-01-18; quarta-feira ; 17:20:00 ; SC ;282;16; PALHOCA ; Trafegar com motocicleta (ou similar) entre as faixas ; Colisão transversal ; Com Vítimas Feridas ; Pleno dia ; Crescente ; Nublado ; Simples ; Reta ; Sim ;2;0;0;1;1;0;1;2;-27,658611;-48,681847; SPRF-SC ; DEL01-SC ; UOP02-DEL01-SC 
499931;2023-01-18; quarta-feira ; 16:40:00 ; GO ;60;365; RIO VERDE ; Acumulo de água sobre o pavimento ; Saída de leito carroçável ; Com Vítimas Feridas ; Anoitecer ; Decrescente ; Chuva ; Dupla ; Retorno Regulamentado ; Não ;3;0;1;0;2;0;1;1;-17,6551;-50,8059; SPRF-GO ; DEL04-GO ; UOP02-DEL04-GO 
499932;2023-01-18; quarta-feira ; 17:10:00 ; RS ;290;85; PORTO ALEGRE ; Manobra de mudança de faixa ; Colisão transversal ; Com Vítimas Feridas ; Pleno dia ; Decrescente ; Nublado ; Múltipla ; Reta ; Sim ;2;0;1;0;1;0;1;2;-29,967936;-51,106873; SPRF-RS ; DEL01-RS ; UOP01-DEL01-RS 
499933;2023-01-18; quarta-feira ; 17:30:00 ; BA ;367;23; PORTO SEGURO ; Retorno proibido ; Colisão transversal ; Com Vítimas Feridas ; Pleno dia ; Crescente ; Sol ; Simples ; Curva ; Não ;2;0;2;0;0;0;2;2;-16,43517732;-39,07201198; SPRF-BA ; DEL09-BA ; UOP03-DEL09-BA 
499934;2023-01-18; quarta-feira ; 07:00:00 ; BA ;349;1018; CORRENTINA ; Ausência de reação do condutor ; Capotamento ; Com Vítimas Feridas ; Pleno dia ; Crescente ; Céu Claro ; Simples ; Reta ; Não ;5;0;5;0;0;0;5;1;-13,66466943;-45,7333374; SPRF-BA ; DEL08-BA ; UOP04-DEL08-BA 
499935;2023-01-18; quarta-feira ; 17:15:00 ; PI ;343;309; ALTOS ; Ausência de reação do condutor ; Colisão traseira ; Com Vítimas Fatais ; Pleno dia ; Decrescente ; Chuva ; Simples ; Curva ; Sim ;2;1;0;0;0;1;0;2;-5,04012;-42,476742; SPRF-PI ; DEL01-PI ; UOP01-DEL01-PI 
499936;2023-01-18; quarta-feira ; 17:10:00 ; MS ;262;375; TERENOS ; Reação tardia ou ineficiente do condutor ; Colisão traseira ; Com Vítimas Feridas ; Pleno dia ; Crescente ; Céu Claro ; Simples ; Reta ; Não ;3;0;1;0;1;1;1;3;-20,48824462;-54,82201518; SPRF-MS ; DEL01-MS ; UOP03-DEL01-MS 
499939;2023-01-18; quarta-feira ; 18:15:00 ; MG ;381;449,7; SABARA ; Reação tardia ou ineficiente do condutor ; Colisão traseira ; Com Vítimas Feridas ; Anoitecer ; Crescente ; Céu Claro ; Simples ; Não Informado ; Sim ;2;0;1;0;1;0;1;2;-19,84164036;-43,86232683; SPRF-MG ; DEL01-MG ; UOP01-DEL01-MG 
499940;2023-01-18; quarta-feira ; 17:50:00 ; RJ ;40;114; DUQUE DE CAXIAS ; Reação tardia ou ineficiente do condutor ; Colisão com objeto ; Com Vítimas Feridas ; Pleno dia ; Crescente ; Céu Claro ; Simples ; Curva ; Sim ;2;0;1;0;0;1;1;1;-22,71841875;-43,29045691; SPRF-RJ ; DEL01-RJ ; UOP01-DEL01-RJ 
499942;2023-01-18; quarta-feira ; 18:16:00 ; ES ;101;288,8; CARIACICA ; Manobra de mudança de faixa ; Queda de ocupante de veículo ; Com Vítimas Feridas ; Anoitecer ; Decrescente ; Nublado ; Dupla ; Não Informado ; Não ;3;0;0;1;0;2;1;2;-20,27160351;-40,39091743; SPRF-ES ; DEL01-ES ; UOP01-DEL01-ES 
499943;2023-01-18; quarta-feira ; 15:20:00 ; BA ;235;349,8; JUAZEIRO ; Reação tardia ou ineficiente do condutor ; Atropelamento de Pedestre ; Com Vítimas Feridas ; Pleno dia ; Crescente ; Sol ; Simples ; Reta ; Sim ;2;0;1;0;0;1;1;1;-9,42586253;-40,50537944; SPRF-PE ; DEL06-PE ; UOP01-DEL06-PE 
499945;2023-01-18; quarta-feira ; 18:45:00 ; RN ;101;96; NATAL ; Reação tardia ou ineficiente do condutor ; Colisão traseira ; Com Vítimas Feridas ; Plena Noite ; Crescente ; Chuva ; Dupla ; Reta ; Sim ;2;0;1;0;1;0;1;2;-5,84949622;-35,20890752; SPRF-RN ; DEL01-RN ; UOP01-DEL01-RN 
499947;2023-01-18; quarta-feira ; 18:10:00 ; GO ;414;430,9; ABADIANIA ; Ultrapassagem Indevida ; Colisão lateral mesmo sentido ; Com Vítimas Feridas ; Pleno dia ; Crescente ; Céu Claro ; Simples ; Reta ; Não ;3;0;0;2;1;0;2;2;-16,206197;-48,913542; SPRF-GO ; DEL02-GO ; UOP01-DEL02-GO 
499948;2023-01-18; quarta-feira ; 15:30:00 ; BA ;135;90; RIACHAO DAS NEVES ; Ausência de reação do condutor ; Queda de ocupante de veículo ; Com Vítimas Feridas ; Pleno dia ; Decrescente ; Sol ; Simples ; Reta ; Não ;2;0;2;0;0;0;2;1;-11,69258316;-44,87915039; SPRF-BA ; DEL08-BA ; UOP04-DEL08-BA 
499949;2023-01-16; segunda-feira ; 09:00:00 ; RJ ;101;70,9; CAMPOS DOS GOYTACAZES ; Reação tardia ou ineficiente do condutor ; Colisão traseira ; Com Vítimas Feridas ; Pleno dia ; Crescente ; Céu Claro ; Simples ; Reta ; Sim ;2;0;1;0;0;1;1;2;-21,781011;-41,373363; SPRF-RJ ; DEL08-RJ ; UOP02-DEL08-RJ 
499955;2023-01-18; quarta-feira ; 19:50:00 ; MG ;381;497,4; BETIM ; Estacionar ou parar em local proibido ; Engavetamento ; Com Vítimas Feridas ; Plena Noite ; Decrescente ; Nublado ; Dupla ; Reta ; Sim ;4;0;1;0;3;0;1;3;-20,00483625;-44,21367172; SPRF-MG ; DEL01-MG ; UOP03-DEL01-MG 
499958;2023-01-18; quarta-feira ; 17:30:00 ; PR ;376;162; MARINGA ; Ausência de reação do condutor ; Saída de leito carroçável ; Sem Vítimas ; Plena Noite ; Crescente ; Céu Claro ; Dupla ; Reta ; Sim ;1;0;0;0;0;1;0;1;-23,3690161;-52,06472665; SPRF-PR ; DEL09-PR ; UOP01-DEL09-PR 
499959;2023-01-18; quarta-feira ; 20:40:00 ; PE ;101;76,8; RECIFE ; Animais na Pista ; Atropelamento de Animal ; Com Vítimas Feridas ; Plena Noite ; Crescente ; Céu Claro ; Dupla ; Reta ; Sim ;2;0;1;0;1;0;1;1;-8,11813811;-34,94329214; SPRF-PE ; DEL01-PE ; UOP01-DEL01-PE 
499960;2023-01-18; quarta-feira ; 18:20:00 ; PI ;343;262; CAMPO MAIOR ; Animais na Pista ; Atropelamento de Animal ; Com Vítimas Feridas ; Plena Noite ; Decrescente ; Nublado ; Simples ; Reta ; Não ;1;0;0;1;0;0;1;1;-4,81704468;-42,15736186; SPRF-PI ; DEL01-PI ; UOP03-DEL01-PI 
499961;2023-01-18; quarta-feira ; 20:00:00 ; PI ;343;189; PIRIPIRI ; Condutor deixou de manter distância do veículo da frente ; Colisão traseira ; Sem Vítimas ; Plena Noite ; Crescente ; Céu Claro ; Simples ; Não Informado ; Sim ;2;0;0;0;2;0;0;2;-4,31367;-41,776325; SPRF-PI ; DEL02-PI ; UOP01-DEL02-PI 
499962;2023-01-18; quarta-feira ; 14:35:00 ; BA ;101;534; SAO JOSE DA VITORIA ; Chuva ; Saída de leito carroçável ; Com Vítimas Feridas ; Pleno dia ; Decrescente ; Nublado ; Simples ; Não Informado ; Não ;4;0;1;0;3;0;1;1;-15,1537051;-39,40306294; SPRF-BA ; DEL05-BA ; UOP01-DEL05-BA 
499963;2023-01-10; terça-feira ; 15:00:00 ; PA ;308;151; CAPANEMA ; Acessar a via sem observar a presença dos outros veículos ; Colisão transversal ; Com Vítimas Feridas ; Pleno dia ; Decrescente ; Céu Claro ; Simples ; Reta ; Sim ;2;0;1;0;0;1;1;2;-1,21064;-47,182743; SPRF-PA ; DEL01-PA ; UOP03-DEL01-PA 
499967;2023-01-18; quarta-feira ; 19:15:00 ; RS ;285;569; SAO LUIZ GONZAGA ; Reação tardia ou ineficiente do condutor ; Atropelamento de Pedestre ; Com Vítimas Feridas ; Plena Noite ; Decrescente ; Céu Claro ; Simples ; Não Informado ; Não ;3;0;1;1;0;1;2;1;-28,413052;-54,985699; SPRF-RS ; DEL12-RS ; UOP01-DEL12-RS 
499968;2023-01-18; quarta-feira ; 21:45:00 ; SC ;282;0,4; FLORIANOPOLIS ; Velocidade Incompatível ; Colisão com objeto ; Com Vítimas Feridas ; Pleno dia ; Crescente ; Nublado ; Dupla ; Reta ; Não ;1;0;1;0;0;0;1;1;-27,59845;-48,571995; SPRF-SC ; DEL01-SC ; UOP01-DEL01-SC 
499969;2023-01-18; quarta-feira ; 21:15:00 ; PE ;232;102; BEZERROS ; Pista Escorregadia ; Tombamento ; Com Vítimas Fatais ; Plena Noite ; Crescente ; Chuva ; Dupla ; Não Informado ; Sim ;2;1;0;0;1;0;0;2;-8,24666583;-35,75747436; SPRF-PE ; DEL02-PE ; UOP02-DEL02PE 
499971;2023-01-18; quarta-feira ; 22:40:00 ; RS ;392;626,1; SETE DE SETEMBRO ; Entrada inopinada do pedestre ; Atropelamento de Pedestre ; Com Vítimas Feridas ; Plena Noite ; Crescente ; Céu Claro ; Simples ; Curva ; Não ;2;0;1;0;1;0;1;1;-28,16454801;-54,42094803; SPRF-RS ; DEL10-RS ; UOP01-DEL10-RS 
499978;2023-01-18; quarta-feira ; 22:10:00 ; MS ;262;148; AGUA CLARA ; Pedestre andava na pista ; Atropelamento de Pedestre ; Com Vítimas Fatais ; Plena Noite ; Crescente ; Céu Claro ; Simples ; Reta ; Não ;3;1;0;0;2;0;0;1;-20,4561213;-52,9197777; SPRF-MS ; DEL07-MS ; UOP02-DEL07-MS 
499979;2023-01-18; quarta-feira ; 23:00:00 ; MG ;381;783; CAMPANHA ; Demais falhas mecânicas ou elétricas ; Incêndio ; Sem Vítimas ; Plena Noite ; Crescente ; Ignorado ; Dupla ; Reta ; Não ;1;0;0;0;1;0;0;1;-21,86536321;-45,53455982; SPRF-MG ; DEL16-MG ; UOP02-DEL16-MG 
499980;2023-01-18; quarta-feira ; 23:45:00 ; SC ;101;127; ITAJAI ; Velocidade Incompatível ; Saída de leito carroçável ; Sem Vítimas ; Plena Noite ; Crescente ; Garoa/Chuvisco ; Dupla ; Curva ; Não ;4;0;0;0;4;0;0;1;-26,9639319;-48,68328024; SPRF-SC ; DEL04-SC ; UOP04-DEL04-SC 
499981;2023-01-18; quarta-feira ; 23:40:00 ; MS ;262;488,6; ANASTACIO ; Entrada inopinada do pedestre ; Atropelamento de Pedestre ; Com Vítimas Feridas ; Plena Noite ; Crescente ; Nublado ; Simples ; Reta ; Sim ;2;0;0;1;1;0;1;1;-20,50029059;-55,79656096; SPRF-MS ; DEL03-MS ; UOP01-DEL03-MS 
499982;2023-01-18; quarta-feira ; 23:45:00 ; MG ;116;497; INHAPIM ; Ingestão de álcool pelo condutor ; Colisão com objeto ; Sem Vítimas ; Plena Noite ; Crescente ; Céu Claro ; Múltipla ; Não Informado ; Não ;2;0;0;0;1;1;0;1;-19,53642905;-42,12651952; SPRF-MG ; DEL06-MG ; UOP02-DEL06-MG 
499983;2023-01-19; quinta-feira ; 00:10:00 ; RO ;364;237; CACOAL ; Pedestre andava na pista ; Atropelamento de Pedestre ; Com Vítimas Feridas ; Plena Noite ; Crescente ; Chuva ; Simples ; Reta ; Sim ;3;0;1;1;0;1;2;1;-11,44341056;-61,44672787; SPRF-RO ; DEL02-RO ; UOP02-DEL02-RO 
499984;2023-01-18; quarta-feira ; 20:40:00 ; RR ;174;698,4; PACARAIMA ; Velocidade Incompatível ; Saída de leito carroçável ; Com Vítimas Feridas ; Pleno dia ; Crescente ; Céu Claro ; Simples ; Não Informado ; Não ;2;0;1;1;0;0;2;1;4,383141;-61,150589; SPRF-RR ; N/A ; UOP01-DEL01-RR 
499986;2023-01-19; quinta-feira ; 00:20:00 ; SC ;101;90,9; BARRA VELHA ; Condutor deixou de manter distância do veículo da frente ; Colisão traseira ; Com Vítimas Feridas ; Plena Noite ; Crescente ; Garoa/Chuvisco ; Simples ; Reta ; Sim ;3;0;0;1;2;0;1;2;-26,66148503;-48,68866176; SPRF-SC ; DEL03-SC ; UOP02-DEL03-SC 
499987;2023-01-18; quarta-feira ; 17:00:00 ; PI ;135;594; CORRENTE ; Acessar a via sem observar a presença dos outros veículos ; Colisão transversal ; Com Vítimas Feridas ; Pleno dia ; Crescente ; Céu Claro ; Dupla ; Não Informado ; Sim ;4;0;1;1;2;0;2;2;-10,435862;-45,172675; SPRF-PI ; DEL03-PI ; UOP02-DEL03-PI 
499988;2023-01-19; quinta-feira ; 02:10:00 ; SC ;101;209; SAO JOSE ; Manobra de mudança de faixa ; Colisão transversal ; Com Vítimas Feridas ; Plena Noite ; Decrescente ; Céu Claro ; Dupla ; Não Informado ; Sim ;2;0;1;0;1;0;1;2;-27,61000542;-48,63895057; SPRF-SC ; DEL01-SC ; UOP01-DEL01-SC 
499989;2023-01-19; quinta-feira ; 02:30:00 ; SP ;116;230,5; SAO PAULO ; Acessar a via sem observar a presença dos outros veículos ; Colisão lateral mesmo sentido ; Com Vítimas Feridas ; Plena Noite ; Crescente ; Ignorado ; Múltipla ; Reta ; Sim ;3;0;3;0;0;0;3;2;-23,52251783;-46,5855702; SPRF-SP ; DEL01-SP ; UOP01-DEL01-SP 
499990;2023-01-19; quinta-feira ; 01:40:00 ; SC ;101;100; BALNEARIO PICARRAS ; Velocidade Incompatível ; Saída de leito carroçável ; Com Vítimas Feridas ; Plena Noite ; Decrescente ; Garoa/Chuvisco ; Dupla ; Não Informado ; Sim ;1;0;0;1;0;0;1;1;-26,75482787;-48,68993675; SPRF-SC ; DEL03-SC ; UOP02-DEL03-SC 
499995;2023-01-19; quinta-feira ; 04:45:00 ; SC ;101;217; PALHOCA ; Pista Escorregadia ; Saída de leito carroçável ; Sem Vítimas ; Plena Noite ; Crescente ; Chuva ; Múltipla ; Reta ; Sim ;1;0;0;0;1;0;0;1;-27,66779034;-48,67393586; SPRF-SC ; DEL01-SC ; UOP02-DEL01-SC 
499998;2023-01-18; quarta-feira ; 14:30:00 ; GO ;60;326; ACREUNA ; Demais falhas mecânicas ou elétricas ; Saída de leito carroçável ; Com Vítimas Feridas ; Pleno dia ; Decrescente ; Chuva ; Dupla ; Não Informado ; Não ;5;0;3;0;1;1;3;1;-17,5268;-50,4943; SPRF-GO ; DEL04-GO ; UOP02-DEL04-GO 
499999;2023-01-19; quinta-feira ; 06:10:00 ; GO ;153;435,9; ANAPOLIS ; Demais falhas mecânicas ou elétricas ; Tombamento ; Com Vítimas Feridas ; Pleno dia ; Crescente ; Céu Claro ; Dupla ; Reta ; Não ;1;0;1;0;0;0;1;1;-16,280523;-48,960049; SPRF-GO ; DEL02-GO ; UOP01-DEL02-GO 
5e+05;2023-01-18; quarta-feira ; 20:25:00 ; MG ;153;150,2; COMENDADOR GOMES ; Ausência de reação do condutor ; Saída de leito carroçável ; Sem Vítimas ; Plena Noite ; Crescente ; Céu Claro ; Simples ; Curva ; Não ;2;0;0;0;0;2;0;1;-19,640994;-48,863813; SPRF-MG ; DEL13-MG ; UOP02-DEL13-MG 
500001;2023-01-18; quarta-feira ; 14:50:00 ; ES ;101;66; SAO MATEUS ; Ausência de reação do condutor ; Tombamento ; Com Vítimas Feridas ; Pleno dia ; Crescente ; Sol ; Dupla ; Reta ; Sim ;1;0;1;0;0;0;1;1;-18,7165195;-39,87436378; SPRF-ES ; DEL04-ES ; UOP02-DEL04-ES 
500003;2023-01-19; quinta-feira ; 05:10:00 ; BA ;324;567; SAO SEBASTIAO DO PASSE ; Condutor Dormindo ; Saída de leito carroçável ; Com Vítimas Feridas ; Amanhecer ; Crescente ; Nublado ; Dupla ; Não Informado ; Não ;5;0;2;0;3;0;2;1;-12,5378073;-38,59325409; SPRF-BA ; DEL01-BA ; UOP01-DEL01-BA 
500004;2023-01-19; quinta-feira ; 06:45:00 ; MG ;40;516,8; RIBEIRAO DAS NEVES ; Reação tardia ou ineficiente do condutor ; Colisão traseira ; Com Vítimas Feridas ; Pleno dia ; Crescente ; Nublado ; Dupla ; Reta ; Sim ;3;0;2;0;1;0;2;2;-19,81628624;-44,08960124; SPRF-MG ; DEL01-MG ; UOP02-DEL01-MG 
500005;2023-01-19; quinta-feira ; 02:40:00 ; MG ;381;412,7; NOVA UNIAO ; Condutor Dormindo ; Colisão com objeto ; Sem Vítimas ; Plena Noite ; Crescente ; Céu Claro ; Dupla ; Curva ; Não ;1;0;0;0;1;0;0;1;-19,7364715;-43,60024371; SPRF-MG ; DEL01-MG ; UOP01-DEL01-MG 
500007;2023-01-19; quinta-feira ; 07:00:00 ; SC ;101;126; BALNEARIO CAMBORIU ; Reação tardia ou ineficiente do condutor ; Colisão traseira ; Com Vítimas Feridas ; Pleno dia ; Crescente ; Nublado ; Múltipla ; Reta ; Sim ;2;0;1;0;1;0;1;2;-26,95564404;-48,67978366; SPRF-SC ; DEL04-SC ; UOP04-DEL04-SC 
500009;2023-01-18; quarta-feira ; 17:50:00 ; SP ;381;33; ATIBAIA ; Condutor deixou de manter distância do veículo da frente ; Colisão traseira ; Com Vítimas Feridas ; Plena Noite ; Decrescente ; Chuva ; Múltipla ; Reta ; Não ;2;0;1;0;1;0;1;2;-23,0728028;-46,56673562; SPRF-SP ; DEL03-SP ; UOP02-DEL03-SP 
500010;2023-01-15; domingo ; 20:30:00 ; RJ ;101;296; ITABORAI ; Acessar a via sem observar a presença dos outros veículos ; Atropelamento de Pedestre ; Com Vítimas Fatais ; Plena Noite ; Decrescente ; Céu Claro ; Dupla ; Reta ; Sim ;2;1;0;0;1;0;0;1;-22,7670498;-42,91019601; SPRF-RJ ; DEL02-RJ ; UOP02-DEL02-RJ 
500011;2023-01-19; quinta-feira ; 06:35:00 ; SC ;101;75; ARAQUARI ; Velocidade Incompatível ; Engavetamento ; Com Vítimas Feridas ; Pleno dia ; Crescente ; Céu Claro ; Dupla ; Reta ; Sim ;5;0;1;0;4;0;1;3;-26,556178;-48,720615; SPRF-SC ; DEL03-SC ; UOP02-DEL03-SC 
500012;2023-01-19; quinta-feira ; 06:20:00 ; SC ;101;65; ARAQUARI ; Reação tardia ou ineficiente do condutor ; Saída de leito carroçável ; Com Vítimas Feridas ; Amanhecer ; Decrescente ; Céu Claro ; Dupla ; Curva ; Não ;1;0;1;0;0;0;1;1;-26,47135714;-48,74457217; SPRF-SC ; DEL03-SC ; UOP02-DEL03-SC 
500013;2023-01-19; quinta-feira ; 06:30:00 ; GO ;60;200; GUAPO ; Ausência de reação do condutor ; Colisão traseira ; Sem Vítimas ; Pleno dia ; Decrescente ; Céu Claro ; Dupla ; Reta ; Não ;2;0;0;0;2;0;0;2;-16,8736;-49,6126; SPRF-GO ; DEL01-GO ; UOP02-DEL01-GO 
500014;2023-01-19; quinta-feira ; 06:30:00 ; SC ;280;29; ARAQUARI ; Acessar a via sem observar a presença dos outros veículos ; Colisão transversal ; Com Vítimas Feridas ; Pleno dia ; Decrescente ; Nublado ; Simples ; Interseção de vias ; Não ;2;0;1;0;1;0;1;2;-26,41066264;-48,75295628; SPRF-SC ; DEL03-SC ; UOP03-DEL03-SC 
500015;2023-01-19; quinta-feira ; 07:07:00 ; ES ;101;293,5; CARIACICA ; Ausência de reação do condutor ; Colisão com objeto ; Com Vítimas Feridas ; Pleno dia ; Crescente ; Céu Claro ; Dupla ; Não Informado ; Sim ;1;0;1;0;0;0;1;1;-20,31526144;-40,39567044; SPRF-ES ; DEL01-ES ; UOP01-DEL01-ES 
500016;2023-01-19; quinta-feira ; 08:00:00 ; SP ;116;160; JACAREI ; Trafegar com motocicleta (ou similar) entre as faixas ; Colisão traseira ; Com Vítimas Feridas ; Pleno dia ; Decrescente ; Céu Claro ; Dupla ; Reta ; Não ;2;0;1;0;1;0;1;2;-23,27101606;-45,96787896; SPRF-SP ; DEL02-SP ; UOP01-DEL02-SP 
500017;2023-01-19; quinta-feira ; 06:15:00 ; RJ ;116;311,5; RESENDE ; Demais falhas mecânicas ou elétricas ; Tombamento ; Com Vítimas Feridas ; Pleno dia ; Decrescente ; Céu Claro ; Dupla ; Reta ; Sim ;1;0;1;0;0;0;1;1;-22,459865;-44,458019; SPRF-RJ ; DEL07-RJ ; UOP02-DEL07-RJ 
500018;2023-01-19; quinta-feira ; 07:30:00 ; BA ;324;619; SALVADOR ; Acumulo de óleo sobre o pavimento ; Queda de ocupante de veículo ; Com Vítimas Feridas ; Pleno dia ; Decrescente ; Céu Claro ; Múltipla ; Reta ; Sim ;1;0;1;0;0;0;1;1;-12,89820999;-38,45012202; SPRF-BA ; DEL01-BA ; UOP01-DEL01-BA 
500019;2023-01-19; quinta-feira ; 08:05:00 ; PE ;101;79,7; JABOATAO DOS GUARARAPES ; Manobra de mudança de faixa ; Colisão lateral mesmo sentido ; Com Vítimas Feridas ; Pleno dia ; Crescente ; Céu Claro ; Dupla ; Curva ; Sim ;3;0;0;1;1;1;1;2;-8,14366112;-34,94723453; SPRF-PE ; DEL01-PE ; UOP01-DEL01-PE 
500020;2023-01-19; quinta-feira ; 08:00:00 ; ES ;101;160,1; LINHARES ; Acessar a via sem observar a presença dos outros veículos ; Colisão lateral sentido oposto ; Com Vítimas Feridas ; Pleno dia ; Decrescente ; Céu Claro ; Simples ; Reta ; Não ;2;0;1;0;1;0;1;2;-19,47662979;-40,11402541; SPRF-ES ; DEL04-ES ; UOP01-DEL04-ES 
500021;2023-01-19; quinta-feira ; 06:20:00 ; RO ;435;123; CEREJEIRAS ; Manobra de mudança de faixa ; Colisão lateral mesmo sentido ; Com Vítimas Feridas ; Pleno dia ; Crescente ; Céu Claro ; Dupla ; Reta ; Não ;2;0;1;0;1;0;1;2;-13,18889171;-60,808424; SPRF-RO ; DEL04-RO ; UOP02-DEL04-RO 
500022;2023-01-19; quinta-feira ; 08:05:00 ; SP ;153;64,9; SAO JOSE DO RIO PRETO ; Demais falhas na via ; Tombamento ; Com Vítimas Feridas ; Pleno dia ; Decrescente ; Nublado ; Simples ; Não Informado ; Sim ;1;0;1;0;0;0;1;1;-20,82919401;-49,36046325; SPRF-SP ; DEL09-SP ; UOP01-DEL09-SP 
500027;2023-01-19; quinta-feira ; 08:00:00 ; AL ;NA;NA; JUNQUEIRO ; Reação tardia ou ineficiente do condutor ; Colisão frontal ; Com Vítimas Fatais ; Pleno dia ; Não Informado ; Chuva ; Simples ; Reta ; Não ;3;1;0;2;0;0;2;2;-9,91622613;-36,47311473; SPRF-AL ; DEL02-AL ; UOP02-DEL02-AL 
500028;2023-01-19; quinta-feira ; 08:15:00 ; SC ;101;120,8; ITAJAI ; Ausência de reação do condutor ; Colisão traseira ; Com Vítimas Feridas ; Pleno dia ; Decrescente ; Céu Claro ; Dupla ; Reta ; Não ;4;0;1;0;3;0;1;4;-26,912758;-48,711998; SPRF-SC ; DEL04-SC ; UOP04-DEL04-SC 
500029;2023-01-19; quinta-feira ; 08:20:00 ; PR ;116;123,1; CURITIBA ; Ausência de reação do condutor ; Colisão lateral mesmo sentido ; Com Vítimas Feridas ; Pleno dia ; Decrescente ; Sol ; Dupla ; Reta ; Não ;2;0;0;1;1;0;1;2;-25,57736002;-49,31243589; SPRF-PR ; DEL01-PR ; UOP03-DEL01-PR 