 id ; data_inversa ; dia_semana ; horario ; uf ; br ; km ; municipio ; causa_acidente ; tipo_acidente ; classificacao_acidente ; fase_dia ; sentido_via ; condicao_metereologica ; tipo_pista ; tracado_via ; uso_solo ; pessoas ; mortos ; feridos_leves ; feridos_graves ; ilesos ; ignorados ; feridos ; veiculos ; latitude ; longitude ; regional ; delegacia ; uop 
500031;2023-01-19; quinta-feira ; 08:40:00 ; MG ;381;478,5; CONTAGEM ; Trafegar com motocicleta (ou similar) entre as faixas ; Colisão lateral mesmo sentido ; Com Vítimas Fatais ; Pleno dia ; Decrescente ; Céu Claro ; Dupla ; Não Informado ; Sim ;3;1;0;0;2;0;0;3;-19,9627204;-44,04049873; SPRF-MG ; DEL01-MG ; UOP03-DEL01-MG 
500033;2023-01-19; quinta-feira ; 09:00:00 ; SC ;282;48; AGUAS MORNAS ; Trafegar com motocicleta (ou similar) entre as faixas ; Colisão lateral sentido oposto ; Com Vítimas Feridas ; Pleno dia ; Crescente ; Céu Claro ; Simples ; Curva ; Não ;2;0;0;1;1;0;1;2;-27,714352;-48,938072; SPRF-SC ; DEL01-SC ; UOP03-DEL01-SC 
500034;2023-01-19; quinta-feira ; 04:55:00 ; PI ;135;212; COLONIA DO GURGUEIA ; Condutor Dormindo ; Colisão com objeto ; Com Vítimas Fatais ; Amanhecer ; Decrescente ; Chuva ; Simples ; Reta ; Não ;4;1;0;3;0;0;3;1;-8,11237971;-43,67821646; SPRF-PI ; DEL03-PI ; UOP02-DEL03-PI 
500036;2023-01-19; quinta-feira ; 08:15:00 ; SP ;116;112; TAUBATE ; Manobra de mudança de faixa ; Colisão lateral mesmo sentido ; Com Vítimas Feridas ; Pleno dia ; Crescente ; Céu Claro ; Dupla ; Reta ; Sim ;1;0;1;0;0;0;1;1;-23,04159343;-45,57065616; SPRF-SP ; DEL02-SP ; UOP02-DEL02-SP 
500037;2023-01-19; quinta-feira ; 09:06:00 ; RJ ;493;2; ITABORAI ; Manobra de mudança de faixa ; Capotamento ; Com Vítimas Feridas ; Pleno dia ; Decrescente ; Céu Claro ; Dupla ; Reta ; Sim ;1;0;1;0;0;0;1;1;-22,75950214;-42,93544822; SPRF-RJ ; DEL02-RJ ; UOP02-DEL02-RJ 
500043;2023-01-19; quinta-feira ; 10:05:00 ; PE ;101;70; RECIFE ; Manobra de mudança de faixa ; Colisão lateral mesmo sentido ; Com Vítimas Feridas ; Pleno dia ; Crescente ; Céu Claro ; Dupla ; Reta ; Não ;3;0;2;0;1;0;2;2;-8,06776119;-34,94265074; SPRF-PE ; DEL01-PE ; UOP01-DEL01-PE 
500044;2023-01-19; quinta-feira ; 10:00:00 ; ES ;101;270,7; SERRA ; Pista esburacada ; Queda de ocupante de veículo ; Com Vítimas Feridas ; Pleno dia ; Decrescente ; Céu Claro ; Dupla ; Reta ; Sim ;1;0;1;0;0;0;1;1;-20,22662056;-40,27075088; SPRF-ES ; DEL02-ES ; UOP01-DEL02-ES 
500045;2023-01-19; quinta-feira ; 09:00:00 ; TO ;153;178; ARAGUAINA ; Reação tardia ou ineficiente do condutor ; Saída de leito carroçável ; Sem Vítimas ; Pleno dia ; Decrescente ; Chuva ; Simples ; Reta ; Não ;1;0;0;0;0;1;0;1;-7,46324901;-48,37314195; SPRF-TO ; DEL02-TO ; UOP01-DEL02-TO 
500047;2023-01-19; quinta-feira ; 08:30:00 ; ES ;101;405; ITAPEMIRIM ; Transitar na contramão ; Colisão frontal ; Com Vítimas Feridas ; Pleno dia ; Crescente ; Céu Claro ; Simples ; Reta ; Não ;2;0;0;1;1;0;1;2;-20,90045516;-41,01499799; SPRF-ES ; DEL03-ES ; UOP02-DEL03-ES 
500049;2023-01-19; quinta-feira ; 08:30:00 ; SC ;282;538; CHAPECO ; Acessar a via sem observar a presença dos outros veículos ; Colisão transversal ; Com Vítimas Feridas ; Pleno dia ; Crescente ; Céu Claro ; Simples ; Curva ; Não ;2;0;1;0;1;0;1;2;-26,998323;-52,673199; SPRF-SC ; DEL07-SC ; UOP01-DEL07-SC 
500050;2023-01-19; quinta-feira ; 10:15:00 ; PR ;277;723; FOZ DO IGUACU ; Desrespeitar a preferência no cruzamento ; Colisão transversal ; Com Vítimas Feridas ; Pleno dia ; Crescente ; Céu Claro ; Dupla ; Não Informado ; Sim ;3;0;1;0;2;0;1;2;-25,49878215;-54,52985294; SPRF-PR ; DEL05-PR ; UOP03-DEL05-PR 
500051;2023-01-09; segunda-feira ; 00:20:00 ; MG ;40;466; SETE LAGOAS ; Chuva ; Saída de leito carroçável ; Com Vítimas Feridas ; Plena Noite ; Crescente ; Chuva ; Dupla ; Reta ; Sim ;1;0;0;1;0;0;1;1;-19,44436025;-44,32384821; SPRF-MG ; DEL02-MG ; UOP01-DEL02-MG 
500052;2023-01-19; quinta-feira ; 11:26:00 ; RJ ;116;320; ITATIAIA ; Transitar na contramão ; Colisão frontal ; Com Vítimas Fatais ; Pleno dia ; Decrescente ; Nublado ; Dupla ; Reta ; Não ;2;1;0;0;1;0;0;2;-22,47656315;-44,52710689; SPRF-RJ ; DEL07-RJ ; UOP02-DEL07-RJ 
500055;2023-01-19; quinta-feira ; 11:59:00 ; DF ;40;0; BRASILIA ; Condutor deixou de manter distância do veículo da frente ; Colisão traseira ; Com Vítimas Feridas ; Pleno dia ; Decrescente ; Nublado ; Dupla ; Reta ; Sim ;3;0;1;0;2;0;1;2;-15,976897;-47,990129; SPRF-DF ; DEL01-DF ; UOP01-DEL01-DF 
500056;2023-01-19; quinta-feira ; 11:30:00 ; SC ;101;215,5; PALHOCA ; Transitar na contramão ; Colisão transversal ; Com Vítimas Feridas ; Pleno dia ; Crescente ; Céu Claro ; Dupla ; Rotatória ; Não ;2;0;1;0;1;0;1;2;-27,65184843;-48,67604941; SPRF-SC ; DEL01-SC ; UOP02-DEL01-SC 
500057;2023-01-19; quinta-feira ; 11:50:00 ; SC ;280;31,1; ARAQUARI ; Ultrapassagem Indevida ; Colisão transversal ; Com Vítimas Feridas ; Pleno dia ; Crescente ; Chuva ; Simples ; Não Informado ; Sim ;2;0;1;0;1;0;1;2;-26,41649938;-48,77181215; SPRF-SC ; DEL03-SC ; UOP03-DEL03-SC 
500060;2023-01-19; quinta-feira ; 12:25:00 ; RJ ;101;322; NITEROI ; Ausência de reação do condutor ; Tombamento ; Com Vítimas Feridas ; Pleno dia ; Decrescente ; Céu Claro ; Dupla ; Reta ; Sim ;1;0;1;0;0;0;1;1;-22,878923;-43,110676; SPRF-RJ ; DEL02-RJ ; UOP01-DEL02-RJ 
500061;2023-01-19; quinta-feira ; 11:30:00 ; RS ;470;207; BENTO GONCALVES ; Conversão proibida ; Colisão transversal ; Com Vítimas Feridas ; Pleno dia ; Crescente ; Céu Claro ; Simples ; Não Informado ; Não ;8;0;7;1;0;0;8;2;-29,101443;-51,543791; SPRF-RS ; DEL06-RS ; UOP01-DEL06-RS 
500063;2023-01-09; segunda-feira ; 17:15:00 ; PB ;230;400; POMBAL ; Acessar a via sem observar a presença dos outros veículos ; Colisão transversal ; Com Vítimas Fatais ; Anoitecer ; Decrescente ; Céu Claro ; Simples ; Reta ; Não ;12;3;4;2;2;1;6;2;-6,822;-37,762; SPRF-PB ; DEL03-PB ; UOP02-DEL03-PB 
500064;2023-01-19; quinta-feira ; 10:15:00 ; MG ;262;35,6; MANHUACU ; Demais falhas na via ; Colisão transversal ; Com Vítimas Feridas ; Pleno dia ; Crescente ; Nublado ; Simples ; Curva ; Sim ;2;0;1;0;1;0;1;2;-20,2592562;-42,01698194; SPRF-MG ; DEL06-MG ; UOP03-DEL06-MG 
500066;2023-01-19; quinta-feira ; 10:54:00 ; PI ;407;477; JAICOS ; Manobra de mudança de faixa ; Saída de leito carroçável ; Com Vítimas Feridas ; Pleno dia ; Crescente ; Nublado ; Simples ; Curva ; Não ;1;0;0;1;0;0;1;1;-7,41962911;-41,19187493; SPRF-PI ; DEL04-PI ; UOP01-DEL04-PI 
500067;2023-01-19; quinta-feira ; 11:30:00 ; PR ;277;592; CASCAVEL ; Avarias e/ou desgaste excessivo no pneu ; Queda de ocupante de veículo ; Com Vítimas Feridas ; Pleno dia ; Crescente ; Céu Claro ; Simples ; Não Informado ; Sim ;1;0;1;0;0;0;1;1;-24,98146023;-53,47848218; SPRF-PR ; DEL04-PR ; UOP01-DEL04-PR 
500068;2023-01-19; quinta-feira ; 13:30:00 ; RJ ;101;473; ANGRA DOS REIS ; Acesso irregular ; Atropelamento de Pedestre ; Com Vítimas Feridas ; Pleno dia ; Decrescente ; Céu Claro ; Simples ; Reta ; Sim ;2;0;0;1;1;0;1;1;-22,98960623;-44,24168693; SPRF-RJ ; DEL03-RJ ; UOP02-DEL03-RJ 
500070;2023-01-19; quinta-feira ; 13:30:00 ; GO ;60;76,2; ABADIANIA ; Condutor Dormindo ; Saída de leito carroçável ; Com Vítimas Feridas ; Pleno dia ; Crescente ; Céu Claro ; Dupla ; Não Informado ; Não ;2;0;2;0;0;0;2;1;-16,280567;-48,791667; SPRF-GO ; DEL02-GO ; UOP01-DEL02-GO 
500073;2023-01-14; sábado ; 07:20:00 ; MG ;381;340; BELA VISTA DE MINAS ; Condutor Dormindo ; Colisão transversal ; Com Vítimas Feridas ; Pleno dia ; Crescente ; Chuva ; Dupla ; Desvio Temporário ; Não ;6;0;2;4;0;0;6;2;-19,823387;-43,077351; SPRF-MG ; DEL03-MG ; UOP01-DEL03-MG 
500074;2023-01-19; quinta-feira ; 13:00:00 ; BA ;324;622; SALVADOR ; Demais falhas mecânicas ou elétricas ; Saída de leito carroçável ; Com Vítimas Feridas ; Pleno dia ; Decrescente ; Céu Claro ; Dupla ; Curva ; Não ;2;0;2;0;0;0;2;1;-12,93594458;-38,47227216; SPRF-BA ; DEL01-BA ; UOP01-DEL01-BA 
500075;2023-01-19; quinta-feira ; 12:30:00 ; MG ;381;762; CAMPANHA ; Demais falhas na via ; Tombamento ; Com Vítimas Feridas ; Pleno dia ; Crescente ; Céu Claro ; Dupla ; Reta ; Não ;1;0;0;1;0;0;1;1;-21,74008678;-45,38580253; SPRF-MG ; DEL16-MG ; UOP02-DEL16-MG 
500076;2023-01-02; segunda-feira ; 15:40:00 ; GO ;153;558,2; PROFESSOR JAMIL ; Pista Escorregadia ; Colisão traseira ; Com Vítimas Feridas ; Pleno dia ; Decrescente ; Chuva ; Dupla ; Curva ; Não ;3;0;2;0;1;0;2;2;-17,2081;-49,2137; SPRF-GO ; DEL03-GO ; UOP01-DEL03-GO 
500077;2023-01-19; quinta-feira ; 12:40:00 ; AP ;210;2; MACAPA ; Obras na pista ; Engavetamento ; Sem Vítimas ; Pleno dia ; Decrescente ; Céu Claro ; Simples ; Não Informado ; Sim ;3;0;0;0;3;0;0;3;0,08282017;-51,07776189; SPRF-AP ; N/A ; UOP01-DEL01-AP 
500078;2023-01-19; quinta-feira ; 12:00:00 ; MG ;116;312; ITAMBACURI ; Ausência de reação do condutor ; Colisão com objeto ; Sem Vítimas ; Pleno dia ; Crescente ; Céu Claro ; Simples ; Reta ; Não ;2;0;0;0;2;0;0;1;-18,08475408;-41,68643781; SPRF-MG ; DEL11-MG ; UOP01-DEL11-MG 
500081;2023-01-19; quinta-feira ; 14:20:00 ; SC ;101;116; ITAJAI ; Manobra de mudança de faixa ; Colisão lateral mesmo sentido ; Com Vítimas Feridas ; Pleno dia ; Crescente ; Nublado ; Dupla ; Reta ; Não ;4;0;0;1;3;0;1;2;-26,87905605;-48,72603512; SPRF-SC ; DEL04-SC ; UOP04-DEL04-SC 
500083;2023-01-19; quinta-feira ; 15:00:00 ; PE ;232;126; CARUARU ; Animais na Pista ; Colisão traseira ; Com Vítimas Feridas ; Pleno dia ; Crescente ; Nublado ; Dupla ; Não Informado ; Sim ;5;0;2;0;3;0;2;2;-8,3061041;-35,93702498; SPRF-PE ; DEL02-PE ; UOP01-DEL02-PE 
500084;2023-01-03; terça-feira ; 17:00:00 ; PR ;163;254; TOLEDO ; Avarias e/ou desgaste excessivo no pneu ; Tombamento ; Com Vítimas Feridas ; Pleno dia ; Crescente ; Sol ; Dupla ; Reta ; Não ;1;0;0;1;0;0;1;1;-24,6887364;-53,76846121; SPRF-PR ; DEL06-PR ; UOP02-DEL06-PR 
500086;2023-01-19; quinta-feira ; 14:30:00 ; PE ;101;83; JABOATAO DOS GUARARAPES ; Conversão proibida ; Colisão transversal ; Com Vítimas Feridas ; Pleno dia ; Crescente ; Céu Claro ; Simples ; Reta ; Sim ;3;0;1;1;1;0;2;2;-8,175172;-34,942642; SPRF-PE ; DEL01-PE ; UOP01-DEL01-PE 
500087;2023-01-19; quinta-feira ; 15:20:00 ; RS ;470;224,9; GARIBALDI ; Desrespeitar a preferência no cruzamento ; Colisão transversal ; Com Vítimas Feridas ; Pleno dia ; Crescente ; Sol ; Simples ; Não Informado ; Sim ;2;0;1;0;1;0;1;2;-29,239725;-51,51826; SPRF-RS ; DEL06-RS ; UOP01-DEL06-RS 
500090;2023-01-19; quinta-feira ; 15:00:00 ; PB ;104;100,5; SAO SEBASTIAO DE LAGOA DE  ROCA ; Ultrapassagem Indevida ; Colisão lateral sentido oposto ; Com Vítimas Feridas ; Pleno dia ; Decrescente ; Nublado ; Simples ; Reta ; Não ;3;0;2;1;0;0;3;2;-7,048862;-35,855986; SPRF-PB ; DEL02-PB ; UOP04-DEL02-PB 
500092;2023-01-19; quinta-feira ; 15:40:00 ; MG ;116;543,6; SANTA BARBARA DO LESTE ; Velocidade Incompatível ; Saída de leito carroçável ; Com Vítimas Feridas ; Pleno dia ; Decrescente ; Chuva ; Simples ; Não Informado ; Não ;4;0;3;0;1;0;3;1;-19,91184896;-42,1350328; SPRF-MG ; DEL06-MG ; UOP02-DEL06-MG 
500093;2023-01-19; quinta-feira ; 15:38:00 ; SP ;381;75,9; SAO PAULO ; Velocidade Incompatível ; Colisão com objeto ; Com Vítimas Feridas ; Pleno dia ; Crescente ; Chuva ; Múltipla ; Não Informado ; Não ;2;0;1;1;0;0;2;1;-23,37660089;-46,56409613; SPRF-SP ; DEL03-SP ; UOP01-DEL03-SP 
500094;2023-01-19; quinta-feira ; 16:15:00 ; PR ;277;19; MORRETES ; Acessar a via sem observar a presença dos outros veículos ; Colisão transversal ; Com Vítimas Feridas ; Pleno dia ; Crescente ; Nublado ; Múltipla ; Retorno Regulamentado ; Não ;6;0;4;2;0;0;6;2;-25,55787847;-48,65324572; SPRF-PR ; DEL01-PR ; UOP05-DEL01-PR 
500096;2023-01-19; quinta-feira ; 16:50:00 ; RN ;226;124,9; SANTA CRUZ ; Reação tardia ou ineficiente do condutor ; Colisão frontal ; Com Vítimas Feridas ; Pleno dia ; Crescente ; Céu Claro ; Simples ; Reta ; Não ;2;0;1;0;1;0;1;2;-6,179054;-36,114771; SPRF-RN ; DEL03-RN ; UOP02-DEL03-RN 
500097;2023-01-19; quinta-feira ; 17:00:00 ; RJ ;101;272; RIO BONITO ; Velocidade Incompatível ; Engavetamento ; Com Vítimas Feridas ; Pleno dia ; Decrescente ; Céu Claro ; Dupla ; Reta ; Não ;7;0;1;0;6;0;1;3;-22,72935968;-42,70112512; SPRF-RJ ; DEL02-RJ ; UOP03-DEL02-RJ 
500098;2023-01-19; quinta-feira ; 17:10:00 ; PI ;343;0,3; TERESINA ; Condutor deixou de manter distância do veículo da frente ; Colisão traseira ; Com Vítimas Feridas ; Pleno dia ; Decrescente ; Nublado ; Dupla ; Não Informado ; Sim ;3;0;2;0;1;0;2;2;-5,089569;-42,802288; SPRF-PI ; DEL01-PI ; UOP01-DEL01-PI 
500101;2023-01-19; quinta-feira ; 09:55:00 ; BA ;324;514; FEIRA DE SANTANA ; Reação tardia ou ineficiente do condutor ; Colisão lateral mesmo sentido ; Com Vítimas Feridas ; Pleno dia ; Decrescente ; Sol ; Simples ; Reta ; Sim ;2;0;1;0;1;0;1;2;-12,23359265;-38,94644851; SPRF-BA ; DEL02-BA ; UOP01-DEL02-BA 
500103;2023-01-19; quinta-feira ; 17:00:00 ; CE ;116;3; FORTALEZA ; Ausência de reação do condutor ; Colisão traseira ; Com Vítimas Feridas ; Anoitecer ; Crescente ; Céu Claro ; Múltipla ; Reta ; Sim ;3;0;1;0;1;1;1;2;-3,77866493;-38,51490171; SPRF-CE ; DEL01-CE ; UOP02-DEL01-CE 
500104;2023-01-19; quinta-feira ; 17:35:00 ; PR ;369;161; CAMBE ; Manobra de mudança de faixa ; Colisão lateral mesmo sentido ; Com Vítimas Feridas ; Pleno dia ; Decrescente ; Céu Claro ; Dupla ; Reta ; Sim ;2;0;0;1;1;0;1;2;-23,290469;-51,264143; SPRF-PR ; DEL07-PR ; UOP01-DEL07-PR 
500106;2023-01-19; quinta-feira ; 16:45:00 ; MS ;262;142; AGUA CLARA ; Ausência de reação do condutor ; Colisão lateral mesmo sentido ; Com Vítimas Feridas ; Pleno dia ; Crescente ; Céu Claro ; Simples ; Não Informado ; Não ;4;0;1;0;3;0;1;2;-20,44583309;-52,86246657; SPRF-MS ; DEL07-MS ; UOP02-DEL07-MS 
500107;2023-01-19; quinta-feira ; 17:30:00 ; CE ;222;1,5; FORTALEZA ; Condutor deixou de manter distância do veículo da frente ; Colisão traseira ; Com Vítimas Feridas ; Anoitecer ; Decrescente ; Nublado ; Múltipla ; Não Informado ; Sim ;2;0;1;0;1;0;1;2;-3,738512;-38,582806; SPRF-CE ; DEL01-CE ; UOP01-DEL01-CE 
500108;2023-01-19; quinta-feira ; 17:55:00 ; SC ;101;199; SAO JOSE ; Transitar na contramão ; Colisão transversal ; Com Vítimas Feridas ; Pleno dia ; Crescente ; Nublado ; Dupla ; Reta ; Sim ;2;0;1;0;1;0;1;2;-27,53413705;-48,63003205; SPRF-SC ; DEL01-SC ; UOP01-DEL01-SC 
500109;2023-01-19; quinta-feira ; 01:00:00 ; GO ;452;193,3; ITUMBIARA ; Velocidade Incompatível ; Saída de leito carroçável ; Sem Vítimas ; Plena Noite ; Decrescente ; Ignorado ; Simples ; Desvio Temporário ; Não ;1;0;0;0;0;1;0;1;-18,36899037;-49,25291789; SPRF-GO ; DEL03-GO ; UOP02-DEL03-GO 
500111;2023-01-19; quinta-feira ; 18:00:00 ; GO ;414;387,5; CORUMBA DE GOIAS ; Demais falhas mecânicas ou elétricas ; Tombamento ; Com Vítimas Feridas ; Pleno dia ; Crescente ; Nublado ; Simples ; Reta ; Não ;1;0;1;0;0;0;1;1;-15,88092998;-48,79068001; SPRF-GO ; DEL02-GO ; UOP01-DEL02-GO 
500112;2023-01-19; quinta-feira ; 18:25:00 ; SP ;116;219; GUARULHOS ; Condutor deixou de manter distância do veículo da frente ; Colisão traseira ; Com Vítimas Feridas ; Pleno dia ; Decrescente ; Garoa/Chuvisco ; Múltipla ; Não Informado ; Sim ;3;0;1;0;2;0;1;2;-23,46143954;-46,48885316; SPRF-SP ; DEL01-SP ; UOP01-DEL01-SP 
500114;2023-01-19; quinta-feira ; 15:30:00 ; BA ;116;707; MANOEL VITORINO ; Velocidade Incompatível ; Saída de leito carroçável ; Com Vítimas Fatais ; Pleno dia ; Crescente ; Chuva ; Simples ; Reta ; Não ;3;1;2;0;0;0;2;1;-14,08962796;-40,21614409; SPRF-BA ; DEL03-BA ; UOP01-DEL03-BA 
500115;2023-01-19; quinta-feira ; 18:30:00 ; RS ;158;326; SANTA MARIA ; Trafegar com motocicleta (ou similar) entre as faixas ; Colisão lateral mesmo sentido ; Com Vítimas Feridas ; Anoitecer ; Crescente ; Céu Claro ; Dupla ; Não Informado ; Sim ;3;0;1;0;2;0;1;2;-29,71386725;-53,80853534; SPRF-RS ; DEL09-RS ; UOP01-DEL09-RS 
500116;2023-01-19; quinta-feira ; 18:30:00 ; PI ;343;9,4; PARNAIBA ; Acessar a via sem observar a presença dos outros veículos ; Colisão lateral mesmo sentido ; Com Vítimas Feridas ; Plena Noite ; Decrescente ; Céu Claro ; Simples ; Reta ; Sim ;2;0;0;1;1;0;1;2;-2,900722;-41,732681; SPRF-PI ; DEL05-PI ; UOP01-DEL05-PI 
500119;2023-01-19; quinta-feira ; 18:00:00 ; MG ;381;857,5; POUSO ALEGRE ; Velocidade Incompatível ; Tombamento ; Com Vítimas Feridas ; Pleno dia ; Decrescente ; Chuva ; Simples ; Rotatória ; Não ;1;0;1;0;0;0;1;1;-22,30117618;-45,89986396; SPRF-MG ; DEL16-MG ; UOP01-DEL16-MG 
500120;2023-01-19; quinta-feira ; 19:30:00 ; ES ;262;150; IBATIBA ; Demais falhas mecânicas ou elétricas ; Incêndio ; Sem Vítimas ; Plena Noite ; Decrescente ; Nublado ; Simples ; Reta ; Não ;1;0;0;0;1;0;0;1;-20,21857136;-41,44093913; SPRF-ES ; DEL01-ES ; UOP02-DEL01-ES 
500121;2023-01-19; quinta-feira ; 18:00:00 ; SC ;101;104,9; PENHA ; Trafegar com motocicleta (ou similar) entre as faixas ; Colisão lateral mesmo sentido ; Com Vítimas Feridas ; Pleno dia ; Crescente ; Sol ; Dupla ; Não Informado ; Não ;2;0;1;0;1;0;1;2;-26,80072321;-48,67897689; SPRF-SC ; DEL03-SC ; UOP02-DEL03-SC 
500123;2023-01-19; quinta-feira ; 17:50:00 ; PE ;101;62,3; RECIFE ; Manobra de mudança de faixa ; Colisão lateral mesmo sentido ; Com Vítimas Feridas ; Anoitecer ; Crescente ; Céu Claro ; Dupla ; Reta ; Sim ;7;0;0;2;5;0;2;2;-7,99905898;-34,93899295; SPRF-PE ; DEL01-PE ; UOP02-DEL01-PE 
500125;2023-01-19; quinta-feira ; 17:40:00 ; BA ;367;24; PORTO SEGURO ; Acumulo de areia ou detritos sobre o pavimento ; Queda de ocupante de veículo ; Com Vítimas Feridas ; Anoitecer ; Crescente ; Céu Claro ; Simples ; Reta ; Sim ;1;0;0;1;0;0;1;1;-16,435697;-39,07403; SPRF-BA ; DEL09-BA ; UOP03-DEL09-BA 
500126;2023-01-19; quinta-feira ; 03:22:00 ; PA ;163;320; NOVO PROGRESSO ; Velocidade Incompatível ; Colisão lateral mesmo sentido ; Sem Vítimas ; Pleno dia ; Crescente ; Sol ; Simples ; Reta ; Não ;1;0;0;0;0;1;0;1;-6,968144;-55,44874; SPRF-PA ; DEL05-PA ; UOP01-DEL05-PA 
500127;2023-01-19; quinta-feira ; 19:30:00 ; MG ;40;551; NOVA LIMA ; Reação tardia ou ineficiente do condutor ; Engavetamento ; Com Vítimas Feridas ; Plena Noite ; Decrescente ; Chuva ; Múltipla ; Reta ; Sim ;5;0;1;0;4;0;1;4;-20,05411435;-43,97101875; SPRF-MG ; DEL01-MG ; UOP02-DEL01-MG 
500128;2023-01-19; quinta-feira ; 19:20:00 ; SP ;116;279; EMBU DAS ARTES ; Condutor deixou de manter distância do veículo da frente ; Colisão traseira ; Com Vítimas Feridas ; Plena Noite ; Crescente ; Céu Claro ; Dupla ; Reta ; Não ;2;0;1;0;1;0;1;2;-23,66233697;-46,85292907; SPRF-SP ; DEL04-SP ; UOP01-DEL04-SP 
500130;2023-01-19; quinta-feira ; 19:00:00 ; RJ ;101;319; NITEROI ; Trafegar com motocicleta (ou similar) entre as faixas ; Colisão lateral mesmo sentido ; Com Vítimas Feridas ; Plena Noite ; Decrescente ; Céu Claro ; Dupla ; Reta ; Não ;3;0;1;0;2;0;1;3;-22,85411774;-43,1018014; SPRF-RJ ; DEL02-RJ ; UOP02-DEL02-RJ 
500131;2023-01-19; quinta-feira ; 19:50:00 ; SC ;280;79; CORUPA ; Ingestão de álcool e/ou substâncias psicoativas pelo pedestre ; Colisão com objeto ; Com Vítimas Feridas ; Plena Noite ; Crescente ; Céu Claro ; Simples ; Não Informado ; Sim ;1;0;1;0;0;0;1;1;-26,44657315;-49,20157809; SPRF-SC ; DEL06-SC ; UOP03-DEL06-SC 
500132;2023-01-19; quinta-feira ; 19:15:00 ; RS ;472;623; BARRA DO QUARAI ; Reação tardia ou ineficiente do condutor ; Saída de leito carroçável ; Sem Vítimas ; Anoitecer ; Crescente ; Céu Claro ; Simples ; Reta ; Não ;1;0;0;0;1;0;0;1;-30,160551;-57,414451; SPRF-RS ; DEL13-RS ; UOP01-DEL13-RS 
500134;2023-01-19; quinta-feira ; 19:50:00 ; MA ;222;664; ACAILANDIA ; Ingestão de álcool pelo condutor ; Colisão lateral mesmo sentido ; Com Vítimas Feridas ; Plena Noite ; Crescente ; Chuva ; Simples ; Reta ; Sim ;5;0;1;0;4;0;1;2;-4,88920755;-47,37657969; SPRF-MA ; DEL04-MA ; UOP03-DEL04-MA 
500136;2023-01-19; quinta-feira ; 20:00:00 ; PR ;277;722; FOZ DO IGUACU ; Velocidade Incompatível ; Saída de leito carroçável ; Sem Vítimas ; Plena Noite ; Crescente ; Céu Claro ; Dupla ; Não Informado ; Sim ;1;0;0;0;0;1;0;1;-25,49494908;-54,52095097; SPRF-PR ; DEL05-PR ; UOP03-DEL05-PR 
500137;2023-01-19; quinta-feira ; 20:05:00 ; RJ ;101;576; PARATY ; Acessar a via sem observar a presença dos outros veículos ; Colisão frontal ; Com Vítimas Feridas ; Plena Noite ; Crescente ; Nublado ; Simples ; Reta ; Não ;2;0;1;0;1;0;1;2;-23,22679237;-44,72881647; SPRF-RJ ; DEL03-RJ ; UOP01-DEL03-RJ 
500139;2023-01-19; quinta-feira ; 17:50:00 ; PR ;376;172; MARINGA ; Área urbana sem a presença de local apropriado para a travessia de pedestres ; Atropelamento de Pedestre ; Com Vítimas Feridas ; Pleno dia ; Crescente ; Céu Claro ; Dupla ; Reta ; Sim ;2;0;1;0;1;0;1;1;-23,4191001;-51,96816601; SPRF-PR ; DEL09-PR ; UOP01-DEL09-PR 
500141;2023-01-19; quinta-feira ; 19:50:00 ; RS ;116;216,1; MORRO REUTER ; Ingestão de álcool pelo condutor ; Colisão com objeto ; Sem Vítimas ; Plena Noite ; Crescente ; Nublado ; Simples ; Não Informado ; Sim ;1;0;0;0;1;0;0;1;-29,53861521;-51,07812703; SPRF-RS ; DEL05-RS ; UOP02-DEL05-RS 
500142;2023-01-19; quinta-feira ; 20:55:00 ; RS ;392;337; SANTA MARIA ; Demais falhas mecânicas ou elétricas ; Incêndio ; Sem Vítimas ; Plena Noite ; Crescente ; Céu Claro ; Simples ; Reta ; Não ;1;0;0;0;1;0;0;1;-29,84571322;-53,7540294; SPRF-RS ; DEL09-RS ; UOP01-DEL09-RS 
500143;2023-01-19; quinta-feira ; 21:30:00 ; SC ;101;127; ITAJAI ; Ausência de reação do condutor ; Tombamento ; Com Vítimas Feridas ; Plena Noite ; Crescente ; Chuva ; Dupla ; Curva ; Não ;1;0;0;1;0;0;1;1;-26,9639319;-48,68328024; SPRF-SC ; DEL04-SC ; UOP04-DEL04-SC 
500145;2023-01-19; quinta-feira ; 21:20:00 ; RS ;470;193,9; LAGOA VERMELHA ; Acesso irregular ; Colisão frontal ; Com Vítimas Feridas ; Plena Noite ; Decrescente ; Céu Claro ; Simples ; Reta ; Não ;5;0;2;0;3;0;2;2;-28,24071378;-51,49917483; SPRF-RS ; DEL06-RS ; UOP02-DEL06-RS 
500147;2023-01-19; quinta-feira ; 09:00:00 ; PE ;232;547; PARNAMIRIM ; Acessar a via sem observar a presença dos outros veículos ; Colisão frontal ; Com Vítimas Feridas ; Pleno dia ; Decrescente ; Céu Claro ; Simples ; Não Informado ; Não ;2;0;1;0;1;0;1;2;-8,08638;-39,440124; SPRF-PE ; DEL05-PE ; UOP01-DEL05-PE 
500148;2023-01-19; quinta-feira ; 21:10:00 ; PE ;232;8; RECIFE ; Pista esburacada ; Queda de ocupante de veículo ; Com Vítimas Feridas ; Plena Noite ; Crescente ; Chuva ; Dupla ; Não Informado ; Sim ;1;0;0;1;0;0;1;1;-8,07583727;-34,97015791; SPRF-PE ; DEL01-PE ; UOP01-DEL01-PE 