 id ; data_inversa ; dia_semana ; horario ; uf ; br ; km ; municipio ; causa_acidente ; tipo_acidente ; classificacao_acidente ; fase_dia ; sentido_via ; condicao_metereologica ; tipo_pista ; tracado_via ; uso_solo ; pessoas ; mortos ; feridos_leves ; feridos_graves ; ilesos ; ignorados ; feridos ; veiculos ; latitude ; longitude ; regional ; delegacia ; uop 
500150;2023-01-19; quinta-feira ; 19:15:00 ; MA ;230;392,5; BALSAS ; Reação tardia ou ineficiente do condutor ; Saída de leito carroçável ; Com Vítimas Feridas ; Plena Noite ; Crescente ; Céu Claro ; Simples ; Não Informado ; Não ;2;0;1;0;1;0;1;1;-7,42543797;-45,99905408; SPRF-MA ; DEL05-MA ; UOP01-DEL05-MA 
500151;2023-01-19; quinta-feira ; 19:35:00 ; MS ;163;620; SAO GABRIEL DO OESTE ; Reação tardia ou ineficiente do condutor ; Tombamento ; Com Vítimas Feridas ; Plena Noite ; Decrescente ; Céu Claro ; Dupla ; Reta ; Sim ;2;0;2;0;0;0;2;1;-19,35975019;-54,58968631; SPRF-MS ; DEL06-MS ; UOP02-DEL06-MS 
500152;2023-01-19; quinta-feira ; 22:20:00 ; RS ;116;245; SAO LEOPOLDO ; Reação tardia ou ineficiente do condutor ; Colisão transversal ; Com Vítimas Feridas ; Plena Noite ; Crescente ; Nublado ; Dupla ; Reta ; Sim ;3;0;2;0;1;0;2;2;-29,74980902;-51,15125361; SPRF-RS ; DEL01-RS ; UOP02-DEL01-RS 
500154;2023-01-19; quinta-feira ; 22:15:00 ; PE ;101;48; ABREU E LIMA ; Acessar a via sem observar a presença dos outros veículos ; Colisão transversal ; Com Vítimas Feridas ; Plena Noite ; Decrescente ; Céu Claro ; Múltipla ; Reta ; Sim ;2;0;1;0;1;0;1;2;-7,896651;-34,902625; SPRF-PE ; DEL01-PE ; UOP02-DEL01-PE 
500156;2023-01-19; quinta-feira ; 22:10:00 ; RS ;116;119; SAO MARCOS ; Ingestão de álcool pelo condutor ; Saída de leito carroçável ; Sem Vítimas ; Plena Noite ; Decrescente ; Céu Claro ; Simples ; Curva ; Não ;2;0;0;0;1;1;0;1;-28,9961971;-51,07362295; SPRF-RS ; DEL05-RS ; UOP01-DEL05-RS 
500157;2023-01-19; quinta-feira ; 21:24:00 ; RN ;101;109; PARNAMIRIM ; Velocidade Incompatível ; Colisão frontal ; Com Vítimas Feridas ; Plena Noite ; Crescente ; Céu Claro ; Dupla ; Reta ; Sim ;2;0;0;2;0;0;2;1;-5,937378;-35,26483; SPRF-RN ; DEL01-RN ; UOP01-DEL01-RN 
500158;2023-01-19; quinta-feira ; 21:25:00 ; MS ;262;607,6; MIRANDA ; Animais na Pista ; Saída de leito carroçável ; Com Vítimas Feridas ; Plena Noite ; Decrescente ; Céu Claro ; Simples ; Reta ; Não ;5;0;2;0;3;0;2;1;-20,05195977;-56,78093371; SPRF-MS ; DEL03-MS ; UOP02-DEL03-MS 
500159;2023-01-19; quinta-feira ; 10:20:00 ; RJ ;40;113; DUQUE DE CAXIAS ; Demais falhas mecânicas ou elétricas ; Incêndio ; Sem Vítimas ; Plena Noite ; Decrescente ; Céu Claro ; Múltipla ; Não Informado ; Sim ;1;0;0;0;1;0;0;1;-22,70948502;-43,29040354; SPRF-RJ ; DEL01-RJ ; UOP01-DEL01-RJ 
500163;2023-01-19; quinta-feira ; 23:10:00 ; RN ;304;295,8; MACAIBA ; Transitar na contramão ; Colisão frontal ; Com Vítimas Feridas ; Pleno dia ; Crescente ; Nublado ; Simples ; Desvio Temporário ; Não ;2;0;1;0;1;0;1;2;-5,86605927;-35,35822096; SPRF-RN ; DEL01-RN ; UOP02-DEL01-RN 
500166;2023-01-20; sexta-feira ; 00:20:00 ; GO ;153;559; PIRACANJUBA ; Ausência de reação do condutor ; Saída de leito carroçável ; Com Vítimas Feridas ; Plena Noite ; Decrescente ; Céu Claro ; Dupla ; Reta ; Não ;1;0;1;0;0;0;1;1;-17,2115;-49,2226; SPRF-GO ; DEL03-GO ; UOP01-DEL03-GO 
500167;2023-01-19; quinta-feira ; 23:40:00 ; SC ;101;199,8; SAO JOSE ; Acessar a via sem observar a presença dos outros veículos ; Colisão transversal ; Com Vítimas Feridas ; Plena Noite ; Crescente ; Chuva ; Múltipla ; Interseção de vias ; Sim ;2;0;0;1;1;0;1;2;-27,53797597;-48,62549901; SPRF-SC ; DEL01-SC ; UOP01-DEL01-SC 
500168;2023-01-19; quinta-feira ; 21:20:00 ; MG ;40;82,6; PARACATU ; Transitar na contramão ; Colisão frontal ; Com Vítimas Feridas ; Plena Noite ; Crescente ; Céu Claro ; Simples ; Reta ; Não ;7;0;4;2;1;0;6;2;-17,46980649;-46,64389174; SPRF-MG ; DEL14-MG ; UOP01-DEL14-MG 
500170;2023-01-19; quinta-feira ; 23:00:00 ; RO ;425;99; NOVA MAMORE ; Reação tardia ou ineficiente do condutor ; Colisão transversal ; Com Vítimas Feridas ; Plena Noite ; Crescente ; Céu Claro ; Dupla ; Não Informado ; Sim ;2;0;2;0;0;0;2;2;-10,403116;-65,32756; SPRF-RO ; DEL01-RO ; UOP03-DEL01-RO 
500173;2023-01-20; sexta-feira ; 01:06:00 ; RS ;470;189,1; VERANOPOLIS ; Reação tardia ou ineficiente do condutor ; Saída de leito carroçável ; Com Vítimas Feridas ; Plena Noite ; Crescente ; Céu Claro ; Simples ; Curva ; Não ;1;0;1;0;0;0;1;1;-29,01620401;-51,56173297; SPRF-RS ; DEL06-RS ; UOP02-DEL06-RS 
500174;2023-01-19; quinta-feira ; 20:15:00 ; SP ;116;516; CAJATI ; Reação tardia ou ineficiente do condutor ; Capotamento ; Com Vítimas Feridas ; Plena Noite ; Decrescente ; Chuva ; Simples ; Não Informado ; Não ;3;0;1;0;2;0;1;1;-24,87423036;-48,2190838; SPRF-SP ; DEL05-SP ; UOP02-DEL05-SP 
500175;2023-01-20; sexta-feira ; 00:15:00 ; MG ;251;492,5; FRANCISCO SA ; Chuva ; Saída de leito carroçável ; Com Vítimas Feridas ; Plena Noite ; Crescente ; Chuva ; Simples ; Não Informado ; Não ;22;0;6;0;15;1;6;1;-16,54433804;-43,59543496; SPRF-MG ; DEL12-MG ; UOP01-DEL12-MG 
500177;2023-01-20; sexta-feira ; 02:00:00 ; SC ;101;208; SAO JOSE ; Pista Escorregadia ; Eventos atípicos ; Com Vítimas Feridas ; Plena Noite ; Crescente ; Chuva ; Múltipla ; Não Informado ; Sim ;1;0;1;0;0;0;1;1;-27,60327979;-48,63201818; SPRF-SC ; DEL01-SC ; UOP01-DEL01-SC 
500178;2023-01-20; sexta-feira ; 01:20:00 ; PI ;343;310,7; ALTOS ; Ausência de reação do condutor ; Saída de leito carroçável ; Sem Vítimas ; Plena Noite ; Crescente ; Chuva ; Simples ; Reta ; Sim ;1;0;0;0;1;0;0;1;-5,040502;-42,485443; SPRF-PI ; DEL01-PI ; UOP01-DEL01-PI 
500180;2023-01-20; sexta-feira ; 03:30:00 ; SP ;116;229; SAO PAULO ; Pedestre cruzava a pista fora da faixa ; Atropelamento de Pedestre ; Com Vítimas Fatais ; Plena Noite ; Decrescente ; Vento ; Dupla ; Reta ; Sim ;3;1;1;0;1;0;1;1;-23,51291902;-46,57604698; SPRF-SP ; DEL01-SP ; UOP01-DEL01-SP 
500181;2023-01-20; sexta-feira ; 05:20:00 ; RJ ;116;8; SAPUCAIA ; Reação tardia ou ineficiente do condutor ; Queda de ocupante de veículo ; Com Vítimas Feridas ; Pleno dia ; Decrescente ; Garoa/Chuvisco ; Simples ; Curva ; Não ;1;0;1;0;0;0;1;1;-21,92330167;-42,7007131; SPRF-RJ ; DEL04-RJ ; UOP02-DEL04-RJ 
500183;2023-01-20; sexta-feira ; 06:00:00 ; PR ;376;168; MARINGA ; Ausência de reação do condutor ; Saída de leito carroçável ; Com Vítimas Feridas ; Pleno dia ; Decrescente ; Céu Claro ; Dupla ; Reta ; Não ;1;0;0;1;0;0;1;1;-23,409788;-51,987453; SPRF-PR ; DEL09-PR ; UOP01-DEL09-PR 
500185;2023-01-20; sexta-feira ; 05:20:00 ; GO ;60;373; RIO VERDE ; Ausência de reação do condutor ; Saída de leito carroçável ; Com Vítimas Fatais ; Amanhecer ; Decrescente ; Céu Claro ; Dupla ; Não Informado ; Sim ;1;1;0;0;0;0;0;1;-17,7116;-50,8524; SPRF-GO ; DEL04-GO ; UOP02-DEL04-GO 
500186;2023-01-19; quinta-feira ; 23:00:00 ; RS ;471;188,3; RIO PARDO ; Animais na Pista ; Atropelamento de Animal ; Sem Vítimas ; Plena Noite ; Decrescente ; Céu Claro ; Simples ; Curva ; Não ;3;0;0;0;3;0;0;1;-30,148029;-52,373077; SPRF-RS ; DEL02-RS ; UOP03-DEL02-RS 
500187;2023-01-20; sexta-feira ; 04:55:00 ; SC ;101;210; SAO JOSE ; Acumulo de água sobre o pavimento ; Colisão com objeto ; Com Vítimas Feridas ; Plena Noite ; Crescente ; Chuva ; Múltipla ; Não Informado ; Sim ;2;0;2;0;0;0;2;1;-27,6167305;-48,6457265; SPRF-SC ; DEL01-SC ; UOP01-DEL01-SC 
500188;2023-01-20; sexta-feira ; 01:00:00 ; SC ;101;92; BARRA VELHA ; Demais falhas mecânicas ou elétricas ; Saída de leito carroçável ; Com Vítimas Feridas ; Plena Noite ; Decrescente ; Nublado ; Dupla ; Reta ; Sim ;2;0;1;0;1;0;1;1;-26,68633365;-48,69513452; SPRF-SC ; DEL03-SC ; UOP02-DEL03-SC 
500189;2023-01-20; sexta-feira ; 05:10:00 ; RJ ;116;251,9; PIRAI ; Pedestre cruzava a pista fora da faixa ; Atropelamento de Pedestre ; Com Vítimas Fatais ; Amanhecer ; Decrescente ; Céu Claro ; Dupla ; Reta ; Sim ;3;1;0;0;2;0;0;2;-22,58482223;-43,95961921; SPRF-RJ ; DEL07-RJ ; UOP01-DEL07-RJ 
500190;2023-01-14; sábado ; 20:20:00 ; RS ;116;0,2; PORTO ALEGRE ; Reação tardia ou ineficiente do condutor ; Colisão traseira ; Com Vítimas Feridas ; Anoitecer ; Decrescente ; Céu Claro ; Múltipla ; Não Informado ; Sim ;2;0;1;0;1;0;1;2;-29,9750581;-51,17796269; SPRF-RS ; DEL01-RS ; UOP01-DEL01-RS 
500191;2023-01-09; segunda-feira ; 07:50:00 ; PI ;316;27; DEMERVAL LOBAO ; Reação tardia ou ineficiente do condutor ; Colisão transversal ; Com Vítimas Feridas ; Pleno dia ; Decrescente ; Nublado ; Simples ; Reta ; Não ;7;0;2;3;1;1;5;2;-5,30982304;-42,70451509; SPRF-PI ; DEL01-PI ; UOP02-DEL01-PI 
500194;2023-01-20; sexta-feira ; 07:25:00 ; SC ;282;17,1; SANTO AMARO DA IMPERATRIZ ; Ausência de reação do condutor ; Colisão lateral mesmo sentido ; Com Vítimas Feridas ; Pleno dia ; Decrescente ; Nublado ; Simples ; Reta ; Sim ;3;0;2;0;1;0;2;2;-27,665707;-48,688065; SPRF-SC ; DEL01-SC ; UOP02-DEL01-SC 
500195;2023-01-20; sexta-feira ; 06:50:00 ; MG ;381;488; BETIM ; Ausência de reação do condutor ; Colisão traseira ; Com Vítimas Feridas ; Pleno dia ; Decrescente ; Céu Claro ; Dupla ; Reta ; Não ;3;0;2;0;1;0;2;2;-19,9598656;-44,15489715; SPRF-MG ; DEL01-MG ; UOP03-DEL01-MG 
500196;2023-01-20; sexta-feira ; 06:58:00 ; PR ;277;575,7; CASCAVEL ; Ausência de reação do condutor ; Colisão com objeto ; Com Vítimas Feridas ; Pleno dia ; Decrescente ; Sol ; Simples ; Reta ; Não ;1;0;1;0;0;0;1;1;-24,98980793;-53,32115517; SPRF-PR ; DEL04-PR ; UOP01-DEL04-PR 
500197;2023-01-20; sexta-feira ; 07:00:00 ; MG ;381;487; BETIM ; Velocidade Incompatível ; Colisão com objeto ; Sem Vítimas ; Pleno dia ; Decrescente ; Nublado ; Dupla ; Reta ; Sim ;1;0;0;0;1;0;0;1;-19,95660328;-44,11885511; SPRF-MG ; DEL01-MG ; UOP03-DEL01-MG 
500199;2023-01-20; sexta-feira ; 06:21:00 ; MS ;163;330; RIO BRILHANTE ; Ausência de reação do condutor ; Saída de leito carroçável ; Com Vítimas Feridas ; Pleno dia ; Crescente ; Céu Claro ; Simples ; Reta ; Não ;1;0;1;0;0;0;1;1;-21,72527713;-54,50959564; SPRF-MS ; DEL02-MS ; UOP02-DEL02-MS 
500200;2023-01-20; sexta-feira ; 07:50:00 ; SP ;153;73; SAO JOSE DO RIO PRETO ; Reação tardia ou ineficiente do condutor ; Colisão traseira ; Com Vítimas Feridas ; Pleno dia ; Decrescente ; Céu Claro ; Dupla ; Reta ; Não ;3;0;2;0;0;1;2;2;-20,87627206;-49,42004692; SPRF-SP ; DEL09-SP ; UOP01-DEL09-SP 
500203;2023-01-20; sexta-feira ; 06:55:00 ; MG ;262;497,1; MOEMA ; Velocidade Incompatível ; Saída de leito carroçável ; Com Vítimas Fatais ; Pleno dia ; Decrescente ; Chuva ; Simples ; Reta ; Não ;1;1;0;0;0;0;0;1;-19,7847365;-45,40822903; SPRF-MG ; DEL08-MG ; UOP03-DEL08-MG 
500204;2023-01-20; sexta-feira ; 08:05:00 ; DF ;20;9; BRASILIA ; Acessar a via sem observar a presença dos outros veículos ; Colisão transversal ; Com Vítimas Feridas ; Pleno dia ; Decrescente ; Sol ; Dupla ; Reta ; Sim ;2;0;1;0;1;0;1;2;-15,654671;-47,782917; SPRF-DF ; DEL02-DF ; UOP01-DEL02-DF 
500205;2023-01-20; sexta-feira ; 07:47:00 ; PE ;232;518; SALGUEIRO ; Acessar a via sem observar a presença dos outros veículos ; Colisão transversal ; Com Vítimas Feridas ; Pleno dia ; Crescente ; Céu Claro ; Simples ; Interseção de vias ; Não ;3;0;1;0;2;0;1;2;-8,06265765;-39,21404785; SPRF-PE ; DEL05-PE ; UOP01-DEL05-PE 
500206;2023-01-20; sexta-feira ; 08:00:00 ; TO ;10;437; PALMAS ; Avarias e/ou desgaste excessivo no pneu ; Tombamento ; Com Vítimas Feridas ; Pleno dia ; Crescente ; Sol ; Múltipla ; Reta ; Sim ;2;0;2;0;0;0;2;1;-10,2420550079;-48,2972529993; SPRF-TO ; DEL01-TO ; UOP03-DEL01-TO 
500207;2023-01-20; sexta-feira ; 07:35:00 ; SC ;101;158; PORTO BELO ; Acessar a via sem observar a presença dos outros veículos ; Colisão transversal ; Com Vítimas Feridas ; Pleno dia ; Decrescente ; Céu Claro ; Dupla ; Reta ; Não ;2;0;1;0;1;0;1;2;-27,19096301;-48,61259017; SPRF-SC ; DEL04-SC ; UOP03-DEL04-SC 
500209;2023-01-16; segunda-feira ; 21:40:00 ; MA ;NA;NA; IMPERATRIZ ; Pista esburacada ; Colisão com objeto ; Com Vítimas Feridas ; Plena Noite ; Não Informado ; Céu Claro ; Simples ; Reta ; Sim ;2;0;1;0;1;0;1;1;-5,52231671;-47,45557308; SPRF-MA ; DEL04-MA ; UOP01-DEL04-MA 
500210;2023-01-20; sexta-feira ; 06:55:00 ; RJ ;493;120; ITAGUAI ; Condutor deixou de manter distância do veículo da frente ; Colisão traseira ; Com Vítimas Feridas ; Pleno dia ; Crescente ; Nublado ; Dupla ; Curva ; Não ;4;0;2;0;2;0;2;2;-22,87882;-43,825353; SPRF-RJ ; DEL01-RJ ; UOP04-DEL01-RJ 
500211;2023-01-20; sexta-feira ; 07:40:00 ; RS ;472;183,9; SANTO CRISTO ; Transitar na contramão ; Colisão frontal ; Com Vítimas Feridas ; Pleno dia ; Crescente ; Sol ; Simples ; Não Informado ; Não ;2;0;1;0;1;0;1;2;-27,83998265;-54,58295594; SPRF-RS ; DEL10-RS ; UOP01-DEL10-RS 
500212;2023-01-20; sexta-feira ; 08:55:00 ; PE ;101;68,1; RECIFE ; Condutor deixou de manter distância do veículo da frente ; Colisão traseira ; Sem Vítimas ; Pleno dia ; Decrescente ; Céu Claro ; Múltipla ; Não Informado ; Sim ;2;0;0;0;2;0;0;2;-8,05074296;-34,94580619; SPRF-PE ; DEL01-PE ; UOP01-DEL01-PE 
500213;2023-01-20; sexta-feira ; 06:30:00 ; RN ;304;226; RIACHUELO ; Ingestão de álcool pelo condutor ; Tombamento ; Com Vítimas Feridas ; Pleno dia ; Crescente ; Sol ; Simples ; Curva ; Não ;1;0;1;0;0;0;1;1;-5,74738757;-35,93748093; SPRF-RN ; DEL01-RN ; UOP03-DEL01-RN 
500214;2023-01-20; sexta-feira ; 07:00:00 ; RJ ;40;113; DUQUE DE CAXIAS ; Avarias e/ou desgaste excessivo no pneu ; Queda de ocupante de veículo ; Com Vítimas Feridas ; Pleno dia ; Crescente ; Céu Claro ; Múltipla ; Reta ; Não ;2;0;2;0;0;0;2;1;-22,70948502;-43,29040354; SPRF-RJ ; DEL01-RJ ; UOP01-DEL01-RJ 
500218;2023-01-20; sexta-feira ; 09:30:00 ; MG ;381;742,8; TRES CORACOES ; Manobra de mudança de faixa ; Colisão lateral mesmo sentido ; Com Vítimas Feridas ; Pleno dia ; Decrescente ; Chuva ; Dupla ; Não Informado ; Não ;5;0;1;0;4;0;1;2;-21,6053414;-45,24066481; SPRF-MG ; DEL16-MG ; UOP02-DEL16-MG 
500220;2023-01-20; sexta-feira ; 09:40:00 ; MG ;381;482,6; CONTAGEM ; Ausência de reação do condutor ; Colisão lateral mesmo sentido ; Com Vítimas Feridas ; Pleno dia ; Crescente ; Céu Claro ; Dupla ; Não Informado ; Sim ;3;0;2;0;1;0;2;2;-19,95882786;-44,06993866; SPRF-MG ; DEL01-MG ; UOP03-DEL01-MG 
500222;2023-01-20; sexta-feira ; 10:00:00 ; SP ;116;217; GUARULHOS ; Manobra de mudança de faixa ; Colisão lateral mesmo sentido ; Sem Vítimas ; Pleno dia ; Crescente ; Céu Claro ; Múltipla ; Reta ; Não ;2;0;0;0;2;0;0;2;-23,45465572;-46,47254212; SPRF-SP ; DEL01-SP ; UOP01-DEL01-SP 
500223;2023-01-20; sexta-feira ; 06:15:00 ; MA ;222;675; ACAILANDIA ; Desrespeitar a preferência no cruzamento ; Colisão transversal ; Com Vítimas Feridas ; Amanhecer ; Crescente ; Céu Claro ; Simples ; Interseção de vias ; Sim ;2;0;1;0;1;0;1;2;-4,93859094;-47,46131504; SPRF-MA ; DEL04-MA ; UOP03-DEL04-MA 
500224;2023-01-20; sexta-feira ; 10:30:00 ; SC ;101;57,9; ARAQUARI ; Reação tardia ou ineficiente do condutor ; Saída de leito carroçável ; Com Vítimas Feridas ; Pleno dia ; Crescente ; Chuva ; Dupla ; Reta ; Não ;2;0;2;0;0;0;2;1;-26,43929795;-48,80264282; SPRF-SC ; DEL03-SC ; UOP01-DEL03-SC 
500226;2023-01-20; sexta-feira ; 10:15:00 ; RJ ;101;410; ITAGUAI ; Trafegar com motocicleta (ou similar) entre as faixas ; Colisão transversal ; Com Vítimas Feridas ; Pleno dia ; Crescente ; Nublado ; Dupla ; Reta ; Sim ;9;0;2;0;7;0;2;3;-22,88990471;-43,84007225; SPRF-RJ ; DEL01-RJ ; UOP04-DEL01-RJ 
500228;2023-01-20; sexta-feira ; 11:10:00 ; TO ;10;431; PALMAS ; Acessar a via sem observar a presença dos outros veículos ; Colisão traseira ; Com Vítimas Feridas ; Pleno dia ; Crescente ; Céu Claro ; Múltipla ; Não Informado ; Sim ;4;0;2;0;2;0;2;2;-10,26420619;-48,3080205; SPRF-TO ; DEL01-TO ; UOP03-DEL01-TO 
500230;2023-01-19; quinta-feira ; 23:30:00 ; RN ;405;168,4; MARCELINO VIEIRA ; Reação tardia ou ineficiente do condutor ; Saída de leito carroçável ; Com Vítimas Fatais ; Plena Noite ; Crescente ; Céu Claro ; Simples ; Desvio Temporário ; Não ;1;1;0;0;0;0;0;1;-6,2582317;-38,2489522; SPRF-RN ; DEL04-RN ; UOP02-DEL04-RN 
500231;2023-01-20; sexta-feira ; 10:50:00 ; CE ;116;5; FORTALEZA ; Mal súbito do condutor ; Saída de leito carroçável ; Com Vítimas Feridas ; Pleno dia ; Crescente ; Chuva ; Simples ; Reta ; Não ;1;0;1;0;0;0;1;1;-3,79467116;-38,50772734; SPRF-CE ; DEL01-CE ; UOP02-DEL01-CE 
500234;2023-01-20; sexta-feira ; 11:00:00 ; AL ;101;114; PILAR ; Velocidade Incompatível ; Saída de leito carroçável ; Com Vítimas Feridas ; Pleno dia ; Crescente ; Sol ; Dupla ; Não Informado ; Não ;1;0;1;0;0;0;1;1;-9,63663301;-36,03046002; SPRF-AL ; DEL02-AL ; UOP01-DEL02-AL 
500235;2023-01-20; sexta-feira ; 12:30:00 ; PR ;376;681; GUARATUBA ; Ausência de reação do condutor ; Capotamento ; Com Vítimas Feridas ; Pleno dia ; Crescente ; Céu Claro ; Dupla ; Curva ; Não ;2;0;1;0;1;0;1;1;-25,96596616;-48,89663319; SPRF-PR ; DEL01-PR ; UOP04-DEL01-PR 
500236;2023-01-20; sexta-feira ; 12:30:00 ; SE ;101;25; MURIBECA ; Pista Escorregadia ; Colisão com objeto ; Com Vítimas Feridas ; Pleno dia ; Crescente ; Nublado ; Dupla ; Reta ; Não ;4;0;2;0;2;0;2;1;-10,4049654;-36,91875769; SPRF-SE ; DEL02-SE ; UOP02-DEL02-SE 
500237;2023-01-20; sexta-feira ; 11:30:00 ; MT ;163;1046; MATUPA ; Restrição de visibilidade em curvas horizontais ; Colisão transversal ; Com Vítimas Feridas ; Pleno dia ; Crescente ; Nublado ; Simples ; Não Informado ; Não ;4;0;1;0;3;0;1;2;-10,13143369;-54,93147634; SPRF-MT ; DEL06-MT ; UOP03-DEL06-MT 
500238;2023-01-20; sexta-feira ; 13:10:00 ; RS ;116;264; CANOAS ; Demais falhas mecânicas ou elétricas ; Eventos atípicos ; Com Vítimas Feridas ; Pleno dia ; Crescente ; Céu Claro ; Dupla ; Reta ; Sim ;2;0;1;0;0;1;1;1;-29,914435;-51,17754495; SPRF-RS ; DEL01-RS ; UOP01-DEL01-RS 
500240;2023-01-20; sexta-feira ; 13:00:00 ; RS ;287;385; SANTIAGO ; Animais na Pista ; Atropelamento de Animal ; Sem Vítimas ; Pleno dia ; Crescente ; Chuva ; Simples ; Não Informado ; Não ;3;0;0;0;3;0;0;1;-29,27152595;-54,80106096; SPRF-RS ; DEL12-RS ; UOP02-DEL12-RS 
500241;2023-01-20; sexta-feira ; 11:07:00 ; RJ ;116;177; SAO JOAO DE MERITI ; Condutor Dormindo ; Colisão transversal ; Com Vítimas Feridas ; Pleno dia ; Crescente ; Céu Claro ; Dupla ; Reta ; Sim ;2;0;1;0;1;0;1;2;-22,78055198;-43,39208599; SPRF-RJ ; DEL01-RJ ; UOP02-DEL01-RJ 
500243;2023-01-20; sexta-feira ; 12:30:00 ; MG ;381;923,5; CAMANDUCAIA ; Reação tardia ou ineficiente do condutor ; Colisão com objeto ; Com Vítimas Feridas ; Pleno dia ; Decrescente ; Chuva ; Dupla ; Curva ; Não ;1;0;1;0;0;0;1;1;-22,7671484;-46,22667493; SPRF-MG ; DEL16-MG ; UOP03-DEL16-MG 
500245;2023-01-20; sexta-feira ; 13:05:00 ; PB ;230;23; JOAO PESSOA ; Ausência de reação do condutor ; Tombamento ; Com Vítimas Feridas ; Pleno dia ; Decrescente ; Céu Claro ; Dupla ; Não Informado ; Sim ;1;0;1;0;0;0;1;1;-7,1562;-34,8574; SPRF-PB ; DEL01-PB ; UOP01-DEL01-PB 
500246;2023-01-20; sexta-feira ; 13:10:00 ; BA ;101;507; ITABUNA ; Transitar na contramão ; Colisão frontal ; Com Vítimas Feridas ; Pleno dia ; Decrescente ; Sol ; Simples ; Reta ; Sim ;2;0;0;2;0;0;2;2;-14,811104;-39,29733; SPRF-BA ; DEL05-BA ; UOP01-DEL05-BA 
500247;2023-01-20; sexta-feira ; 11:50:00 ; RJ ;101;485; ANGRA DOS REIS ; Acessar a via sem observar a presença dos outros veículos ; Colisão transversal ; Com Vítimas Feridas ; Pleno dia ; Crescente ; Nublado ; Simples ; Curva ; Sim ;2;0;0;2;0;0;2;2;-22,98573526;-44,29709764; SPRF-RJ ; DEL03-RJ ; UOP02-DEL03-RJ 
500248;2023-01-20; sexta-feira ; 13:15:00 ; RJ ;40;105; DUQUE DE CAXIAS ; Condutor Dormindo ; Colisão lateral mesmo sentido ; Com Vítimas Feridas ; Pleno dia ; Decrescente ; Nublado ; Dupla ; Reta ; Sim ;3;0;1;0;2;0;1;2;-22,63784806;-43,28428824; SPRF-RJ ; DEL01-RJ ; UOP01-DEL01-RJ 
500249;2023-01-20; sexta-feira ; 11:45:00 ; MG ;40;513; RIBEIRAO DAS NEVES ; Ausência de reação do condutor ; Colisão traseira ; Sem Vítimas ; Pleno dia ; Crescente ; Nublado ; Dupla ; Reta ; Sim ;3;0;0;0;3;0;0;2;-19,7970544;-44,1080512; SPRF-MG ; DEL01-MG ; UOP02-DEL01-MG 
500252;2023-01-20; sexta-feira ; 13:55:00 ; MG ;262;35; MANHUACU ; Condutor deixou de manter distância do veículo da frente ; Atropelamento de Pedestre ; Com Vítimas Feridas ; Pleno dia ; Crescente ; Nublado ; Simples ; Curva ; Sim ;2;0;1;0;1;0;1;1;-20,2592562;-42,01698194; SPRF-MG ; DEL06-MG ; UOP03-DEL06-MG 
500253;2023-01-20; sexta-feira ; 14:00:00 ; CE ;222;4; CAUCAIA ; Condutor deixou de manter distância do veículo da frente ; Colisão traseira ; Com Vítimas Feridas ; Pleno dia ; Decrescente ; Céu Claro ; Múltipla ; Reta ; Sim ;2;0;1;0;1;0;1;2;-3,74164754;-38,60449792; SPRF-CE ; DEL01-CE ; UOP01-DEL01-CE 
500255;2023-01-20; sexta-feira ; 13:35:00 ; RJ ;101;307; SAO GONCALO ; Ausência de reação do condutor ; Colisão traseira ; Com Vítimas Feridas ; Pleno dia ; Decrescente ; Céu Claro ; Dupla ; Reta ; Sim ;2;0;1;0;1;0;1;2;-22,79115777;-43,01514205; SPRF-RJ ; DEL02-RJ ; UOP02-DEL02-RJ 
500256;2023-01-20; sexta-feira ; 14:35:00 ; PR ;373;175,5; PONTA GROSSA ; Velocidade Incompatível ; Colisão com objeto ; Sem Vítimas ; Pleno dia ; Crescente ; Céu Claro ; Dupla ; Curva ; Sim ;1;0;0;0;1;0;0;1;-25,06728094;-50,21211882; SPRF-PR ; DEL03-PR ; UOP01-DEL03-PR 
500258;2023-01-20; sexta-feira ; 12:30:00 ; AL ;101;227; PORTO REAL DO COLEGIO ; Chuva ; Saída de leito carroçável ; Sem Vítimas ; Pleno dia ; Decrescente ; Chuva ; Dupla ; Reta ; Não ;2;0;0;0;0;2;0;1;-10,10414044;-36,71229046; SPRF-AL ; DEL02-AL ; UOP02-DEL02-AL 
500259;2023-01-20; sexta-feira ; 14:30:00 ; SC ;101;206,3; FLORIANOPOLIS ; Trafegar com motocicleta (ou similar) entre as faixas ; Engavetamento ; Com Vítimas Feridas ; Pleno dia ; Crescente ; Céu Claro ; Múltipla ; Reta ; Não ;3;0;2;0;1;0;2;3;-27,59193546;-48,61824557; SPRF-SC ; DEL01-SC ; UOP01-DEL01-SC 
500262;2023-01-20; sexta-feira ; 12:00:00 ; BA ;116;208; EUCLIDES DA CUNHA ; Ausência de reação do condutor ; Saída de leito carroçável ; Com Vítimas Feridas ; Pleno dia ; Crescente ; Céu Claro ; Simples ; Reta ; Não ;6;0;3;0;3;0;3;1;-10,48574586;-39,01761064; SPRF-BA ; DEL07-BA ; UOP02-DEL07-BA 
500263;2023-01-20; sexta-feira ; 14:00:00 ; CE ;20;296,8; CANINDE ; Chuva ; Colisão com objeto ; Com Vítimas Feridas ; Pleno dia ; Decrescente ; Chuva ; Simples ; Curva ; Não ;2;0;1;0;1;0;1;1;-4,44744398;-39,33936102; SPRF-CE ; DEL02-CE ; UOP01-DEL02-CE 