 id ; data_inversa ; dia_semana ; horario ; uf ; br ; km ; municipio ; causa_acidente ; tipo_acidente ; classificacao_acidente ; fase_dia ; sentido_via ; condicao_metereologica ; tipo_pista ; tracado_via ; uso_solo ; pessoas ; mortos ; feridos_leves ; feridos_graves ; ilesos ; ignorados ; feridos ; veiculos ; latitude ; longitude ; regional ; delegacia ; uop 
500264;2023-01-20; sexta-feira ; 11:45:00 ; PR ;369;178,8; ARAPONGAS ; Ausência de reação do condutor ; Colisão com objeto ; Com Vítimas Feridas ; Pleno dia ; Crescente ; Sol ; Dupla ; Reta ; Sim ;1;0;0;1;0;0;1;1;-23,356104;-51,393954; SPRF-PR ; DEL07-PR ; UOP01-DEL07-PR 
500266;2023-01-20; sexta-feira ; 12:24:00 ; SC ;282;155; BOM RETIRO ; Condutor deixou de manter distância do veículo da frente ; Colisão traseira ; Com Vítimas Feridas ; Pleno dia ; Crescente ; Céu Claro ; Simples ; Reta ; Não ;3;0;1;0;2;0;1;2;-27,75168;-49,707371; SPRF-SC ; DEL05-SC ; UOP01-DEL05-SC 
500267;2023-01-20; sexta-feira ; 15:00:00 ; ES ;101;71; SAO MATEUS ; Acesso irregular ; Colisão lateral mesmo sentido ; Com Vítimas Feridas ; Pleno dia ; Crescente ; Sol ; Simples ; Reta ; Não ;2;0;1;0;1;0;1;2;-18,753513;-39,862598; SPRF-ES ; DEL04-ES ; UOP02-DEL04-ES 
500268;2023-01-20; sexta-feira ; 14:15:00 ; RJ ;116;314; RESENDE ; Demais falhas mecânicas ou elétricas ; Colisão com objeto ; Com Vítimas Feridas ; Pleno dia ; Crescente ; Nublado ; Dupla ; Reta ; Não ;1;0;1;0;0;0;1;1;-22,46045833;-44,47218299; SPRF-RJ ; DEL07-RJ ; UOP02-DEL07-RJ 
500269;2023-01-20; sexta-feira ; 15:20:00 ; MG ;381;480; CONTAGEM ; Velocidade Incompatível ; Tombamento ; Com Vítimas Feridas ; Pleno dia ; Decrescente ; Chuva ; Múltipla ; Não Informado ; Sim ;1;0;1;0;0;0;1;1;-19,95749597;-44,07899901; SPRF-MG ; DEL01-MG ; UOP03-DEL01-MG 
500270;2023-01-20; sexta-feira ; 08:00:00 ; PE ;232;113; BEZERROS ; Entrada inopinada do pedestre ; Atropelamento de Pedestre ; Com Vítimas Feridas ; Pleno dia ; Decrescente ; Sol ; Dupla ; Reta ; Sim ;2;0;0;1;1;0;1;1;-8,29906533;-35,8402169; SPRF-PE ; DEL02-PE ; UOP02-DEL02PE 
500271;2023-01-20; sexta-feira ; 15:30:00 ; SC ;101;203,3; SAO JOSE ; Acessar a via sem observar a presença dos outros veículos ; Colisão lateral mesmo sentido ; Sem Vítimas ; Pleno dia ; Decrescente ; Céu Claro ; Múltipla ; Reta ; Sim ;2;0;0;0;2;0;0;2;-27,5650044;-48,61460082; SPRF-SC ; DEL01-SC ; UOP01-DEL01-SC 
500276;2023-01-20; sexta-feira ; 16:00:00 ; SC ;101;204,7; SAO JOSE ; Manobra de mudança de faixa ; Queda de ocupante de veículo ; Com Vítimas Feridas ; Pleno dia ; Crescente ; Céu Claro ; Dupla ; Reta ; Sim ;1;0;1;0;0;0;1;1;-27,57413014;-48,61363083; SPRF-SC ; DEL01-SC ; UOP01-DEL01-SC 
500280;2023-01-20; sexta-feira ; 16:15:00 ; PE ;101;72,2; RECIFE ; Acessar a via sem observar a presença dos outros veículos ; Colisão transversal ; Com Vítimas Feridas ; Pleno dia ; Crescente ; Sol ; Simples ; Reta ; Sim ;3;0;2;0;1;0;2;2;-8,08493106;-34,9450639; SPRF-PE ; DEL01-PE ; UOP01-DEL01-PE 
500281;2023-01-04; quarta-feira ; 20:00:00 ; SC ;101;123,4; ITAJAI ; Ausência de reação do condutor ; Colisão traseira ; Com Vítimas Fatais ; Plena Noite ; Crescente ; Céu Claro ; Dupla ; Reta ; Não ;3;1;0;0;2;0;0;2;-26,9394589;-48,6959078; SPRF-SC ; DEL04-SC ; UOP04-DEL04-SC 
500283;2023-01-20; sexta-feira ; 16:20:00 ; RJ ;116;235; PIRAI ; Ausência de reação do condutor ; Colisão traseira ; Com Vítimas Feridas ; Pleno dia ; Crescente ; Chuva ; Dupla ; Curva ; Não ;5;0;2;0;3;0;2;3;-22,66934677;-43,85528603; SPRF-RJ ; DEL07-RJ ; UOP01-DEL07-RJ 
500287;2023-01-20; sexta-feira ; 15:00:00 ; RS ;468;100,1; TRES PASSOS ; Desrespeitar a preferência no cruzamento ; Colisão transversal ; Sem Vítimas ; Pleno dia ; Crescente ; Céu Claro ; Simples ; Não Informado ; Sim ;2;0;0;0;2;0;0;2;-27,474;-53,91921; SPRF-RS ; DEL08-RS ; UOP02-DEL08-RS 
500288;2023-01-20; sexta-feira ; 13:10:00 ; GO ;153;284; NOVA GLORIA ; Acesso irregular ; Colisão frontal ; Sem Vítimas ; Pleno dia ; Crescente ; Céu Claro ; Dupla ; Reta ; Não ;2;0;0;0;2;0;0;2;-15,162119;-49,5406; SPRF-GO ; DEL07-GO ; UOP02-DEL07-GO 
500291;2023-01-20; sexta-feira ; 13:30:00 ; SC ;282;547; NOVA ITABERABA ; Acessar a via sem observar a presença dos outros veículos ; Colisão lateral mesmo sentido ; Com Vítimas Feridas ; Pleno dia ; Decrescente ; Céu Claro ; Simples ; Reta ; Não ;3;0;3;0;0;0;3;2;-26,973904;-52,745403; SPRF-SC ; DEL07-SC ; UOP01-DEL07-SC 
500292;2023-01-20; sexta-feira ; 14:00:00 ; BA ;30;362,3; BRUMADO ; Acessar a via sem observar a presença dos outros veículos ; Colisão transversal ; Com Vítimas Feridas ; Pleno dia ; Decrescente ; Céu Claro ; Simples ; Reta ; Não ;4;0;1;0;3;0;1;2;-14,23764664;-41,71360806; SPRF-BA ; DEL08-BA ; UOP01-DEL08-BA 
500296;2023-01-20; sexta-feira ; 16:45:00 ; RS ;116;242,6; SAO LEOPOLDO ; Ausência de reação do condutor ; Engavetamento ; Sem Vítimas ; Pleno dia ; Crescente ; Céu Claro ; Múltipla ; Não Informado ; Sim ;4;0;0;0;4;0;0;3;-29,72297087;-51,14858729; SPRF-RS ; DEL01-RS ; UOP02-DEL01-RS 
500297;2023-01-20; sexta-feira ; 17:21:00 ; MG ;381;489,9; BETIM ; Ausência de reação do condutor ; Colisão traseira ; Com Vítimas Feridas ; Pleno dia ; Crescente ; Chuva ; Dupla ; Reta ; Sim ;5;0;1;0;4;0;1;2;-19,95656893;-44,13714409; SPRF-MG ; DEL01-MG ; UOP03-DEL01-MG 
500298;2023-01-20; sexta-feira ; 15:55:00 ; SC ;101;87; BARRA VELHA ; Reação tardia ou ineficiente do condutor ; Colisão traseira ; Com Vítimas Feridas ; Pleno dia ; Crescente ; Céu Claro ; Dupla ; Reta ; Sim ;2;0;1;0;1;0;1;2;-26,63713377;-48,69651057; SPRF-SC ; DEL03-SC ; UOP02-DEL03-SC 
500299;2023-01-20; sexta-feira ; 17:00:00 ; PB ;104;114; LAGOA SECA ; Ausência de reação do condutor ; Colisão traseira ; Com Vítimas Feridas ; Pleno dia ; Crescente ; Céu Claro ; Simples ; Reta ; Sim ;3;0;0;1;2;0;1;2;-7,1620139;-35,85712429; SPRF-PB ; DEL02-PB ; UOP04-DEL02-PB 
500300;2023-01-20; sexta-feira ; 16:40:00 ; RN ;101;148; GOIANINHA ; Ingestão de álcool pelo condutor ; Colisão transversal ; Com Vítimas Feridas ; Pleno dia ; Decrescente ; Céu Claro ; Simples ; Reta ; Sim ;3;0;1;0;2;0;1;2;-6,27949119;-35,20490033; SPRF-RN ; DEL01-RN ; UOP01-DEL01-RN 
500301;2023-01-20; sexta-feira ; 17:00:00 ; PR ;476;136; CURITIBA ; Reação tardia ou ineficiente do condutor ; Colisão lateral mesmo sentido ; Com Vítimas Feridas ; Pleno dia ; Crescente ; Chuva ; Múltipla ; Reta ; Sim ;3;0;2;0;1;0;2;2;-25,491047;-49,271679; SPRF-PR ; DEL01-PR ; UOP03-DEL01-PR 
500304;2023-01-20; sexta-feira ; 17:20:00 ; PR ;277;1; FOZ DO IGUACU ; Acessar a via sem observar a presença dos outros veículos ; Colisão traseira ; Com Vítimas Feridas ; Pleno dia ; Crescente ; Céu Claro ; Dupla ; Interseção de vias ; Sim ;3;0;1;0;2;0;1;3;-25,5469;-54,5882; SPRF-PR ; DEL05-PR ; UOP03-DEL05-PR 
500305;2023-01-20; sexta-feira ; 14:25:00 ; RJ ;40;91; PETROPOLIS ; Ausência de reação do condutor ; Saída de leito carroçável ; Com Vítimas Feridas ; Pleno dia ; Crescente ; Céu Claro ; Simples ; Reta ; Não ;4;0;2;0;2;0;2;1;-22,550286;-43,244983; SPRF-RJ ; DEL06-RJ ; UOP02-DEL06-RJ 
500306;2023-01-20; sexta-feira ; 11:30:00 ; MG ;381;209,2; NAQUE ; Ultrapassagem Indevida ; Colisão lateral mesmo sentido ; Com Vítimas Feridas ; Pleno dia ; Crescente ; Céu Claro ; Simples ; Reta ; Não ;2;0;0;1;1;0;1;2;-19,2217212;-42,3220738; SPRF-MG ; DEL06-MG ; UOP01-DEL06-MG 
500308;2023-01-20; sexta-feira ; 17:40:00 ; GO ;153;502,1; GOIANIA ; Condutor deixou de manter distância do veículo da frente ; Colisão traseira ; Com Vítimas Feridas ; Pleno dia ; Crescente ; Nublado ; Múltipla ; Reta ; Sim ;3;0;1;0;2;0;1;2;-16,7287;-49,2424; SPRF-GO ; DEL01-GO ; UOP01-DEL01-GO 
500314;2023-01-20; sexta-feira ; 17:40:00 ; GO ;40;96; CRISTALINA ; Acessar a via sem observar a presença dos outros veículos ; Saída de leito carroçável ; Com Vítimas Feridas ; Pleno dia ; Crescente ; Céu Claro ; Simples ; Não Informado ; Não ;4;0;2;0;2;0;2;1;-16,75768;-47,601613; SPRF-DF ; DEL01-DF ; UOP04-DEL01-DF 
500315;2023-01-20; sexta-feira ; 17:45:00 ; RS ;290;418; SAO GABRIEL ; Transitar na contramão ; Colisão transversal ; Com Vítimas Feridas ; Pleno dia ; Decrescente ; Céu Claro ; Dupla ; Não Informado ; Não ;2;0;1;0;1;0;1;2;-30,35267577;-54,33292866; SPRF-RS ; DEL11-RS ; UOP02-DEL11-RS 
500316;2023-01-20; sexta-feira ; 14:00:00 ; MG ;50;175; UBERABA ; Condutor usando celular ; Capotamento ; Com Vítimas Feridas ; Pleno dia ; Decrescente ; Sol ; Simples ; Reta ; Sim ;1;0;1;0;0;0;1;1;-19,77880359;-47,9695118; SPRF-MG ; DEL13-MG ; UOP01-DEL13-MG 
500318;2023-01-22; domingo ; 08:25:00 ; AL ;101;103,2; PILAR ; Acessar a via sem observar a presença dos outros veículos ; Colisão traseira ; Com Vítimas Feridas ; Pleno dia ; Crescente ; Céu Claro ; Dupla ; Retorno Regulamentado ; Não ;5;0;1;0;3;1;1;2;-9,581803;-35,97346001; SPRF-AL ; DEL02-AL ; UOP01-DEL02-AL 
500319;2023-01-22; domingo ; 22:15:00 ; RJ ;101;275; TANGUA ; Reação tardia ou ineficiente do condutor ; Capotamento ; Sem Vítimas ; Plena Noite ; Decrescente ; Céu Claro ; Dupla ; Reta ; Sim ;1;0;0;0;1;0;0;1;-22,73653355;-42,72909106; SPRF-RJ ; DEL02-RJ ; UOP03-DEL02-RJ 
500320;2023-01-23; segunda-feira ; 04:00:00 ; RS ;386;304; POUSO NOVO ; Ausência de reação do condutor ; Colisão com objeto ; Sem Vítimas ; Plena Noite ; Decrescente ; Céu Claro ; Dupla ; Reta ; Não ;1;0;0;0;1;0;0;1;-29,178612;-52,195; SPRF-RS ; DEL04-RS ; UOP01-DEL04-RS 
500322;2023-01-22; domingo ; 11:00:00 ; GO ;60;170; GOIANIA ; Velocidade Incompatível ; Saída de leito carroçável ; Sem Vítimas ; Pleno dia ; Crescente ; Céu Claro ; Dupla ; Não Informado ; Não ;1;0;0;0;0;1;0;1;-16,7305;-49,3908; SPRF-GO ; DEL01-GO ; UOP02-DEL01-GO 
500323;2023-01-22; domingo ; 16:00:00 ; BA ;116;859; VITORIA DA CONQUISTA ; Ingestão de álcool pelo condutor ; Colisão transversal ; Com Vítimas Feridas ; Pleno dia ; Decrescente ; Nublado ; Simples ; Não Informado ; Não ;3;0;1;0;2;0;1;2;-15,11617;-41,02973; SPRF-BA ; DEL08-BA ; UOP01-DEL08-BA 
500325;2023-01-22; domingo ; 20:25:00 ; AL ;316;165,6; PALMEIRA DOS INDIOS ; Manobra de mudança de faixa ; Colisão lateral sentido oposto ; Com Vítimas Feridas ; Plena Noite ; Crescente ; Céu Claro ; Simples ; Reta ; Não ;2;0;1;0;0;1;1;2;-9,48239127;-36,57309034; SPRF-AL ; DEL03-AL ; UOP01-DEL03-AL 
500326;2023-01-21; sábado ; 07:40:00 ; RS ;285;272,2; MATO CASTELHANO ; Transitar na contramão ; Colisão frontal ; Com Vítimas Fatais ; Pleno dia ; Crescente ; Sol ; Simples ; Curva ; Sim ;3;2;0;1;0;0;1;2;-28,27864637;-52,18592763; SPRF-RS ; DEL08-RS ; UOP03-DEL08-RS 
500327;2023-01-22; domingo ; 10:58:00 ; RJ ;116;81; TERESOPOLIS ; Reação tardia ou ineficiente do condutor ; Colisão frontal ; Com Vítimas Feridas ; Pleno dia ; Decrescente ; Sol ; Simples ; Não Informado ; Não ;4;0;0;3;1;0;3;3;-22,39843405;-42,95507553; SPRF-RJ ; DEL04-RJ ; UOP01-DEL04-RJ 
500328;2023-01-22; domingo ; 11:30:00 ; RS ;392;672,5; SALVADOR DAS MISSOES ; Ingestão de álcool pelo condutor ; Saída de leito carroçável ; Com Vítimas Feridas ; Pleno dia ; Decrescente ; Sol ; Simples ; Reta ; Não ;1;0;1;0;0;0;1;1;-28,11878276;-54,82816637; SPRF-RS ; DEL10-RS ; UOP01-DEL10-RS 
500329;2023-01-22; domingo ; 16:00:00 ; ES ;101;43; SAO MATEUS ; Ingestão de álcool pelo condutor ; Colisão traseira ; Com Vítimas Feridas ; Anoitecer ; Crescente ; Garoa/Chuvisco ; Simples ; Reta ; Não ;4;0;2;0;2;0;2;2;-18,52562495;-39,91069385; SPRF-ES ; DEL04-ES ; UOP02-DEL04-ES 
500330;2023-01-22; domingo ; 17:01:00 ; AL ;316;177; BELEM ; Ausência de reação do condutor ; Colisão transversal ; Sem Vítimas ; Pleno dia ; Decrescente ; Céu Claro ; Simples ; Reta ; Sim ;6;0;0;0;6;0;0;2;-9,56791796;-36,50654692; SPRF-AL ; DEL03-AL ; UOP01-DEL03-AL 
500331;2023-01-22; domingo ; 16:10:00 ; PR ;277;269,3; PRUDENTOPOLIS ; Reação tardia ou ineficiente do condutor ; Saída de leito carroçável ; Com Vítimas Feridas ; Pleno dia ; Decrescente ; Céu Claro ; Simples ; Reta ; Não ;4;0;2;0;2;0;2;1;-25,39075669;-50,81768392; SPRF-PR ; DEL08-PR ; UOP02-DEL08-PR 
500333;2023-01-22; domingo ; 09:45:00 ; MS ;262;658; MIRANDA ; Reação tardia ou ineficiente do condutor ; Colisão traseira ; Com Vítimas Feridas ; Pleno dia ; Decrescente ; Céu Claro ; Simples ; Reta ; Não ;4;0;3;0;1;0;3;2;-19,65883311;-57,0213692; SPRF-MS ; DEL03-MS ; UOP02-DEL03-MS 
500334;2023-01-22; domingo ; 21:50:00 ; RJ ;101;278; TANGUA ; Ausência de reação do condutor ; Colisão traseira ; Com Vítimas Feridas ; Plena Noite ; Decrescente ; Céu Claro ; Dupla ; Reta ; Não ;2;0;1;0;1;0;1;2;-22,74024136;-42,75799897; SPRF-RJ ; DEL02-RJ ; UOP03-DEL02-RJ 
500335;2023-01-22; domingo ; 21:57:00 ; BA ;324;520,6; FEIRA DE SANTANA ; Pedestre andava na pista ; Atropelamento de Pedestre ; Com Vítimas Feridas ; Plena Noite ; Decrescente ; Céu Claro ; Dupla ; Reta ; Não ;2;0;0;1;0;1;1;1;-12,27376054;-38,93366564; SPRF-BA ; DEL01-BA ; UOP03-DEL01-BA 
500337;2023-01-22; domingo ; 10:20:00 ; SC ;101;235,6; PALHOCA ; Demais falhas mecânicas ou elétricas ; Colisão com objeto ; Com Vítimas Feridas ; Pleno dia ; Crescente ; Nublado ; Dupla ; Reta ; Não ;2;0;0;2;0;0;2;1;-27,8177775;-48,6315025; SPRF-SC ; DEL01-SC ; UOP02-DEL01-SC 
500338;2023-01-22; domingo ; 13:00:00 ; RJ ;40;121; DUQUE DE CAXIAS ; Acumulo de óleo sobre o pavimento ; Queda de ocupante de veículo ; Com Vítimas Feridas ; Pleno dia ; Crescente ; Céu Claro ; Dupla ; Reta ; Não ;1;0;1;0;0;0;1;1;-22,78185499;-43,28571273; SPRF-RJ ; DEL01-RJ ; UOP01-DEL01-RJ 
500341;2023-01-21; sábado ; 09:00:00 ; ES ;101;203,4; JOAO NEIVA ; Condutor Dormindo ; Colisão com objeto ; Com Vítimas Feridas ; Pleno dia ; Crescente ; Céu Claro ; Simples ; Reta ; Não ;3;0;1;0;2;0;1;1;-19,74528204;-40,37619889; SPRF-ES ; DEL04-ES ; UOP01-DEL04-ES 
500343;2023-01-20; sexta-feira ; 19:30:00 ; PE ;423;50; LAJEDO ; Transitar na contramão ; Colisão frontal ; Com Vítimas Fatais ; Plena Noite ; Crescente ; Céu Claro ; Simples ; Curva ; Não ;3;1;2;0;0;0;2;2;-8,57335227;-36,28367654; SPRF-PE ; DEL03-PE ; UOP01-DEL03-PE 
500344;2023-01-22; domingo ; 19:39:00 ; MG ;40;822,4; SIMAO PEREIRA ; Animais na Pista ; Atropelamento de Animal ; Com Vítimas Fatais ; Plena Noite ; Decrescente ; Chuva ; Dupla ; Reta ; Não ;4;1;0;1;1;1;1;3;-21,95323782;-43,3008627; SPRF-MG ; DEL05-MG ; UOP01-DEL05-MG 
500345;2023-01-22; domingo ; 17:50:00 ; GO ;153;436; ANAPOLIS ; Ingestão de álcool pelo condutor ; Saída de leito carroçável ; Com Vítimas Feridas ; Pleno dia ; Crescente ; Céu Claro ; Dupla ; Reta ; Sim ;1;0;0;1;0;0;1;1;-16,29492;-48,931849; SPRF-GO ; DEL02-GO ; UOP01-DEL02-GO 
500346;2023-01-22; domingo ; 17:00:00 ; MT ;364;275; JACIARA ; Condutor deixou de manter distância do veículo da frente ; Colisão traseira ; Sem Vítimas ; Pleno dia ; Crescente ; Nublado ; Dupla ; Reta ; Sim ;1;0;0;0;1;0;0;1;-15,95085604;-54,98237599; SPRF-MT ; DEL05-MT ; UOP02-DEL05-MT 
500347;2023-01-22; domingo ; 04:40:00 ; RS ;386;327,2; MARQUES DE SOUZA ; Transitar na contramão ; Colisão frontal ; Com Vítimas Feridas ; Amanhecer ; Crescente ; Nublado ; Simples ; Reta ; Não ;4;0;1;0;3;0;1;3;-29,334064;-52,096725; SPRF-RS ; DEL04-RS ; UOP01-DEL04-RS 
500348;2023-01-22; domingo ; 16:02:00 ; PR ;116;30; CAMPINA GRANDE DO SUL ; Chuva ; Queda de ocupante de veículo ; Com Vítimas Feridas ; Pleno dia ; Decrescente ; Garoa/Chuvisco ; Dupla ; Curva ; Não ;2;0;1;0;1;0;1;1;-25,10003092;-48,82089801; SPRF-PR ; DEL01-PR ; UOP02-DEL01-PR 
500349;2023-01-22; domingo ; 05:00:00 ; MG ;365;139,8; VARZEA DA PALMA ; Velocidade Incompatível ; Capotamento ; Com Vítimas Feridas ; Amanhecer ; Crescente ; Nublado ; Simples ; Curva ; Não ;4;0;2;2;0;0;4;1;-17,20873266;-44,81540123; SPRF-MG ; DEL12-MG ; UOP01-DEL12-MG 
500350;2023-01-22; domingo ; 14:30:00 ; MA ;316;555; CAXIAS ; Ingestão de álcool pelo condutor ; Saída de leito carroçável ; Com Vítimas Feridas ; Pleno dia ; Decrescente ; Céu Claro ; Simples ; Não Informado ; Sim ;1;0;1;0;0;0;1;1;-4,871665;-43,322151; SPRF-MA ; DEL03-MA ; UOP02-DEL03-MA 
500351;2023-01-22; domingo ; 10:20:00 ; GO ;60;6,8; SANTO ANTONIO DO DESCOBERTO ; Curva acentuada ; Queda de ocupante de veículo ; Com Vítimas Feridas ; Pleno dia ; Decrescente ; Céu Claro ; Dupla ; Não Informado ; Não ;1;0;1;0;0;0;1;1;-16,102833;-48,28911; SPRF-DF ; DEL01-DF ; UOP02-DEL01-DF 
500352;2023-01-22; domingo ; 13:30:00 ; PR ;476;119; COLOMBO ; Condutor deixou de manter distância do veículo da frente ; Colisão traseira ; Sem Vítimas ; Pleno dia ; Crescente ; Céu Claro ; Dupla ; Reta ; Sim ;3;0;0;0;2;1;0;3;-25,364202;-49,185825; SPRF-PR ; DEL01-PR ; UOP01-DEL01-PR 
500353;2023-01-23; segunda-feira ; 07:30:00 ; RS ;290;116; ELDORADO DO SUL ; Reação tardia ou ineficiente do condutor ; Colisão traseira ; Sem Vítimas ; Pleno dia ; Crescente ; Céu Claro ; Simples ; Reta ; Não ;9;0;0;0;9;0;0;3;-30,046543;-51,367748; SPRF-RS ; DEL02-RS ; UOP01-DEL02-RS 
500355;2023-01-22; domingo ; 15:50:00 ; RS ;290;721,5; URUGUAIANA ; Ingestão de álcool pelo condutor ; Tombamento ; Com Vítimas Feridas ; Pleno dia ; Crescente ; Céu Claro ; Simples ; Não Informado ; Sim ;2;0;2;0;0;0;2;1;-29,76014918;-57,0593369; SPRF-RS ; DEL13-RS ; UOP01-DEL13-RS 
500356;2023-01-22; domingo ; 17:00:00 ; SC ;101;375,5; ICARA ; Ausência de reação do condutor ; Tombamento ; Com Vítimas Feridas ; Pleno dia ; Crescente ; Céu Claro ; Dupla ; Reta ; Não ;2;0;2;0;0;0;2;1;-28,72014713;-49,23508784; SPRF-SC ; DEL02-SC ; UOP01-DEL02-SC 
500358;2023-01-22; domingo ; 04:35:00 ; RS ;158;329,4; SANTA MARIA ; Transitar na contramão ; Colisão frontal ; Com Vítimas Feridas ; Amanhecer ; Decrescente ; Céu Claro ; Dupla ; Reta ; Sim ;3;0;1;0;1;1;1;2;-29,70656383;-53,82849988; SPRF-RS ; DEL09-RS ; UOP01-DEL09-RS 
500359;2023-01-22; domingo ; 17:35:00 ; GO ;70;311; JUSSARA ; Mal súbito do condutor ; Tombamento ; Com Vítimas Feridas ; Pleno dia ; Crescente ; Nublado ; Dupla ; Curva ; Sim ;1;0;1;0;0;0;1;1;-15,87548816;-50,83442688; SPRF-GO ; DEL04-GO ; UOP02-DEL04-GO 
500360;2023-01-22; domingo ; 21:20:00 ; RO ;364;196,5; PIMENTA BUENO ; Ingestão de álcool pelo condutor ; Colisão com objeto ; Com Vítimas Feridas ; Plena Noite ; Decrescente ; Céu Claro ; Simples ; Reta ; Sim ;1;0;1;0;0;0;1;1;-11,68671732;-61,18347731; SPRF-RO ; DEL02-RO ; UOP02-DEL02-RO 
500361;2023-01-22; domingo ; 16:30:00 ; ES ;101;371,9; ICONHA ; Reação tardia ou ineficiente do condutor ; Colisão com objeto ; Com Vítimas Feridas ; Pleno dia ; Crescente ; Céu Claro ; Simples ; Reta ; Não ;1;0;1;0;0;0;1;1;-20,77035735;-40,76847015; SPRF-ES ; DEL03-ES ; UOP01-DEL03-ES 
500363;2023-01-23; segunda-feira ; 05:55:00 ; MG ;381;481,3; BETIM ; Reação tardia ou ineficiente do condutor ; Colisão traseira ; Com Vítimas Feridas ; Amanhecer ; Decrescente ; Céu Claro ; Múltipla ; Reta ; Sim ;2;0;2;0;0;0;2;2;-19,95931561;-44,08825597; SPRF-MG ; DEL01-MG ; UOP03-DEL01-MG 
500364;2023-01-22; domingo ; 15:40:00 ; MS ;158;284; TRES LAGOAS ; Ausência de reação do condutor ; Saída de leito carroçável ; Com Vítimas Fatais ; Pleno dia ; Decrescente ; Sol ; Dupla ; Reta ; Não ;1;1;0;0;0;0;0;1;-20,89313578;-51,75590515; SPRF-MS ; DEL07-MS ; UOP01-DEL07-MS 
500365;2023-01-23; segunda-feira ; 07:20:00 ; SC ;101;133; BALNEARIO CAMBORIU ; Reação tardia ou ineficiente do condutor ; Colisão traseira ; Sem Vítimas ; Pleno dia ; Decrescente ; Céu Claro ; Múltipla ; Reta ; Sim ;2;0;0;0;2;0;0;2;-26,99936;-48,64609; SPRF-SC ; DEL04-SC ; UOP03-DEL04-SC 
500367;2023-01-22; domingo ; 20:30:00 ; PA ;230;631; ALTAMIRA ; Ingestão de álcool pelo condutor ; Saída de leito carroçável ; Sem Vítimas ; Plena Noite ; Crescente ; Céu Claro ; Dupla ; Rotatória ; Sim ;1;0;0;0;1;0;0;1;-3,17369255;-52,17226002; SPRF-PA ; DEL04-PA ; UOP01-DEL04-PA 
500368;2023-01-23; segunda-feira ; 07:00:00 ; RS ;116;152; CAXIAS DO SUL ; Manobra de mudança de faixa ; Colisão lateral mesmo sentido ; Com Vítimas Feridas ; Pleno dia ; Decrescente ; Céu Claro ; Dupla ; Reta ; Sim ;2;0;1;0;1;0;1;2;-29,1829343;-51,16801501; SPRF-RS ; DEL05-RS ; UOP01-DEL05-RS 
500369;2023-01-22; domingo ; 19:00:00 ; RJ ;40;108; DUQUE DE CAXIAS ; Ausência de reação do condutor ; Atropelamento de Pedestre ; Com Vítimas Feridas ; Plena Noite ; Crescente ; Nublado ; Múltipla ; Reta ; Sim ;3;0;1;1;0;1;2;1;-22,66476979;-43,28495144; SPRF-RJ ; DEL01-RJ ; UOP01-DEL01-RJ 
500370;2023-01-22; domingo ; 15:10:00 ; PE ;232;90,1; SAIRE ; Acessar a via sem observar a presença dos outros veículos ; Colisão lateral mesmo sentido ; Com Vítimas Feridas ; Pleno dia ; Crescente ; Sol ; Dupla ; Reta ; Não ;2;0;1;0;1;0;1;2;-8,2173094;-35,65848827; SPRF-PE ; DEL02-PE ; UOP02-DEL02PE 
500371;2023-01-20; sexta-feira ; 18:00:00 ; SC ;470;2; NAVEGANTES ; Manobra de mudança de faixa ; Colisão transversal ; Sem Vítimas ; Pleno dia ; Decrescente ; Céu Claro ; Dupla ; Não Informado ; Sim ;2;0;0;0;2;0;0;2;-26,87204738;-48,67153645; SPRF-SC ; DEL04-SC ; UOP04-DEL04-SC 
500374;2023-01-22; domingo ; 11:30:00 ; SE ;101;54,4; CARMOPOLIS ; Acostamento em desnível ; Capotamento ; Com Vítimas Feridas ; Pleno dia ; Crescente ; Céu Claro ; Simples ; Curva ; Não ;5;0;1;1;3;0;2;1;-10,62656711;-36,99773792; SPRF-SE ; DEL02-SE ; UOP02-DEL02-SE 
500375;2023-01-23; segunda-feira ; 00:15:00 ; SC ;116;8,3; MAFRA ; Problema com o freio ; Colisão com objeto ; Com Vítimas Fatais ; Plena Noite ; Decrescente ; Céu Claro ; Simples ; Não Informado ; Sim ;1;1;0;0;0;0;0;1;-26,159501;-49,842013; SPRF-SC ; DEL06-SC ; UOP01-DEL06-SC 
500376;2023-01-22; domingo ; 14:05:00 ; RS ;116;629,7; ARROIO GRANDE ; Demais falhas mecânicas ou elétricas ; Tombamento ; Com Vítimas Feridas ; Pleno dia ; Decrescente ; Céu Claro ; Simples ; Reta ; Não ;2;0;2;0;0;0;2;1;-32,36749313;-53,18584442; SPRF-RS ; DEL07-RS ; UOP03-DEL07-RS 
500377;2023-01-22; domingo ; 01:00:00 ; GO ;60;187; GUAPO ; Animais na Pista ; Atropelamento de Animal ; Com Vítimas Feridas ; Plena Noite ; Decrescente ; Céu Claro ; Dupla ; Reta ; Sim ;1;0;1;0;0;0;1;1;-16,82276761;-49,53407586; SPRF-GO ; DEL01-GO ; UOP02-DEL01-GO 
500378;2023-01-22; domingo ; 01:30:00 ; SP ;116;294,9; ITAPECERICA DA SERRA ; Avarias e/ou desgaste excessivo no pneu ; Queda de ocupante de veículo ; Com Vítimas Feridas ; Plena Noite ; Crescente ; Céu Claro ; Dupla ; Reta ; Não ;2;0;2;0;0;0;2;1;-23,76154691;-46,90483412; SPRF-SP ; DEL04-SP ; UOP01-DEL04-SP 
500379;2023-01-21; sábado ; 03:00:00 ; PI ;343;478; ANGICAL DO PIAUI ; Pista esburacada ; Saída de leito carroçável ; Com Vítimas Fatais ; Plena Noite ; Crescente ; Céu Claro ; Simples ; Reta ; Não ;2;1;0;1;0;0;1;1;-6,152664;-42,712521; SPRF-PI ; DEL01-PI ; UOP02-DEL01-PI 