 id ; data_inversa ; dia_semana ; horario ; uf ; br ; km ; municipio ; causa_acidente ; tipo_acidente ; classificacao_acidente ; fase_dia ; sentido_via ; condicao_metereologica ; tipo_pista ; tracado_via ; uso_solo ; pessoas ; mortos ; feridos_leves ; feridos_graves ; ilesos ; ignorados ; feridos ; veiculos ; latitude ; longitude ; regional ; delegacia ; uop 
500380;2023-01-22; domingo ; 20:30:00 ; MG ;40;107; JOAO PINHEIRO ; Chuva ; Saída de leito carroçável ; Com Vítimas Feridas ; Plena Noite ; Crescente ; Chuva ; Simples ; Não Informado ; Não ;1;0;0;1;0;0;1;1;-17,61245907;-46,46996507; SPRF-MG ; DEL14-MG ; UOP01-DEL14-MG 
500382;2023-01-22; domingo ; 16:10:00 ; MT ;364;498,6; JANGADA ; Chuva ; Saída de leito carroçável ; Com Vítimas Feridas ; Pleno dia ; Crescente ; Chuva ; Simples ; Reta ; Não ;3;0;0;2;1;0;2;1;-15,26383164;-56,45548663; SPRF-MT ; DEL01-MT ; UOP02-DEL01-MT 
500385;2023-01-21; sábado ; 21:30:00 ; RS ;386;36,6; FREDERICO WESTPHALEN ; Reação tardia ou ineficiente do condutor ; Colisão traseira ; Com Vítimas Feridas ; Plena Noite ; Crescente ; Céu Claro ; Simples ; Não Informado ; Não ;2;0;1;0;1;0;1;2;-27,373381;-53,39772; SPRF-RS ; DEL08-RS ; UOP02-DEL08-RS 
500386;2023-01-22; domingo ; 15:30:00 ; PR ;163;93; CAPANEMA ; Condutor deixou de manter distância do veículo da frente ; Colisão traseira ; Sem Vítimas ; Pleno dia ; Decrescente ; Céu Claro ; Simples ; Não Informado ; Não ;2;0;0;0;1;1;0;2;-25,646987;-53,803146; SPRF-PR ; DEL02-PR ; UOP02-DEL02-PR 
500388;2023-01-23; segunda-feira ; 06:40:00 ; MG ;40;516; RIBEIRAO DAS NEVES ; Condutor deixou de manter distância do veículo da frente ; Colisão lateral mesmo sentido ; Com Vítimas Feridas ; Pleno dia ; Crescente ; Nublado ; Dupla ; Curva ; Sim ;6;0;2;0;4;0;2;2;-19,81628624;-44,08960124; SPRF-MG ; DEL01-MG ; UOP02-DEL01-MG 
500389;2023-01-23; segunda-feira ; 03:30:00 ; MT ;364;535; ROSARIO OESTE ; Ausência de reação do condutor ; Queda de ocupante de veículo ; Com Vítimas Feridas ; Plena Noite ; Decrescente ; Chuva ; Simples ; Reta ; Não ;1;0;0;1;0;0;1;1;-14,91217636;-56,60127819; SPRF-MT ; DEL01-MT ; UOP01-DEL01-MT 
500392;2023-01-22; domingo ; 07:35:00 ; MG ;50;174; UBERABA ; Reação tardia ou ineficiente do condutor ; Tombamento ; Com Vítimas Feridas ; Pleno dia ; Decrescente ; Céu Claro ; Dupla ; Reta ; Não ;2;0;2;0;0;0;2;1;-19,770817;-47,973434; SPRF-MG ; DEL13-MG ; UOP01-DEL13-MG 
500394;2023-01-22; domingo ; 16:30:00 ; BA ;407;1; JUAZEIRO ; Condutor deixou de manter distância do veículo da frente ; Colisão lateral mesmo sentido ; Com Vítimas Feridas ; Pleno dia ; Decrescente ; Céu Claro ; Dupla ; Ponte ; Sim ;4;0;4;0;0;0;4;2;-9,41845604;-40,50725978; SPRF-PE ; DEL06-PE ; UOP01-DEL06-PE 
500395;2023-01-22; domingo ; 18:20:00 ; RJ ;116;189; NOVA IGUACU ; Trafegar com motocicleta (ou similar) entre as faixas ; Colisão traseira ; Com Vítimas Feridas ; Anoitecer ; Decrescente ; Céu Claro ; Múltipla ; Reta ; Sim ;2;0;1;0;0;1;1;2;-22,73765712;-43,49182298; SPRF-RJ ; DEL01-RJ ; UOP02-DEL01-RJ 
500396;2023-01-23; segunda-feira ; 00:15:00 ; RJ ;116;172; SAO JOAO DE MERITI ; Reação tardia ou ineficiente do condutor ; Colisão com objeto ; Com Vítimas Feridas ; Plena Noite ; Crescente ; Céu Claro ; Múltipla ; Reta ; Sim ;1;0;1;0;0;0;1;1;-22,80188151;-43,35043673; SPRF-RJ ; DEL01-RJ ; UOP02-DEL01-RJ 
500397;2023-01-21; sábado ; 05:30:00 ; RS ;285;495,8; ENTRE-IJUIS ; Ausência de reação do condutor ; Colisão com objeto ; Com Vítimas Feridas ; Pleno dia ; Crescente ; Céu Claro ; Simples ; Interseção de vias ; Não ;1;0;0;1;0;0;1;1;-28,37785928;-54,26133513; SPRF-RS ; DEL10-RS ; UOP01-DEL10-RS 
500399;2023-01-22; domingo ; 01:30:00 ; RS ;287;400; SANTIAGO ; Animais na Pista ; Atropelamento de Animal ; Com Vítimas Feridas ; Plena Noite ; Crescente ; Céu Claro ; Simples ; Reta ; Sim ;3;0;1;0;2;0;1;1;-29,16448781;-54,87636383; SPRF-RS ; DEL12-RS ; UOP02-DEL12-RS 
500400;2023-01-22; domingo ; 10:20:00 ; PR ;163;116; CAPANEMA ; Condutor Dormindo ; Saída de leito carroçável ; Sem Vítimas ; Pleno dia ; Decrescente ; Chuva ; Dupla ; Não Informado ; Não ;2;0;0;0;1;1;0;1;-25,62088424;-53,64551766; SPRF-PR ; DEL02-PR ; UOP02-DEL02-PR 
500401;2023-01-22; domingo ; 06:00:00 ; PE ;428;176,1; PETROLINA ; Ausência de reação do condutor ; Capotamento ; Com Vítimas Feridas ; Pleno dia ; Decrescente ; Chuva ; Simples ; Reta ; Não ;1;0;1;0;0;0;1;1;-9,26824308;-40,43343586; SPRF-PE ; DEL06-PE ; UOP01-DEL06-PE 
500402;2023-01-22; domingo ; 10:20:00 ; RJ ;116;140; DUQUE DE CAXIAS ; Pedestre cruzava a pista fora da faixa ; Atropelamento de Pedestre ; Com Vítimas Feridas ; Pleno dia ; Crescente ; Sol ; Dupla ; Reta ; Não ;2;0;0;2;0;0;2;1;-22,6466198;-43,21112001; SPRF-RJ ; DEL01-RJ ; UOP01-DEL01-RJ 
500406;2023-01-22; domingo ; 19:00:00 ; RJ ;116;187; NOVA IGUACU ; Manobra de mudança de faixa ; Colisão traseira ; Com Vítimas Feridas ; Plena Noite ; Decrescente ; Céu Claro ; Dupla ; Reta ; Sim ;2;0;1;0;0;1;1;2;-22,73883756;-43,47245197; SPRF-RJ ; DEL01-RJ ; UOP02-DEL01-RJ 
500407;2023-01-22; domingo ; 07:00:00 ; RJ ;116;301; RESENDE ; Reação tardia ou ineficiente do condutor ; Colisão com objeto ; Com Vítimas Feridas ; Pleno dia ; Crescente ; Nublado ; Dupla ; Reta ; Não ;1;0;0;1;0;0;1;1;-22,4529399;-44,36236901; SPRF-RJ ; DEL07-RJ ; UOP02-DEL07-RJ 
500408;2023-01-21; sábado ; 10:00:00 ; MG ;40;26,4; PARACATU ; Ultrapassagem Indevida ; Colisão frontal ; Com Vítimas Feridas ; Pleno dia ; Decrescente ; Chuva ; Simples ; Curva ; Não ;7;0;2;2;3;0;4;3;-17,142386;-46,964591; SPRF-MG ; DEL14-MG ; UOP01-DEL14-MG 
500411;2023-01-21; sábado ; 15:15:00 ; RS ;285;585; SAO LUIZ GONZAGA ; Acumulo de água sobre o pavimento ; Saída de leito carroçável ; Com Vítimas Feridas ; Pleno dia ; Decrescente ; Chuva ; Simples ; Reta ; Não ;5;0;3;0;2;0;3;1;-28,461426;-55,135197; SPRF-RS ; DEL12-RS ; UOP01-DEL12-RS 
500412;2023-01-23; segunda-feira ; 08:00:00 ; RN ;304;118,7; ITAJA ; Acessar a via sem observar a presença dos outros veículos ; Colisão transversal ; Com Vítimas Feridas ; Pleno dia ; Crescente ; Céu Claro ; Simples ; Reta ; Não ;2;0;1;0;1;0;1;2;-5,6259351;-36,87237305; SPRF-RN ; DEL04-RN ; UOP01-DEL04-RN 
500414;2023-01-22; domingo ; 05:30:00 ; RS ;386;161,7; ALMIRANTE TAMANDARE DO SUL ; Ausência de reação do condutor ; Saída de leito carroçável ; Com Vítimas Feridas ; Pleno dia ; Crescente ; Céu Claro ; Simples ; Curva ; Não ;4;0;3;0;0;1;3;1;-28,16886;-52,83569; SPRF-RS ; DEL08-RS ; UOP01-DEL08-RS 
500415;2023-01-19; quinta-feira ; 20:46:00 ; RJ ;101;313; SAO GONCALO ; Ausência de reação do condutor ; Colisão traseira ; Com Vítimas Feridas ; Plena Noite ; Decrescente ; Céu Claro ; Simples ; Reta ; Sim ;2;0;1;0;1;0;1;2;-22,81049093;-43,06983304; SPRF-RJ ; DEL02-RJ ; UOP02-DEL02-RJ 
500416;2023-01-20; sexta-feira ; 19:30:00 ; SC ;101;117; ITAJAI ; Trafegar com motocicleta (ou similar) entre as faixas ; Colisão lateral mesmo sentido ; Com Vítimas Feridas ; Plena Noite ; Crescente ; Céu Claro ; Dupla ; Reta ; Não ;2;0;0;1;1;0;1;2;-26,88747187;-48,72252969; SPRF-SC ; DEL04-SC ; UOP04-DEL04-SC 
500419;2023-01-23; segunda-feira ; 08:15:00 ; RJ ;116;281; BARRA MANSA ; Acessar a via sem observar a presença dos outros veículos ; Colisão transversal ; Com Vítimas Feridas ; Pleno dia ; Decrescente ; Céu Claro ; Simples ; Curva ; Sim ;2;0;2;0;0;0;2;2;-22,53244798;-44,19565304; SPRF-RJ ; DEL07-RJ ; UOP02-DEL07-RJ 
500422;2023-01-20; sexta-feira ; 19:15:00 ; RJ ;493;18; GUAPIMIRIM ; Condutor Dormindo ; Saída de leito carroçável ; Com Vítimas Feridas ; Plena Noite ; Crescente ; Chuva ; Simples ; Reta ; Sim ;1;0;0;1;0;0;1;1;-22,6687122;-43,01862696; SPRF-RJ ; DEL02-RJ ; UOP04-DEL02-RJ 
500423;2023-01-21; sábado ; 11:45:00 ; SC ;101;213,1; PALHOCA ; Ausência de reação do condutor ; Colisão traseira ; Com Vítimas Feridas ; Pleno dia ; Crescente ; Céu Claro ; Múltipla ; Não Informado ; Sim ;2;0;1;0;1;0;1;2;-27,63697369;-48,66514142; SPRF-SC ; DEL01-SC ; UOP02-DEL01-SC 
500424;2023-01-21; sábado ; 08:00:00 ; RJ ;40;120; DUQUE DE CAXIAS ; Reação tardia ou ineficiente do condutor ; Capotamento ; Com Vítimas Feridas ; Pleno dia ; Crescente ; Céu Claro ; Múltipla ; Reta ; Sim ;3;0;1;0;2;0;1;1;-22,77280597;-43,28626763; SPRF-RJ ; DEL01-RJ ; UOP01-DEL01-RJ 
500425;2023-01-23; segunda-feira ; 07:20:00 ; PE ;232;380; CALUMBI ; Ultrapassagem Indevida ; Colisão lateral mesmo sentido ; Sem Vítimas ; Pleno dia ; Decrescente ; Céu Claro ; Simples ; Reta ; Não ;4;0;0;0;4;0;0;2;-8,04291256;-38,05698395; SPRF-PE ; DEL04-PE ; UOP01-DEL04-PE 
500427;2023-01-21; sábado ; 20:20:00 ; PR ;163;20; SANTO ANTONIO DO SUDOESTE ; Ingestão de álcool pelo condutor ; Colisão frontal ; Com Vítimas Feridas ; Plena Noite ; Crescente ; Ignorado ; Simples ; Reta ; Não ;3;0;0;2;1;0;2;2;-26,20985993;-53,63955188; SPRF-PR ; DEL02-PR ; UOP02-DEL02-PR 
500428;2023-01-22; domingo ; 07:30:00 ; SP ;116;282; ITAPECERICA DA SERRA ; Condutor deixou de manter distância do veículo da frente ; Colisão traseira ; Com Vítimas Feridas ; Pleno dia ; Crescente ; Céu Claro ; Dupla ; Reta ; Não ;3;0;1;0;2;0;1;2;-23,68570216;-46,85970975; SPRF-SP ; DEL04-SP ; UOP01-DEL04-SP 
500429;2023-01-21; sábado ; 12:40:00 ; RN ;304;299; MACAIBA ; Manobra de mudança de faixa ; Saída de leito carroçável ; Com Vítimas Feridas ; Pleno dia ; Decrescente ; Céu Claro ; Simples ; Reta ; Não ;1;0;0;1;0;0;1;1;-5,87095859;-35,32359587; SPRF-RN ; DEL01-RN ; UOP02-DEL01-RN 
500431;2023-01-22; domingo ; 11:25:00 ; RJ ;101;580,1; PARATY ; Reação tardia ou ineficiente do condutor ; Colisão lateral mesmo sentido ; Com Vítimas Feridas ; Pleno dia ; Crescente ; Sol ; Simples ; Reta ; Não ;2;0;1;0;1;0;1;2;-23,23874387;-44,70062115; SPRF-RJ ; DEL03-RJ ; UOP01-DEL03-RJ 
500432;2023-01-21; sábado ; 16:20:00 ; RN ;304;41; MOSSORO ; Ingestão de álcool e/ou substâncias psicoativas pelo pedestre ; Colisão traseira ; Com Vítimas Feridas ; Pleno dia ; Decrescente ; Céu Claro ; Dupla ; Reta ; Sim ;3;0;0;2;1;0;2;2;-5,20483515;-37,37615746; SPRF-RN ; DEL04-RN ; UOP01-DEL04-RN 
500433;2023-01-22; domingo ; 20:00:00 ; SP ;116;297; ITAPECERICA DA SERRA ; Desrespeitar a preferência no cruzamento ; Colisão transversal ; Com Vítimas Feridas ; Plena Noite ; Decrescente ; Céu Claro ; Simples ; Não Informado ; Não ;3;0;1;0;2;0;1;2;-23,78323219;-46,91437053; SPRF-SP ; DEL04-SP ; UOP01-DEL04-SP 
500436;2023-01-22; domingo ; 19:00:00 ; PR ;376;628,5; SAO JOSE DOS PINHAIS ; Reação tardia ou ineficiente do condutor ; Saída de leito carroçável ; Com Vítimas Feridas ; Plena Noite ; Crescente ; Nublado ; Dupla ; Reta ; Não ;1;0;1;0;0;0;1;1;-25,68732536;-49,14802551; SPRF-PR ; DEL01-PR ; UOP04-DEL01-PR 
500437;2023-01-21; sábado ; 06:30:00 ; MG ;381;346; BELA VISTA DE MINAS ; Acumulo de água sobre o pavimento ; Saída de leito carroçável ; Com Vítimas Feridas ; Pleno dia ; Decrescente ; Chuva ; Simples ; Não Informado ; Não ;2;0;1;1;0;0;2;1;-19,85472214;-43,11155319; SPRF-MG ; DEL03-MG ; UOP01-DEL03-MG 
500438;2023-01-21; sábado ; 17:00:00 ; RJ ;101;189; RIO DAS OSTRAS ; Pista Escorregadia ; Saída de leito carroçável ; Com Vítimas Feridas ; Pleno dia ; Crescente ; Garoa/Chuvisco ; Simples ; Curva ; Não ;4;0;4;0;0;0;4;1;-22,45589967;-42,0608363; SPRF-RJ ; DEL08-RJ ; UOP04-DEL08-RJ 
500439;2023-01-21; sábado ; 17:30:00 ; SC ;282;533,2; CORDILHEIRA ALTA ; Afundamento ou ondulação no pavimento ; Saída de leito carroçável ; Com Vítimas Feridas ; Plena Noite ; Crescente ; Nublado ; Simples ; Curva ; Não ;1;0;1;0;0;0;1;1;-26,995323;-52,625305; SPRF-SC ; DEL07-SC ; UOP01-DEL07-SC 
500440;2023-01-20; sexta-feira ; 23:30:00 ; AL ;104;41; BRANQUINHA ; Condutor deixou de manter distância do veículo da frente ; Colisão traseira ; Com Vítimas Feridas ; Plena Noite ; Decrescente ; Céu Claro ; Simples ; Reta ; Não ;4;0;2;0;2;0;2;3;-9,204973;-36,03164206; SPRF-AL ; DEL01-AL ; UOP02-DEL01-AL 
500441;2023-01-21; sábado ; 11:40:00 ; RO ;435;123,5; CEREJEIRAS ; Ultrapassagem Indevida ; Colisão lateral mesmo sentido ; Com Vítimas Feridas ; Pleno dia ; Decrescente ; Céu Claro ; Dupla ; Reta ; Sim ;3;0;2;1;0;0;3;2;-13,18889171;-60,808424; SPRF-RO ; DEL04-RO ; UOP02-DEL04-RO 
500442;2023-01-23; segunda-feira ; 07:41:00 ; DF ;40;4; BRASILIA ; Condutor deixou de manter distância do veículo da frente ; Colisão traseira ; Sem Vítimas ; Pleno dia ; Decrescente ; Nublado ; Dupla ; Reta ; Sim ;2;0;0;0;2;0;0;2;-16,012033;-47,982124; SPRF-DF ; DEL01-DF ; UOP01-DEL01-DF 
500444;2023-01-23; segunda-feira ; 09:50:00 ; RS ;116;258; ESTEIO ; Manobra de mudança de faixa ; Colisão lateral mesmo sentido ; Com Vítimas Feridas ; Pleno dia ; Decrescente ; Céu Claro ; Dupla ; Reta ; Sim ;2;0;1;0;0;1;1;2;-29,86150502;-51,18091535; SPRF-RS ; DEL01-RS ; UOP02-DEL01-RS 
500448;2023-01-21; sábado ; 03:10:00 ; RS ;116;238; NOVO HAMBURGO ; Ingestão de álcool pelo condutor ; Colisão lateral mesmo sentido ; Com Vítimas Feridas ; Plena Noite ; Crescente ; Nublado ; Dupla ; Reta ; Sim ;3;0;2;1;0;0;3;2;-29,68739789;-51,14197352; SPRF-RS ; DEL01-RS ; UOP02-DEL01-RS 
500449;2023-01-22; domingo ; 14:30:00 ; PR ;277;478,4; NOVA LARANJEIRAS ; Mal súbito do condutor ; Colisão frontal ; Com Vítimas Feridas ; Pleno dia ; Decrescente ; Sol ; Simples ; Reta ; Não ;7;0;3;1;3;0;4;3;-25,29793428;-52,56841504; SPRF-PR ; DEL04-PR ; UOP02-DEL04-PR 
500451;2023-01-21; sábado ; 02:40:00 ; MG ;40;15,3; PARACATU ; Animais na Pista ; Atropelamento de Animal ; Com Vítimas Feridas ; Plena Noite ; Crescente ; Garoa/Chuvisco ; Simples ; Desvio Temporário ; Não ;10;0;3;0;6;1;3;2;-17,07769216;-47,03616232; SPRF-MG ; DEL14-MG ; UOP01-DEL14-MG 
500452;2023-01-21; sábado ; 21:00:00 ; MG ;262;531,8; LUZ ; Velocidade Incompatível ; Saída de leito carroçável ; Com Vítimas Feridas ; Plena Noite ; Crescente ; Nublado ; Simples ; Reta ; Não ;2;0;2;0;0;0;2;1;-19,78291077;-45,72383994; SPRF-MG ; DEL08-MG ; UOP02-DEL08-MG 
500453;2023-01-22; domingo ; 04:50:00 ; RS ;285;372,5; SALDANHA MARINHO ; Ingestão de álcool pelo condutor ; Colisão lateral sentido oposto ; Sem Vítimas ; Plena Noite ; Decrescente ; Céu Claro ; Simples ; Reta ; Não ;2;0;0;0;2;0;0;2;-28,405064;-53,083088; SPRF-RS ; DEL08-RS ; UOP03-DEL08-RS 
500455;2023-01-22; domingo ; 04:10:00 ; PR ;476;277; SAO MATEUS DO SUL ; Pedestre andava na pista ; Atropelamento de Pedestre ; Com Vítimas Fatais ; Plena Noite ; Decrescente ; Céu Claro ; Simples ; Reta ; Sim ;2;1;0;0;1;0;0;1;-25,87564811;-50,38928932; SPRF-PR ; DEL02-PR ; UOP03-DEL02-PR 
500456;2023-01-22; domingo ; 01:50:00 ; DF ;70;12; BRASILIA ; Demais falhas mecânicas ou elétricas ; Colisão com objeto ; Sem Vítimas ; Plena Noite ; Crescente ; Céu Claro ; Dupla ; Reta ; Não ;1;0;0;0;0;1;0;1;-15,792243;-48,158543; SPRF-DF ; DEL01-DF ; UOP03-DEL01-DF 
500457;2023-01-22; domingo ; 12:22:00 ; SP ;116;223; GUARULHOS ; Avarias e/ou desgaste excessivo no pneu ; Queda de ocupante de veículo ; Com Vítimas Feridas ; Pleno dia ; Decrescente ; Céu Claro ; Múltipla ; Reta ; Não ;2;0;2;0;0;0;2;1;-23,47559815;-46,5246609; SPRF-SP ; DEL01-SP ; UOP01-DEL01-SP 
500458;2023-01-21; sábado ; 16:25:00 ; PE ;423;91,3; GARANHUNS ; Ingestão de álcool pelo condutor ; Colisão traseira ; Sem Vítimas ; Pleno dia ; Crescente ; Céu Claro ; Simples ; Não Informado ; Sim ;5;0;0;0;5;0;0;2;-8,856556;-36,463932; SPRF-PE ; DEL03-PE ; UOP01-DEL03-PE 
500459;2023-01-21; sábado ; 18:40:00 ; PB ;104;195,5; ALCANTIL ; Transitar na contramão ; Colisão frontal ; Com Vítimas Fatais ; Plena Noite ; Crescente ; Céu Claro ; Simples ; Curva ; Não ;3;1;0;0;0;2;0;2;-7,76107074;-36,09318327; SPRF-PB ; DEL02-PB ; UOP03-DEL02-PB 
500461;2023-01-22; domingo ; 17:28:00 ; SP ;116;216; GUARULHOS ; Reação tardia ou ineficiente do condutor ; Saída de leito carroçável ; Com Vítimas Feridas ; Pleno dia ; Decrescente ; Céu Claro ; Múltipla ; Reta ; Não ;2;0;1;0;1;0;1;1;-23,45056589;-46,46258105; SPRF-SP ; DEL01-SP ; UOP01-DEL01-SP 
500462;2023-01-21; sábado ; 18:30:00 ; PE ;232;405,2; SERRA TALHADA ; Ausência de reação do condutor ; Queda de ocupante de veículo ; Com Vítimas Feridas ; Plena Noite ; Decrescente ; Nublado ; Simples ; Reta ; Não ;1;0;1;0;0;0;1;1;-7,98895584;-38,25355016; SPRF-PE ; DEL04-PE ; UOP01-DEL04-PE 
500463;2023-01-22; domingo ; 12:00:00 ; PB ;230;334; PATOS ; Ausência de reação do condutor ; Colisão traseira ; Com Vítimas Feridas ; Pleno dia ; Decrescente ; Céu Claro ; Simples ; Curva ; Não ;2;0;1;0;1;0;1;2;-7,018;-37,2589; SPRF-PB ; DEL03-PB ; UOP01-DEL03-PB 
500465;2023-01-23; segunda-feira ; 08:45:00 ; MT ;364;376; SANTO ANTONIO DO LEVERGER ; Ausência de reação do condutor ; Saída de leito carroçável ; Sem Vítimas ; Pleno dia ; Crescente ; Céu Claro ; Dupla ; Reta ; Não ;1;0;0;0;1;0;0;1;-15,70428959;-55,72805299; SPRF-MT ; DEL01-MT ; UOP02-DEL01-MT 
500466;2023-01-20; sexta-feira ; 23:20:00 ; MA ;135;3; SAO LUIS ; Reação tardia ou ineficiente do condutor ; Colisão traseira ; Sem Vítimas ; Plena Noite ; Decrescente ; Céu Claro ; Dupla ; Reta ; Sim ;3;0;0;0;3;0;0;2;-2,65110377;-44,30605888; SPRF-MA ; DEL01-MA ; UOP01-DEL01-MA 
500467;2023-01-20; sexta-feira ; 20:30:00 ; MG ;381;838,8; SAO SEBASTIAO DA BELA VISTA ; Condutor Dormindo ; Saída de leito carroçável ; Com Vítimas Feridas ; Plena Noite ; Crescente ; Chuva ; Dupla ; Reta ; Não ;2;0;2;0;0;0;2;1;-22,15688319;-45,82624912; SPRF-MG ; DEL16-MG ; UOP01-DEL16-MG 
500468;2023-01-20; sexta-feira ; 19:30:00 ; RJ ;116;189; NOVA IGUACU ; Reação tardia ou ineficiente do condutor ; Tombamento ; Com Vítimas Feridas ; Plena Noite ; Decrescente ; Céu Claro ; Dupla ; Reta ; Sim ;2;0;1;0;1;0;1;1;-22,73765712;-43,49182298; SPRF-RJ ; DEL01-RJ ; UOP02-DEL01-RJ 
500470;2023-01-22; domingo ; 04:50:00 ; MA ;135;22,5; SAO LUIS ; Reação tardia ou ineficiente do condutor ; Engavetamento ; Sem Vítimas ; Amanhecer ; Decrescente ; Ignorado ; Dupla ; Não Informado ; Sim ;4;0;0;0;3;1;0;4;-2,558226;-44,31316; SPRF-MA ; DEL01-MA ; UOP01-DEL01-MA 
500472;2023-01-22; domingo ; 01:30:00 ; MT ;163;641; NOVA MUTUM ; Ingestão de álcool pelo condutor ; Colisão traseira ; Com Vítimas Fatais ; Plena Noite ; Crescente ; Nublado ; Simples ; Reta ; Não ;2;1;0;0;1;0;0;2;-13,455121;-56,080232; SPRF-MT ; DEL01-MT ; UOP01-DEL01-MT 
500473;2023-01-23; segunda-feira ; 10:55:00 ; PR ;373;177; PONTA GROSSA ; Pedestre andava na pista ; Atropelamento de Pedestre ; Com Vítimas Feridas ; Pleno dia ; Crescente ; Céu Claro ; Dupla ; Reta ; Sim ;2;0;1;0;1;0;1;1;-25,05596766;-50,22677884; SPRF-PR ; DEL03-PR ; UOP01-DEL03-PR 
500475;2023-01-21; sábado ; 22:15:00 ; RO ;364;403,4; OURO PRETO DO OESTE ; Condutor deixou de manter distância do veículo da frente ; Colisão traseira ; Com Vítimas Fatais ; Plena Noite ; Crescente ; Nublado ; Simples ; Reta ; Não ;4;1;0;0;3;0;0;2;-10,58293907;-62,36028809; SPRF-RO ; DEL03-RO ; UOP02-DEL03-RO 
500476;2023-01-21; sábado ; 14:30:00 ; MG ;381;482; BETIM ; Pista esburacada ; Tombamento ; Com Vítimas Feridas ; Pleno dia ; Decrescente ; Nublado ; Múltipla ; Não Informado ; Sim ;2;0;1;1;0;0;2;1;-19,958515;-44,0765706; SPRF-MG ; DEL01-MG ; UOP03-DEL01-MG 
500479;2023-01-23; segunda-feira ; 10:15:00 ; BA ;330;795,8; JEQUIE ; Velocidade Incompatível ; Engavetamento ; Com Vítimas Feridas ; Pleno dia ; Decrescente ; Céu Claro ; Simples ; Não Informado ; Não ;5;0;2;0;3;0;2;3;-13,9283457;-39,99910172; SPRF-BA ; DEL03-BA ; UOP01-DEL03-BA 
500482;2023-01-23; segunda-feira ; 09:50:00 ; RJ ;101;502; ANGRA DOS REIS ; Acesso irregular ; Colisão traseira ; Com Vítimas Feridas ; Pleno dia ; Decrescente ; Céu Claro ; Simples ; Reta ; Não ;3;0;1;0;2;0;1;2;-22,92526971;-44,36990312; SPRF-RJ ; DEL03-RJ ; UOP02-DEL03-RJ 
500483;2023-01-23; segunda-feira ; 11:20:00 ; SC ;101;108; PENHA ; Condutor deixou de manter distância do veículo da frente ; Colisão traseira ; Com Vítimas Feridas ; Pleno dia ; Crescente ; Céu Claro ; Dupla ; Reta ; Não ;2;0;1;0;1;0;1;2;-26,82606902;-48,69052298; SPRF-SC ; DEL03-SC ; UOP02-DEL03-SC 
500484;2023-01-20; sexta-feira ; 18:00:00 ; RO ;364;226,7; CACOAL ; Reação tardia ou ineficiente do condutor ; Colisão frontal ; Com Vítimas Feridas ; Anoitecer ; Decrescente ; Céu Claro ; Simples ; Não Informado ; Não ;2;0;1;0;1;0;1;2;-11,50326836;-61,36777537; SPRF-RO ; DEL02-RO ; UOP02-DEL02-RO 
500485;2023-01-23; segunda-feira ; 07:40:00 ; BA ;116;233; QUIJINGUE ; Desrespeitar a preferência no cruzamento ; Colisão transversal ; Com Vítimas Fatais ; Pleno dia ; Crescente ; Céu Claro ; Simples ; Não Informado ; Não ;2;1;0;0;1;0;0;2;-10,64470866;-38,95468322; SPRF-BA ; DEL07-BA ; UOP02-DEL07-BA 
500486;2023-01-23; segunda-feira ; 11:04:00 ; DF ;40;6; BRASILIA ; Ausência de reação do condutor ; Colisão traseira ; Com Vítimas Feridas ; Pleno dia ; Crescente ; Céu Claro ; Dupla ; Reta ; Sim ;1;0;1;0;0;0;1;1;-16,029741;-47,978867; SPRF-DF ; DEL01-DF ; UOP01-DEL01-DF 
500487;2023-01-21; sábado ; 13:00:00 ; PB ;101;74,8; SANTA RITA ; Reação tardia ou ineficiente do condutor ; Tombamento ; Com Vítimas Feridas ; Pleno dia ; Crescente ; Céu Claro ; Dupla ; Não Informado ; Não ;2;0;0;1;0;1;1;1;-7,083677;-34,972977; SPRF-PB ; DEL01-PB ; UOP04-DEL01-PB 
500488;2023-01-22; domingo ; 14:25:00 ; SP ;116;303; SAO LOURENCO DA SERRA ; Ausência de reação do condutor ; Saída de leito carroçável ; Com Vítimas Fatais ; Pleno dia ; Decrescente ; Céu Claro ; Múltipla ; Reta ; Não ;3;1;1;0;1;0;1;1;-23,82760675;-46,92631345; SPRF-SP ; DEL04-SP ; UOP01-DEL04-SP 
500493;2023-01-20; sexta-feira ; 19:50:00 ; SP ;153;79; BADY BASSITT ; Pedestre andava na pista ; Atropelamento de Pedestre ; Com Vítimas Fatais ; Plena Noite ; Crescente ; Garoa/Chuvisco ; Dupla ; Desvio Temporário ; Não ;3;1;0;0;1;1;0;2;-20,90672129;-49,4709489; SPRF-SP ; DEL09-SP ; UOP01-DEL09-SP 
500495;2023-01-21; sábado ; 15:30:00 ; RJ ;116;37; TERESOPOLIS ; Acessar a via sem observar a presença dos outros veículos ; Colisão transversal ; Com Vítimas Feridas ; Pleno dia ; Crescente ; Chuva ; Simples ; Curva ; Não ;4;0;1;0;3;0;1;2;-22,11701917;-42,78157123; SPRF-RJ ; DEL04-RJ ; UOP02-DEL04-RJ 
500496;2023-01-21; sábado ; 21:00:00 ; RS ;470;240; CARLOS BARBOSA ; Transitar na contramão ; Colisão lateral sentido oposto ; Sem Vítimas ; Plena Noite ; Crescente ; Céu Claro ; Simples ; Curva ; Não ;2;0;0;0;2;0;0;2;-29,3509201;-51,51359868; SPRF-RS ; DEL06-RS ; UOP01-DEL06-RS 