 id ; data_inversa ; dia_semana ; horario ; uf ; br ; km ; municipio ; causa_acidente ; tipo_acidente ; classificacao_acidente ; fase_dia ; sentido_via ; condicao_metereologica ; tipo_pista ; tracado_via ; uso_solo ; pessoas ; mortos ; feridos_leves ; feridos_graves ; ilesos ; ignorados ; feridos ; veiculos ; latitude ; longitude ; regional ; delegacia ; uop 
500498;2023-01-21; sábado ; 07:30:00 ; MG ;153;59; MONTE ALEGRE DE MINAS ; Acostamento em desnível ; Queda de ocupante de veículo ; Com Vítimas Feridas ; Pleno dia ; Decrescente ; Nublado ; Simples ; Reta ; Não ;1;0;1;0;0;0;1;1;-18,88622703;-49,05195006; SPRF-MG ; DEL15-MG ; UOP03-DEL15-MG 
500499;2023-01-23; segunda-feira ; 12:10:00 ; PR ;158;535; PATO BRANCO ; Acessar a via sem observar a presença dos outros veículos ; Colisão transversal ; Com Vítimas Feridas ; Pleno dia ; Crescente ; Céu Claro ; Simples ; Reta ; Sim ;3;0;1;0;2;0;1;2;-26,23547098;-52,69066504; SPRF-PR ; DEL02-PR ; UOP01-DEL02-PR 
500500;2023-01-21; sábado ; 20:50:00 ; PE ;101;78; RECIFE ; Ausência de reação do condutor ; Colisão traseira ; Com Vítimas Feridas ; Plena Noite ; Crescente ; Céu Claro ; Dupla ; Curva ; Sim ;3;0;1;0;2;0;1;2;-8,1435024142;-34,9474884601; SPRF-PE ; DEL01-PE ; UOP01-DEL01-PE 
500501;2023-01-21; sábado ; 09:00:00 ; MG ;381;844,2; SAO SEBASTIAO DA BELA VISTA ; Manobra de mudança de faixa ; Tombamento ; Com Vítimas Feridas ; Pleno dia ; Decrescente ; Nublado ; Dupla ; Não Informado ; Não ;5;0;3;0;2;0;3;2;-22,1969417;-45,85144043; SPRF-MG ; DEL16-MG ; UOP01-DEL16-MG 
500503;2023-01-23; segunda-feira ; 07:40:00 ; PE ;116;42; SALGUEIRO ; Acesso irregular ; Colisão transversal ; Com Vítimas Feridas ; Pleno dia ; Crescente ; Nublado ; Simples ; Reta ; Não ;3;0;3;0;0;0;3;2;-8,205779;-39,104805; SPRF-PE ; DEL05-PE ; UOP01-DEL05-PE 
500504;2023-01-21; sábado ; 04:30:00 ; ES ;101;91,5; JAGUARE ; Reação tardia ou ineficiente do condutor ; Queda de ocupante de veículo ; Com Vítimas Feridas ; Plena Noite ; Crescente ; Céu Claro ; Simples ; Reta ; Não ;1;0;1;0;0;0;1;1;-18,90626994;-39,95995813; SPRF-ES ; DEL04-ES ; UOP02-DEL04-ES 
500511;2023-01-23; segunda-feira ; 12:30:00 ; MG ;381;906; CAMBUI ; Velocidade Incompatível ; Colisão com objeto ; Com Vítimas Feridas ; Pleno dia ; Decrescente ; Chuva ; Dupla ; Não Informado ; Não ;1;0;1;0;0;0;1;1;-22,70254777;-46,11752735; SPRF-MG ; DEL16-MG ; UOP03-DEL16-MG 
500514;2023-01-21; sábado ; 22:20:00 ; PI ;222;126; BATALHA ; Transitar na contramão ; Colisão lateral sentido oposto ; Com Vítimas Fatais ; Plena Noite ; Crescente ; Céu Claro ; Simples ; Reta ; Sim ;3;1;0;1;1;0;1;2;-4,02421811;-42,07781804; SPRF-PI ; DEL02-PI ; UOP01-DEL02-PI 
500515;2023-01-23; segunda-feira ; 12:00:00 ; MG ;381;449; SABARA ; Reação tardia ou ineficiente do condutor ; Colisão traseira ; Sem Vítimas ; Pleno dia ; Crescente ; Nublado ; Simples ; Não Informado ; Sim ;2;0;0;0;2;0;0;2;-19,84164036;-43,86232683; SPRF-MG ; DEL01-MG ; UOP01-DEL01-MG 
500516;2023-01-21; sábado ; 15:30:00 ; RN ;226;11; MACAIBA ; Ingestão de álcool e/ou substâncias psicoativas pelo pedestre ; Colisão transversal ; Com Vítimas Feridas ; Pleno dia ; Decrescente ; Céu Claro ; Simples ; Reta ; Sim ;4;0;1;0;2;1;1;2;-5,84572966;-35,30339507; SPRF-RN ; DEL01-RN ; UOP02-DEL01-RN 
500517;2023-01-04; quarta-feira ; 16:40:00 ; PA ;163;339; NOVO PROGRESSO ; Transitar na contramão ; Saída de leito carroçável ; Sem Vítimas ; Pleno dia ; Crescente ; Céu Claro ; Simples ; Reta ; Não ;4;0;0;0;0;4;0;1;-6,820006;-55,46949; SPRF-PA ; DEL05-PA ; UOP01-DEL05-PA 
500518;2023-01-23; segunda-feira ; 12:05:00 ; PR ;277;156; PORTO AMAZONAS ; Chuva ; Saída de leito carroçável ; Sem Vítimas ; Pleno dia ; Decrescente ; Chuva ; Simples ; Curva ; Não ;3;0;0;0;3;0;0;1;-25,47289;-49,895964; SPRF-PR ; DEL03-PR ; UOP03-DEL03-PR 
500519;2023-01-23; segunda-feira ; 08:10:00 ; PB ;230;405,4; POMBAL ; Acessar a via sem observar a presença dos outros veículos ; Colisão lateral mesmo sentido ; Com Vítimas Feridas ; Pleno dia ; Crescente ; Céu Claro ; Simples ; Não Informado ; Sim ;3;0;2;0;1;0;2;2;-6,786765;-37,795289; SPRF-PB ; DEL03-PB ; UOP02-DEL03-PB 
500523;2023-01-23; segunda-feira ; 13:09:00 ; GO ;40;12; LUZIANIA ; Condutor deixou de manter distância do veículo da frente ; Colisão transversal ; Com Vítimas Feridas ; Pleno dia ; Crescente ; Céu Claro ; Múltipla ; Reta ; Sim ;2;0;1;0;1;0;1;2;-16,145123;-47,945382; SPRF-DF ; DEL01-DF ; UOP01-DEL01-DF 
500524;2023-01-21; sábado ; 16:05:00 ; PE ;101;67,2; RECIFE ; Reação tardia ou ineficiente do condutor ; Colisão traseira ; Com Vítimas Feridas ; Pleno dia ; Crescente ; Céu Claro ; Múltipla ; Reta ; Sim ;3;0;2;0;1;0;2;2;-8,044685;-34,944217; SPRF-PE ; DEL01-PE ; UOP01-DEL01-PE 
500525;2023-01-23; segunda-feira ; 10:00:00 ; PR ;277;179,2; PALMEIRA ; Reação tardia ou ineficiente do condutor ; Saída de leito carroçável ; Com Vítimas Feridas ; Pleno dia ; Crescente ; Céu Claro ; Simples ; Não Informado ; Não ;4;0;1;0;3;0;1;1;-25,435076;-50,011779; SPRF-PR ; DEL08-PR ; UOP02-DEL08-PR 
500527;2023-01-22; domingo ; 04:30:00 ; ES ;101;287; CARIACICA ; Condutor deixou de manter distância do veículo da frente ; Colisão traseira ; Com Vítimas Feridas ; Amanhecer ; Decrescente ; Chuva ; Dupla ; Reta ; Não ;2;0;0;1;1;0;1;2;-20,26493528;-40,38471702; SPRF-ES ; DEL01-ES ; UOP01-DEL01-ES 
500529;2023-01-23; segunda-feira ; 10:30:00 ; SC ;282;4; SAO JOSE ; Pedestre cruzava a pista fora da faixa ; Atropelamento de Pedestre ; Com Vítimas Feridas ; Pleno dia ; Crescente ; Céu Claro ; Múltipla ; Não Informado ; Sim ;3;0;0;1;2;0;1;1;-27,592646;-48,604034; SPRF-SC ; DEL01-SC ; UOP01-DEL01-SC 
500530;2023-01-22; domingo ; 18:00:00 ; MA ;10;250; IMPERATRIZ ; Ingestão de álcool pelo condutor ; Atropelamento de Pedestre ; Com Vítimas Feridas ; Plena Noite ; Decrescente ; Nublado ; Dupla ; Reta ; Não ;2;0;1;1;0;0;2;1;-5,550874;-47,459305; SPRF-MA ; DEL04-MA ; UOP01-DEL04-MA 
500531;2023-01-21; sábado ; 11:30:00 ; ES ;101;50; SAO MATEUS ; Ultrapassagem Indevida ; Saída de leito carroçável ; Com Vítimas Feridas ; Pleno dia ; Decrescente ; Nublado ; Simples ; Reta ; Não ;2;0;2;0;0;0;2;1;-18,58588752;-39,89233239; SPRF-ES ; DEL04-ES ; UOP02-DEL04-ES 
500532;2023-01-20; sexta-feira ; 17:50:00 ; SC ;101;122,6; ITAJAI ; Trafegar com motocicleta (ou similar) entre as faixas ; Colisão traseira ; Com Vítimas Feridas ; Pleno dia ; Crescente ; Céu Claro ; Dupla ; Reta ; Sim ;2;0;0;1;1;0;1;2;-26,92955916;-48,70499836; SPRF-SC ; DEL04-SC ; UOP04-DEL04-SC 
500533;2023-01-21; sábado ; 07:40:00 ; GO ;414;439; ANAPOLIS ; Acessar a via sem observar a presença dos outros veículos ; Colisão transversal ; Com Vítimas Feridas ; Pleno dia ; Decrescente ; Nublado ; Simples ; Não Informado ; Sim ;2;0;1;0;1;0;1;2;-16,28128823;-48,94258908; SPRF-GO ; DEL02-GO ; UOP01-DEL02-GO 
500534;2023-01-21; sábado ; 15:30:00 ; MG ;381;491,9; BETIM ; Pista esburacada ; Tombamento ; Com Vítimas Feridas ; Pleno dia ; Decrescente ; Chuva ; Múltipla ; Reta ; Sim ;1;0;1;0;0;0;1;1;-19,97490091;-44,19004301; SPRF-MG ; DEL01-MG ; UOP03-DEL01-MG 
500536;2023-01-21; sábado ; 17:00:00 ; ES ;101;29; CONCEICAO DA BARRA ; Velocidade Incompatível ; Saída de leito carroçável ; Sem Vítimas ; Pleno dia ; Decrescente ; Garoa/Chuvisco ; Simples ; Reta ; Não ;1;0;0;0;1;0;0;1;-18,39992188;-39,93877968; SPRF-ES ; DEL04-ES ; UOP02-DEL04-ES 
500537;2023-01-07; sábado ; 19:00:00 ; PR ;476;131,8; CURITIBA ; Condutor desrespeitou a iluminação vermelha do semáforo ; Atropelamento de Pedestre ; Com Vítimas Feridas ; Anoitecer ; Crescente ; Nublado ; Múltipla ; Reta ; Sim ;2;0;1;0;0;1;1;1;-25,4591221;-49,2502501; SPRF-PR ; DEL01-PR ; UOP03-DEL01-PR 
500538;2023-01-21; sábado ; 08:15:00 ; PE ;424;88,1; GARANHUNS ; Manobra de mudança de faixa ; Colisão traseira ; Com Vítimas Feridas ; Pleno dia ; Crescente ; Céu Claro ; Simples ; Reta ; Sim ;3;0;0;2;1;0;2;2;-8,88289772;-36,50848532; SPRF-PE ; DEL03-PE ; UOP01-DEL03-PE 
500539;2023-01-21; sábado ; 11:00:00 ; RJ ;40;78; PETROPOLIS ; Chuva ; Capotamento ; Com Vítimas Feridas ; Pleno dia ; Crescente ; Chuva ; Dupla ; Não Informado ; Não ;4;0;1;0;3;0;1;1;-22,486377;-43,2269311; SPRF-RJ ; DEL06-RJ ; UOP02-DEL06-RJ 
500544;2023-01-23; segunda-feira ; 13:45:00 ; SP ;381;69; MAIRIPORA ; Velocidade Incompatível ; Colisão com objeto ; Com Vítimas Feridas ; Pleno dia ; Decrescente ; Nublado ; Múltipla ; Reta ; Não ;2;0;1;0;1;0;1;1;-23,34553108;-46,56787903; SPRF-SP ; DEL03-SP ; UOP01-DEL03-SP 
500546;2023-01-21; sábado ; 16:00:00 ; RJ ;40;81; PETROPOLIS ; Avarias e/ou desgaste excessivo no pneu ; Saída de leito carroçável ; Com Vítimas Feridas ; Pleno dia ; Crescente ; Chuva ; Simples ; Não Informado ; Não ;4;0;1;0;3;0;1;1;-22,50560003;-43,23186384; SPRF-RJ ; DEL06-RJ ; UOP02-DEL06-RJ 
500548;2023-01-23; segunda-feira ; 14:56:00 ; MG ;262;175; SAO DOMINGOS DO PRATA ; Pista esburacada ; Capotamento ; Com Vítimas Feridas ; Pleno dia ; Crescente ; Nublado ; Simples ; Curva ; Não ;2;0;2;0;0;0;2;1;-19,93200618;-42,95476933; SPRF-MG ; DEL03-MG ; UOP01-DEL03-MG 
500550;2023-01-23; segunda-feira ; 12:50:00 ; SC ;101;154; PORTO BELO ; Avarias e/ou desgaste excessivo no pneu ; Tombamento ; Com Vítimas Feridas ; Pleno dia ; Decrescente ; Céu Claro ; Múltipla ; Reta ; Não ;2;0;2;0;0;0;2;1;-27,153819;-48,61086393; SPRF-SC ; DEL04-SC ; UOP03-DEL04-SC 
500553;2023-01-20; sexta-feira ; 20:00:00 ; TO ;10;434; PALMAS ; Reação tardia ou ineficiente do condutor ; Colisão traseira ; Com Vítimas Feridas ; Plena Noite ; Decrescente ; Céu Claro ; Múltipla ; Não Informado ; Sim ;3;0;3;0;0;0;3;2;-10,23826108;-48,31165502; SPRF-TO ; DEL01-TO ; UOP03-DEL01-TO 
500554;2023-01-23; segunda-feira ; 11:20:00 ; MS ;267;506,5; JARDIM ; Reação tardia ou ineficiente do condutor ; Saída de leito carroçável ; Com Vítimas Feridas ; Pleno dia ; Decrescente ; Chuva ; Simples ; Não Informado ; Não ;3;0;2;1;0;0;3;1;-21,46225917;-56,35517398; SPRF-MS ; DEL05-MS ; UOP01-DEL05-MS 
500555;2023-01-22; domingo ; 20:15:00 ; PA ;316;57; CASTANHAL ; Ausência de reação do condutor ; Colisão com objeto ; Com Vítimas Feridas ; Plena Noite ; Crescente ; Ignorado ; Dupla ; Reta ; Sim ;1;0;1;0;0;0;1;1;-1,299203;-47,967472; SPRF-PA ; DEL01-PA ; UOP01-DEL01-PA 
500556;2023-01-23; segunda-feira ; 14:20:00 ; SC ;101;82; BARRA VELHA ; Demais falhas mecânicas ou elétricas ; Tombamento ; Com Vítimas Feridas ; Pleno dia ; Decrescente ; Sol ; Dupla ; Não Informado ; Não ;2;0;1;1;0;0;2;1;-26,61721694;-48,71884525; SPRF-SC ; DEL03-SC ; UOP02-DEL03-SC 
500560;2023-01-23; segunda-feira ; 14:57:00 ; ES ;101;293,5; CARIACICA ; Ausência de reação do condutor ; Colisão traseira ; Com Vítimas Feridas ; Pleno dia ; Crescente ; Nublado ; Dupla ; Curva ; Sim ;3;0;1;0;2;0;1;2;-20,31526144;-40,39567044; SPRF-ES ; DEL01-ES ; UOP01-DEL01-ES 
500561;2023-01-20; sexta-feira ; 20:00:00 ; SP ;116;561; BARRA DO TURVO ; Reação tardia ou ineficiente do condutor ; Capotamento ; Sem Vítimas ; Pleno dia ; Decrescente ; Garoa/Chuvisco ; Dupla ; Curva ; Não ;1;0;0;0;0;1;0;1;-25,02045097;-48,51586004; SPRF-SP ; DEL05-SP ; UOP02-DEL05-SP 
500562;2023-01-23; segunda-feira ; 15:00:00 ; RS ;392;80; PELOTAS ; Velocidade Incompatível ; Saída de leito carroçável ; Com Vítimas Feridas ; Pleno dia ; Crescente ; Céu Claro ; Simples ; Reta ; Não ;5;0;1;1;3;0;2;5;-31,67630908;-52,4548941; SPRF-RS ; DEL07-RS ; UOP01-DEL07-RS 
500564;2023-01-23; segunda-feira ; 15:19:00 ; RN ;405;164,1; RAFAEL FERNANDES ; Acessar a via sem observar a presença dos outros veículos ; Colisão transversal ; Com Vítimas Fatais ; Pleno dia ; Crescente ; Sol ; Simples ; Reta ; Não ;2;1;0;0;1;0;0;2;-6,22171893;-38,23789208; SPRF-RN ; DEL04-RN ; UOP02-DEL04-RN 
500565;2023-01-21; sábado ; 07:00:00 ; PB ;230;148,7; CAMPINA GRANDE ; Acessar a via sem observar a presença dos outros veículos ; Colisão transversal ; Com Vítimas Feridas ; Pleno dia ; Decrescente ; Céu Claro ; Dupla ; Reta ; Sim ;3;0;1;1;1;0;2;2;-7,24788;-35,871505; SPRF-PB ; DEL02-PB ; UOP01-DEL02-PB 
500568;2023-01-22; domingo ; 07:15:00 ; AP ;210;2; MACAPA ; Ingestão de álcool pelo condutor ; Colisão transversal ; Sem Vítimas ; Pleno dia ; Decrescente ; Céu Claro ; Dupla ; Reta ; Sim ;2;0;0;0;2;0;0;2;0,08282017;-51,07776189; SPRF-AP ; N/A ; UOP01-DEL01-AP 
500569;2023-01-21; sábado ; 12:30:00 ; PR ;277;101,5; CURITIBA ; Manobra de mudança de faixa ; Colisão lateral mesmo sentido ; Com Vítimas Feridas ; Pleno dia ; Crescente ; Céu Claro ; Dupla ; Não Informado ; Não ;2;0;1;0;1;0;1;2;-25,4312742;-49,37659632; SPRF-PR ; DEL01-PR ; UAP06-DEL01-PR 
500570;2023-01-23; segunda-feira ; 15:00:00 ; SC ;101;117; ITAJAI ; Ausência de reação do condutor ; Colisão lateral mesmo sentido ; Com Vítimas Feridas ; Pleno dia ; Decrescente ; Céu Claro ; Dupla ; Não Informado ; Não ;2;0;1;0;1;0;1;2;-26,88747187;-48,72252969; SPRF-SC ; DEL04-SC ; UOP04-DEL04-SC 
500574;2023-01-22; domingo ; 20:00:00 ; SC ;101;385; ICARA ; Demais Fenômenos da natureza ; Saída de leito carroçável ; Com Vítimas Feridas ; Anoitecer ; Decrescente ; Céu Claro ; Dupla ; Reta ; Não ;1;0;1;0;0;0;1;1;-28,77262259;-49,3112922; SPRF-SC ; DEL02-SC ; UOP02-DEL02-SC 
500577;2023-01-23; segunda-feira ; 14:30:00 ; PR ;116;9; CAMPINA GRANDE DO SUL ; Condutor deixou de manter distância do veículo da frente ; Colisão traseira ; Com Vítimas Feridas ; Pleno dia ; Crescente ; Céu Claro ; Dupla ; Não Informado ; Não ;2;0;1;1;0;0;2;2;-25,3708;-49,1246; SPRF-PR ; DEL01-PR ; UOP02-DEL01-PR 
500578;2023-01-21; sábado ; 22:45:00 ; RS ;116;148,9; CAXIAS DO SUL ; Ingestão de álcool pelo condutor ; Colisão transversal ; Sem Vítimas ; Plena Noite ; Decrescente ; Céu Claro ; Múltipla ; Interseção de vias ; Sim ;4;0;0;0;4;0;0;2;-29,15444539;-51,15101681; SPRF-RS ; DEL05-RS ; UOP01-DEL05-RS 
500579;2023-01-23; segunda-feira ; 16:30:00 ; MG ;146;408,2; GUAXUPE ; Velocidade Incompatível ; Saída de leito carroçável ; Com Vítimas Feridas ; Pleno dia ; Crescente ; Chuva ; Simples ; Não Informado ; Não ;3;0;1;0;2;0;1;1;-21,31337;-46,606077; SPRF-MG ; DEL09-MG ; UOP01-DEL09-MG 
500581;2023-01-23; segunda-feira ; 02:30:00 ; SP ;116;139,4; SAO JOSE DOS CAMPOS ; Ausência de reação do condutor ; Colisão com objeto ; Com Vítimas Feridas ; Plena Noite ; Decrescente ; Céu Claro ; Dupla ; Reta ; Sim ;1;0;1;0;0;0;1;1;-23,16153216;-45,80400592; SPRF-SP ; DEL02-SP ; UOP01-DEL02-SP 
500583;2023-01-23; segunda-feira ; 11:30:00 ; CE ;20;212,4; BOA VIAGEM ; Obras na pista ; Tombamento ; Com Vítimas Feridas ; Pleno dia ; Decrescente ; Céu Claro ; Simples ; Não Informado ; Não ;1;0;1;0;0;0;1;1;-5,05326502;-39,69065897; SPRF-CE ; DEL02-CE ; UOP02-DEL02-CE 
500584;2023-01-21; sábado ; 21:00:00 ; GO ;153;359; JARAGUA ; Ingestão de álcool pelo condutor ; Saída de leito carroçável ; Sem Vítimas ; Plena Noite ; Decrescente ; Céu Claro ; Dupla ; Interseção de vias ; Não ;1;0;0;0;1;0;0;1;-15,742197;-49,320297; SPRF-GO ; DEL02-GO ; UOP02-DEL02-GO 
500587;2023-01-22; domingo ; 01:40:00 ; GO ;364;113; APARECIDA DO RIO DOCE ; Ausência de reação do condutor ; Saída de leito carroçável ; Sem Vítimas ; Plena Noite ; Decrescente ; Nublado ; Simples ; Não Informado ; Não ;1;0;0;0;0;1;0;1;-18,307617;-51,143929; SPRF-GO ; DEL05-GO ; UOP02-DEL05-GO 
500588;2023-01-23; segunda-feira ; 16:30:00 ; CE ;222;221; SOBRAL ; Animais na Pista ; Colisão com objeto ; Com Vítimas Feridas ; Pleno dia ; Crescente ; Céu Claro ; Simples ; Não Informado ; Não ;2;0;2;0;0;0;2;1;-3,72208783;-40,32840729; SPRF-CE ; DEL04-CE ; UOP01-DEL04-CE 
500591;2023-01-23; segunda-feira ; 16:30:00 ; RJ ;40;105; DUQUE DE CAXIAS ; Trafegar com motocicleta (ou similar) entre as faixas ; Colisão transversal ; Com Vítimas Feridas ; Pleno dia ; Crescente ; Nublado ; Múltipla ; Não Informado ; Sim ;2;0;1;0;1;0;1;2;-22,63784806;-43,28428824; SPRF-RJ ; DEL01-RJ ; UOP01-DEL01-RJ 
500592;2023-01-23; segunda-feira ; 15:20:00 ; PR ;116;10; CAMPINA GRANDE DO SUL ; Pista Escorregadia ; Capotamento ; Com Vítimas Feridas ; Pleno dia ; Crescente ; Chuva ; Dupla ; Curva ; Não ;2;0;0;1;1;0;1;1;-25,08357197;-48,64281407; SPRF-PR ; DEL01-PR ; UOP02-DEL01-PR 
500594;2023-01-22; domingo ; 05:00:00 ; PB ;230;218; SOLEDADE ; Ausência de reação do condutor ; Saída de leito carroçável ; Sem Vítimas ; Amanhecer ; Crescente ; Céu Claro ; Simples ; Não Informado ; Não ;1;0;0;0;0;1;0;1;-7,0492;-36,3843; SPRF-PB ; DEL02-PB ; UOP02-DEL02-PB 
500596;2023-01-21; sábado ; 15:30:00 ; PE ;232;149; SAO CAITANO ; Avarias e/ou desgaste excessivo no pneu ; Saída de leito carroçável ; Sem Vítimas ; Pleno dia ; Decrescente ; Céu Claro ; Dupla ; Reta ; Não ;1;0;0;0;1;0;0;1;-8,32744699;-36,15405; SPRF-PE ; DEL03-PE ; UOP02-DEL03-PE 
500597;2023-01-23; segunda-feira ; 10:10:00 ; RO ;364;763; PORTO VELHO ; Acessar a via sem observar a presença dos outros veículos ; Saída de leito carroçável ; Com Vítimas Feridas ; Pleno dia ; Decrescente ; Céu Claro ; Simples ; Reta ; Não ;2;0;1;0;0;1;1;1;-9,11536439;-64,11490778; SPRF-RO ; DEL01-RO ; UOP02-DEL01-RO 
500598;2023-01-23; segunda-feira ; 12:30:00 ; MG ;262;548; LUZ ; Demais falhas mecânicas ou elétricas ; Incêndio ; Sem Vítimas ; Pleno dia ; Crescente ; Nublado ; Simples ; Não Informado ; Não ;1;0;0;0;1;0;0;1;-19,73163489;-45,8631039; SPRF-MG ; DEL08-MG ; UOP02-DEL08-MG 
500600;2023-01-20; sexta-feira ; 22:39:00 ; PI ;316;7; TERESINA ; Manobra de mudança de faixa ; Colisão lateral mesmo sentido ; Com Vítimas Feridas ; Plena Noite ; Crescente ; Céu Claro ; Dupla ; Reta ; Sim ;2;0;1;0;1;0;1;2;-5,15584638;-42,77173332; SPRF-PI ; DEL01-PI ; UOP02-DEL01-PI 
500601;2023-01-23; segunda-feira ; 16:50:00 ; PR ;369;149; LONDRINA ; Condutor desrespeitou a iluminação vermelha do semáforo ; Colisão transversal ; Sem Vítimas ; Pleno dia ; Crescente ; Céu Claro ; Dupla ; Não Informado ; Sim ;2;0;0;0;2;0;0;2;-23,29280583;-51,15455389; SPRF-PR ; DEL07-PR ; UOP01-DEL07-PR 
500603;2023-01-23; segunda-feira ; 17:20:00 ; SP ;116;216; GUARULHOS ; Trafegar com motocicleta (ou similar) entre as faixas ; Colisão traseira ; Com Vítimas Feridas ; Pleno dia ; Decrescente ; Nublado ; Múltipla ; Não Informado ; Sim ;2;0;1;0;1;0;1;2;-23,45056589;-46,46258105; SPRF-SP ; DEL01-SP ; UOP01-DEL01-SP 
500604;2023-01-23; segunda-feira ; 15:30:00 ; SC ;101;151; ITAPEMA ; Manobra de mudança de faixa ; Colisão lateral mesmo sentido ; Com Vítimas Feridas ; Pleno dia ; Decrescente ; Garoa/Chuvisco ; Dupla ; Reta ; Sim ;2;0;1;0;1;0;1;2;-27,126536;-48,609642; SPRF-SC ; DEL04-SC ; UOP03-DEL04-SC 
500605;2023-01-23; segunda-feira ; 17:40:00 ; SC ;101;217; PALHOCA ; Condutor deixou de manter distância do veículo da frente ; Colisão traseira ; Com Vítimas Feridas ; Pleno dia ; Crescente ; Nublado ; Dupla ; Reta ; Sim ;3;0;0;1;2;0;1;3;-27,66779034;-48,67393586; SPRF-SC ; DEL01-SC ; UOP02-DEL01-SC 
500606;2023-01-22; domingo ; 01:10:00 ; GO ;364;60,7; CACHOEIRA ALTA ; Ingestão de álcool pelo condutor ; Saída de leito carroçável ; Sem Vítimas ; Plena Noite ; Crescente ; Céu Claro ; Simples ; Reta ; Não ;1;0;0;0;1;0;0;1;-18,7332;-50,947502; SPRF-GO ; DEL05-GO ; UOP02-DEL05-GO 
500609;2023-01-22; domingo ; 04:30:00 ; PR ;376;334; ORTIGUEIRA ; Velocidade Incompatível ; Colisão com objeto ; Com Vítimas Fatais ; Plena Noite ; Decrescente ; Céu Claro ; Simples ; Interseção de vias ; Não ;1;1;0;0;0;0;0;1;-24,11348;-51,03336; SPRF-PR ; DEL07-PR ; UOP02-DEL07-PR 
500610;2023-01-23; segunda-feira ; 17:55:00 ; GO ;80;117; VILA PROPICIO ; Ultrapassagem Indevida ; Saída de leito carroçável ; Com Vítimas Fatais ; Anoitecer ; Crescente ; Chuva ; Simples ; Reta ; Não ;1;1;0;0;0;0;0;1;-15,208875;-48,697312; SPRF-GO ; DEL07-GO ; UOP02-DEL07-GO 
500612;2023-01-23; segunda-feira ; 17:50:00 ; RS ;287;396; SANTIAGO ; Acessar a via sem observar a presença dos outros veículos ; Colisão transversal ; Com Vítimas Feridas ; Pleno dia ; Crescente ; Céu Claro ; Simples ; Curva ; Sim ;2;0;1;0;1;0;1;2;-29,17770678;-54,84942019; SPRF-RS ; DEL12-RS ; UOP02-DEL12-RS 
500613;2023-01-21; sábado ; 11:30:00 ; GO ;40;84,6; CRISTALINA ; Velocidade Incompatível ; Colisão traseira ; Com Vítimas Feridas ; Pleno dia ; Crescente ; Chuva ; Dupla ; Reta ; Não ;4;0;3;0;1;0;3;2;-16,704572;-47,689396; SPRF-DF ; DEL01-DF ; UOP04-DEL01-DF 
500614;2023-01-23; segunda-feira ; 16:40:00 ; MG ;381;707,3; NEPOMUCENO ; Velocidade Incompatível ; Saída de leito carroçável ; Com Vítimas Feridas ; Pleno dia ; Decrescente ; Chuva ; Dupla ; Não Informado ; Não ;1;0;1;0;0;0;1;1;-21,36199299;-45,19169583; SPRF-MG ; DEL04-MG ; UOP02-DEL04-MG 
500616;2023-01-23; segunda-feira ; 18:15:00 ; PR ;277;586; CASCAVEL ; Conversão proibida ; Colisão transversal ; Com Vítimas Feridas ; Pleno dia ; Crescente ; Céu Claro ; Simples ; Reta ; Sim ;2;0;1;0;1;0;1;2;-24,9649472;-53,4210459; SPRF-PR ; DEL04-PR ; UOP01-DEL04-PR 
500620;2023-01-22; domingo ; 17:50:00 ; MS ;262;365; CAMPO GRANDE ; Conversão proibida ; Colisão frontal ; Com Vítimas Feridas ; Plena Noite ; Decrescente ; Chuva ; Simples ; Reta ; Sim ;4;0;3;0;1;0;3;3;-20,49132429;-54,74025306; SPRF-MS ; DEL01-MS ; UOP03-DEL01-MS 
500621;2023-01-23; segunda-feira ; 18:00:00 ; PR ;376;5; MANDAGUARI ; Conversão proibida ; Colisão transversal ; Com Vítimas Feridas ; Pleno dia ; Decrescente ; Céu Claro ; Simples ; Reta ; Sim ;2;0;2;0;0;0;2;2;-23,547966;-51,671265; SPRF-PR ; DEL09-PR ; UOP01-DEL09-PR 
500622;2023-01-23; segunda-feira ; 16:30:00 ; MT ;163;56,1; ITIQUIRA ; Acumulo de água sobre o pavimento ; Saída de leito carroçável ; Com Vítimas Fatais ; Pleno dia ; Crescente ; Chuva ; Dupla ; Não Informado ; Não ;2;1;0;0;1;0;0;1;-17,02147497;-54,76233709; SPRF-MT ; DEL02-MT ; UOP03-DEL02-MT 
500625;2023-01-23; segunda-feira ; 18:40:00 ; GO ;153;414; ANAPOLIS ; Animais na Pista ; Atropelamento de Animal ; Com Vítimas Feridas ; Anoitecer ; Decrescente ; Nublado ; Simples ; Não Informado ; Não ;2;0;2;0;0;0;2;1;-16,125668;-49,043564; SPRF-GO ; DEL02-GO ; UOP02-DEL02-GO 
500626;2023-01-23; segunda-feira ; 18:11:00 ; PB ;101;76; SANTA RITA ; Condutor deixou de manter distância do veículo da frente ; Colisão traseira ; Com Vítimas Feridas ; Plena Noite ; Crescente ; Céu Claro ; Dupla ; Reta ; Não ;2;0;1;0;1;0;1;2;-7,09085711;-34,96857932; SPRF-PB ; DEL01-PB ; UOP04-DEL01-PB 