 id ; data_inversa ; dia_semana ; horario ; uf ; br ; km ; municipio ; causa_acidente ; tipo_acidente ; classificacao_acidente ; fase_dia ; sentido_via ; condicao_metereologica ; tipo_pista ; tracado_via ; uso_solo ; pessoas ; mortos ; feridos_leves ; feridos_graves ; ilesos ; ignorados ; feridos ; veiculos ; latitude ; longitude ; regional ; delegacia ; uop 
500739;2023-01-24; terça-feira ; 08:25:00 ; SC ;101;127; ITAJAI ; Condutor deixou de manter distância do veículo da frente ; Colisão traseira ; Com Vítimas Feridas ; Pleno dia ; Decrescente ; Céu Claro ; Dupla ; Reta ; Não ;2;0;1;0;1;0;1;2;-26,9639319;-48,68328024; SPRF-SC ; DEL04-SC ; UOP04-DEL04-SC 
500741;2023-01-20; sexta-feira ; 17:00:00 ; MG ;116;812; ALEM PARAIBA ; Velocidade Incompatível ; Saída de leito carroçável ; Com Vítimas Feridas ; Anoitecer ; Crescente ; Chuva ; Simples ; Não Informado ; Não ;5;0;0;5;0;0;5;1;-21,8449291;-42,67297203; SPRF-MG ; DEL07-MG ; UOP01-DEL07-MG 
500743;2023-01-20; sexta-feira ; 18:24:00 ; PR ;277;714,7; FOZ DO IGUACU ; Reação tardia ou ineficiente do condutor ; Colisão traseira ; Com Vítimas Feridas ; Pleno dia ; Decrescente ; Sol ; Dupla ; Reta ; Não ;3;0;0;1;2;0;1;2;-25,4650714;-54,44902954; SPRF-PR ; DEL05-PR ; UOP01-DEL05-PR 
500745;2023-01-20; sexta-feira ; 21:20:00 ; GO ;60;89; ANAPOLIS ; Acessar a via sem observar a presença dos outros veículos ; Tombamento ; Com Vítimas Feridas ; Plena Noite ; Decrescente ; Céu Claro ; Dupla ; Reta ; Sim ;2;0;0;1;0;1;1;1;-16,3367;-48,8957; SPRF-GO ; DEL02-GO ; UOP01-DEL02-GO 
500746;2023-01-21; sábado ; 04:40:00 ; SC ;101;89,3; BARRA VELHA ; Reação tardia ou ineficiente do condutor ; Capotamento ; Com Vítimas Feridas ; Plena Noite ; Decrescente ; Céu Claro ; Dupla ; Reta ; Sim ;1;0;1;0;0;0;1;1;-26,65175997;-48,68721921; SPRF-SC ; DEL03-SC ; UOP02-DEL03-SC 
500747;2023-01-24; terça-feira ; 08:00:00 ; MA ;230;407; BALSAS ; Acessar a via sem observar a presença dos outros veículos ; Colisão transversal ; Com Vítimas Feridas ; Pleno dia ; Decrescente ; Céu Claro ; Simples ; Reta ; Sim ;2;0;0;1;1;0;1;2;-7,51919168;-46,06740888; SPRF-MA ; DEL05-MA ; UOP01-DEL05-MA 
500748;2023-01-20; sexta-feira ; 19:40:00 ; MT ;163;786; VERA ; Ingestão de álcool pelo condutor ; Saída de leito carroçável ; Sem Vítimas ; Plena Noite ; Decrescente ; Céu Claro ; Simples ; Interseção de vias ; Não ;2;0;0;0;2;0;0;1;-12,28711818;-55,56221565; SPRF-MT ; DEL06-MT ; UOP02-DEL06-MT 
500749;2023-01-21; sábado ; 10:30:00 ; SP ;381;82; SAO PAULO ; Reação tardia ou ineficiente do condutor ; Colisão traseira ; Com Vítimas Feridas ; Pleno dia ; Crescente ; Nublado ; Múltipla ; Não Informado ; Sim ;2;0;1;0;0;1;1;2;-23,42399;-46,575112; SPRF-SP ; DEL03-SP ; UOP01-DEL03-SP 
500750;2023-01-20; sexta-feira ; 22:45:00 ; GO ;40;7; VALPARAISO DE GOIAS ; Reação tardia ou ineficiente do condutor ; Colisão lateral mesmo sentido ; Sem Vítimas ; Plena Noite ; Crescente ; Céu Claro ; Dupla ; Reta ; Sim ;2;0;0;0;1;1;0;2;-16,108482;-47,972524; SPRF-DF ; DEL01-DF ; UOP01-DEL01-DF 
500751;2023-01-24; terça-feira ; 09:30:00 ; PR ;369;150; LONDRINA ; Reação tardia ou ineficiente do condutor ; Colisão traseira ; Sem Vítimas ; Pleno dia ; Crescente ; Céu Claro ; Dupla ; Não Informado ; Não ;3;0;0;0;3;0;0;3;-23,29291423;-51,16316915; SPRF-PR ; DEL07-PR ; UOP01-DEL07-PR 
500752;2023-01-23; segunda-feira ; 23:00:00 ; RJ ;40;119,7; DUQUE DE CAXIAS ; Reação tardia ou ineficiente do condutor ; Capotamento ; Com Vítimas Feridas ; Plena Noite ; Crescente ; Chuva ; Múltipla ; Reta ; Sim ;1;0;1;0;0;0;1;1;-22,76375592;-43,28683062; SPRF-RJ ; DEL01-RJ ; UOP01-DEL01-RJ 
500753;2023-01-20; sexta-feira ; 19:40:00 ; RO ;364;199,7; PIMENTA BUENO ; Ingestão de álcool pelo condutor ; Colisão com objeto ; Sem Vítimas ; Plena Noite ; Decrescente ; Céu Claro ; Simples ; Rotatória ; Sim ;1;0;0;0;0;1;0;1;-11,656688;-61,191955; SPRF-RO ; DEL02-RO ; UOP02-DEL02-RO 
500754;2023-01-20; sexta-feira ; 21:00:00 ; MS ;262;386; TERENOS ; Problema com o freio ; Atropelamento de Pedestre ; Com Vítimas Feridas ; Plena Noite ; Crescente ; Céu Claro ; Simples ; Reta ; Não ;1;0;0;1;0;0;1;1;-20,43132423;-54,89118605; SPRF-MS ; DEL01-MS ; UOP03-DEL01-MS 
500757;2023-01-21; sábado ; 06:45:00 ; MS ;163;486,4; CAMPO GRANDE ; Reação tardia ou ineficiente do condutor ; Capotamento ; Com Vítimas Feridas ; Pleno dia ; Decrescente ; Nublado ; Simples ; Não Informado ; Não ;2;0;0;1;1;0;1;1;-20,4336361;-54,54376745; SPRF-MS ; DEL01-MS ; UOP02-DEL01-MS 
500759;2023-01-20; sexta-feira ; 20:00:00 ; SC ;101;189,6; BIGUACU ; Manobra de mudança de faixa ; Colisão traseira ; Com Vítimas Feridas ; Plena Noite ; Decrescente ; Céu Claro ; Dupla ; Reta ; Não ;2;0;1;0;1;0;1;2;-27,459393;-48,638914; SPRF-SC ; DEL01-SC ; UOP01-DEL01-SC 
500760;2023-01-24; terça-feira ; 09:40:00 ; RJ ;101;488; ANGRA DOS REIS ; Pista em desnível ; Tombamento ; Com Vítimas Feridas ; Pleno dia ; Crescente ; Nublado ; Simples ; Reta ; Não ;1;0;1;0;0;0;1;1;-22,96213447;-44,29725587; SPRF-RJ ; DEL03-RJ ; UOP02-DEL03-RJ 
500763;2023-01-21; sábado ; 01:20:00 ; MS ;163;329; RIO BRILHANTE ; Carga excessiva e/ou mal acondicionada ; Incêndio ; Sem Vítimas ; Plena Noite ; Crescente ; Nublado ; Simples ; Reta ; Não ;1;0;0;0;0;1;0;1;-21,73378102;-54,51255295; SPRF-MS ; DEL02-MS ; UOP02-DEL02-MS 
500764;2023-01-21; sábado ; 04:30:00 ; AC ;364;131; RIO BRANCO ; Ausência de reação do condutor ; Saída de leito carroçável ; Sem Vítimas ; Amanhecer ; Decrescente ; Céu Claro ; Dupla ; Curva ; Sim ;1;0;0;0;1;0;0;1;-10,01594689;-67,84093848; SPRF-AC ; N/A ; UOP01-DEL01-AC 
500765;2023-01-21; sábado ; 18:15:00 ; RS ;116;236,1; NOVO HAMBURGO ; Acumulo de água sobre o pavimento ; Saída de leito carroçável ; Sem Vítimas ; Anoitecer ; Decrescente ; Nublado ; Simples ; Reta ; Sim ;1;0;0;0;1;0;0;1;-29,66938502;-51,14304731; SPRF-RS ; DEL01-RS ; UOP02-DEL01-RS 
500768;2023-01-20; sexta-feira ; 20:00:00 ; MS ;376;58,5; GLORIA DE DOURADOS ; Reação tardia ou ineficiente do condutor ; Saída de leito carroçável ; Com Vítimas Feridas ; Plena Noite ; Crescente ; Céu Claro ; Simples ; Rotatória ; Não ;1;0;0;1;0;0;1;1;-22,45807104;-54,24922412; SPRF-MS ; DEL04-MS ; UOP01-DEL04-MS 
500769;2023-01-20; sexta-feira ; 18:50:00 ; RS ;158;329; SANTA MARIA ; Desrespeitar a preferência no cruzamento ; Colisão transversal ; Com Vítimas Feridas ; Pleno dia ; Crescente ; Céu Claro ; Dupla ; Não Informado ; Sim ;4;0;1;0;1;2;1;2;-29,71044468;-53,82100409; SPRF-RS ; DEL09-RS ; UOP01-DEL09-RS 
500770;2023-01-05; quinta-feira ; 09:30:00 ; ES ;101;258,5; SERRA ; Entrada inopinada do pedestre ; Atropelamento de Pedestre ; Com Vítimas Feridas ; Pleno dia ; Crescente ; Céu Claro ; Dupla ; Curva ; Sim ;3;0;0;1;2;0;1;1;-20,13059888;-40,2961019; SPRF-ES ; DEL02-ES ; UOP01-DEL02-ES 
500771;2023-01-21; sábado ; 06:30:00 ; MG ;381;358; JOAO MONLEVADE ; Ingestão de álcool pelo condutor ; Saída de leito carroçável ; Sem Vítimas ; Amanhecer ; Crescente ; Chuva ; Simples ; Reta ; Sim ;1;0;0;0;1;0;0;1;-19,85592801;-43,21689055; SPRF-MG ; DEL03-MG ; UOP01-DEL03-MG 
500772;2023-01-21; sábado ; 20:00:00 ; MA ;135;6; SAO LUIS ; Pista Escorregadia ; Saída de leito carroçável ; Sem Vítimas ; Plena Noite ; Crescente ; Céu Claro ; Dupla ; Reta ; Sim ;2;0;0;0;2;0;0;1;-2,62904022;-44,31489056; SPRF-MA ; DEL01-MA ; UOP01-DEL01-MA 
500774;2023-01-21; sábado ; 00:30:00 ; RJ ;101;218; CASIMIRO DE ABREU ; Pista Escorregadia ; Capotamento ; Com Vítimas Feridas ; Plena Noite ; Crescente ; Céu Claro ; Dupla ; Reta ; Sim ;1;0;1;0;0;0;1;1;-22,50788881;-42,30025408; SPRF-RJ ; DEL02-RJ ; UOP03-DEL02-RJ 
500775;2023-01-22; domingo ; 13:20:00 ; SP ;116;40,2; CACHOEIRA PAULISTA ; Ausência de reação do condutor ; Colisão com objeto ; Com Vítimas Fatais ; Pleno dia ; Crescente ; Sol ; Múltipla ; Não Informado ; Não ;1;1;0;0;0;0;0;1;-22,68080728;-45,00688982; SPRF-SP ; DEL08-SP ; UOP02-DEL08-SP 
500776;2023-01-24; terça-feira ; 11:00:00 ; PB ;104;135,9; QUEIMADAS ; Condutor deixou de manter distância do veículo da frente ; Colisão traseira ; Com Vítimas Feridas ; Pleno dia ; Crescente ; Céu Claro ; Simples ; Não Informado ; Sim ;2;0;1;0;1;0;1;2;-7,33449509;-35,89813347; SPRF-PB ; DEL02-PB ; UOP03-DEL02-PB 
500777;2023-01-20; sexta-feira ; 18:00:00 ; RJ ;101;87; CAMPOS DOS GOYTACAZES ; Curva acentuada ; Capotamento ; Com Vítimas Feridas ; Pleno dia ; Crescente ; Chuva ; Dupla ; Curva ; Não ;2;0;2;0;0;0;2;1;-21,82626899;-41,49641201; SPRF-RJ ; DEL08-RJ ; UOP02-DEL08-RJ 
500779;2023-01-24; terça-feira ; 11:40:00 ; MG ;381;4; BETIM ; Reação tardia ou ineficiente do condutor ; Engavetamento ; Com Vítimas Feridas ; Pleno dia ; Decrescente ; Céu Claro ; Dupla ; Reta ; Sim ;3;0;1;0;2;0;1;3;-19,96825;-44,198708; SPRF-MG ; DEL01-MG ; UOP03-DEL01-MG 
500780;2023-01-24; terça-feira ; 11:00:00 ; PR ;163;135; CAPITAO LEONIDAS MARQUES ; Reação tardia ou ineficiente do condutor ; Saída de leito carroçável ; Com Vítimas Feridas ; Pleno dia ; Decrescente ; Céu Claro ; Dupla ; Não Informado ; Não ;1;0;1;0;0;0;1;1;-25,51424922;-53,59133676; SPRF-PR ; DEL04-PR ; UOP04-DEL04-PR 
500782;2023-01-22; domingo ; 05:55:00 ; RS ;158;327; SANTA MARIA ; Ingestão de álcool pelo condutor ; Saída de leito carroçável ; Com Vítimas Feridas ; Amanhecer ; Crescente ; Céu Claro ; Simples ; Não Informado ; Sim ;2;0;2;0;0;0;2;1;-29,714945;-53,81083; SPRF-RS ; DEL09-RS ; UOP01-DEL09-RS 
500783;2023-01-24; terça-feira ; 11:41:00 ; TO ;10;432; PALMAS ; Demais falhas mecânicas ou elétricas ; Colisão com objeto ; Sem Vítimas ; Pleno dia ; Crescente ; Céu Claro ; Simples ; Não Informado ; Não ;1;0;0;0;1;0;0;1;-10,288658;-48,297463; SPRF-TO ; DEL01-TO ; UOP03-DEL01-TO 
500784;2023-01-20; sexta-feira ; 19:35:00 ; RJ ;116;195; QUEIMADOS ; Avarias e/ou desgaste excessivo no pneu ; Queda de ocupante de veículo ; Com Vítimas Feridas ; Plena Noite ; Decrescente ; Céu Claro ; Múltipla ; Reta ; Sim ;2;0;2;0;0;0;2;1;-22,73573614;-43,54749701; SPRF-RJ ; DEL01-RJ ; UOP02-DEL01-RJ 
500788;2023-01-24; terça-feira ; 11:30:00 ; RO ;364;198; PIMENTA BUENO ; Manobra de mudança de faixa ; Colisão lateral mesmo sentido ; Com Vítimas Feridas ; Pleno dia ; Crescente ; Céu Claro ; Simples ; Não Informado ; Sim ;3;0;1;0;1;1;1;2;-11,67049488;-61,19146173; SPRF-RO ; DEL02-RO ; UOP02-DEL02-RO 
500789;2023-01-20; sexta-feira ; 22:00:00 ; SC ;101;252; PAULO LOPES ; Ausência de reação do condutor ; Colisão traseira ; Com Vítimas Feridas ; Plena Noite ; Crescente ; Céu Claro ; Dupla ; Reta ; Sim ;4;0;0;1;3;0;1;2;-27,959177;-48,67842358; SPRF-SC ; DEL02-SC ; UOP03-DEL02-SC 
500790;2023-01-24; terça-feira ; 11:00:00 ; MG ;267;152,2; LIMA DUARTE ; Velocidade Incompatível ; Saída de leito carroçável ; Com Vítimas Feridas ; Pleno dia ; Decrescente ; Chuva ; Simples ; Reta ; Não ;5;0;4;0;1;0;4;1;-21,825264;-43,75612716; SPRF-MG ; DEL05-MG ; UOP01-DEL05-MG 
500791;2023-01-24; terça-feira ; 11:30:00 ; SC ;282;108; ALFREDO WAGNER ; Ausência de reação do condutor ; Colisão traseira ; Sem Vítimas ; Pleno dia ; Decrescente ; Céu Claro ; Simples ; Não Informado ; Não ;2;0;0;0;2;0;0;2;-27,710777;-49,356228; SPRF-SC ; DEL01-SC ; UOP03-DEL01-SC 
500792;2023-01-21; sábado ; 15:30:00 ; ES ;101;223,8; FUNDAO ; Ausência de reação do condutor ; Colisão traseira ; Com Vítimas Feridas ; Pleno dia ; Crescente ; Céu Claro ; Simples ; Reta ; Não ;2;0;1;0;1;0;1;2;-19,88448281;-40,41556146; SPRF-ES ; DEL02-ES ; UOP01-DEL02-ES 
500793;2023-01-21; sábado ; 22:30:00 ; PR ;163;39,3; SANTO ANTONIO DO SUDOESTE ; Transitar na contramão ; Colisão frontal ; Com Vítimas Feridas ; Plena Noite ; Decrescente ; Céu Claro ; Simples ; Reta ; Não ;3;0;2;1;0;0;3;2;-26,036685;-53,732166; SPRF-PR ; DEL02-PR ; UOP02-DEL02-PR 
500795;2023-01-24; terça-feira ; 12:15:00 ; PE ;232;77,9; GRAVATA ; Velocidade Incompatível ; Colisão transversal ; Com Vítimas Feridas ; Pleno dia ; Crescente ; Céu Claro ; Dupla ; Reta ; Sim ;2;0;1;0;1;0;1;2;-8,19343863;-35,54300692; SPRF-PE ; DEL02-PE ; UOP02-DEL02PE 
500796;2023-01-21; sábado ; 05:00:00 ; PR ;277;660; MATELANDIA ; Reação tardia ou ineficiente do condutor ; Queda de ocupante de veículo ; Com Vítimas Feridas ; Amanhecer ; Decrescente ; Céu Claro ; Dupla ; Curva ; Não ;1;0;1;0;0;0;1;1;-25,25136237;-53,99027796; SPRF-PR ; DEL05-PR ; UOP02-DEL05-PR 
500797;2023-01-24; terça-feira ; 13:30:00 ; SC ;280;54,8; GUARAMIRIM ; Acessar a via sem observar a presença dos outros veículos ; Atropelamento de Pedestre ; Com Vítimas Feridas ; Pleno dia ; Decrescente ; Céu Claro ; Dupla ; Curva ; Sim ;2;0;0;1;1;0;1;1;-26,47552;-48,992246; SPRF-SC ; DEL03-SC ; UOP03-DEL03-SC 
500798;2023-01-24; terça-feira ; 13:15:00 ; RS ;153;47; ERECHIM ; Acessar a via sem observar a presença dos outros veículos ; Colisão transversal ; Com Vítimas Feridas ; Pleno dia ; Decrescente ; Céu Claro ; Simples ; Rotatória ; Sim ;3;0;1;0;2;0;1;2;-27,64530366;-52,24998023; SPRF-RS ; DEL08-RS ; UOP04-DEL08-RS 
500802;2023-01-21; sábado ; 13:30:00 ; SC ;101;214,4; PALHOCA ; Manobra de mudança de faixa ; Colisão lateral mesmo sentido ; Com Vítimas Feridas ; Pleno dia ; Crescente ; Céu Claro ; Múltipla ; Reta ; Sim ;3;0;1;0;2;0;1;2;-27,64443;-48,67057; SPRF-SC ; DEL01-SC ; UOP02-DEL01-SC 
500803;2023-01-22; domingo ; 06:30:00 ; MG ;262;437,1; NOVA SERRANA ; Velocidade Incompatível ; Colisão com objeto ; Com Vítimas Feridas ; Pleno dia ; Crescente ; Chuva ; Dupla ; Não Informado ; Não ;6;0;1;0;5;0;1;1;-19,89622194;-44,86972815; SPRF-MG ; DEL08-MG ; UOP03-DEL08-MG 
500804;2023-01-24; terça-feira ; 13:30:00 ; RS ;290;68,7; GRAVATAI ; Condutor deixou de manter distância do veículo da frente ; Tombamento ; Com Vítimas Feridas ; Pleno dia ; Crescente ; Céu Claro ; Dupla ; Interseção de vias ; Sim ;2;0;1;0;1;0;1;1;-29,9435746;-50,93811035; SPRF-RS ; DEL03-RS ; UOP01-DEL03-RS 
500805;2023-01-22; domingo ; 02:58:00 ; MT ;163;688; LUCAS DO RIO VERDE ; Ausência de reação do condutor ; Queda de ocupante de veículo ; Com Vítimas Feridas ; Plena Noite ; Decrescente ; Céu Claro ; Dupla ; Rotatória ; Não ;1;0;1;0;0;0;1;1;-13,17535188;-55,98243627; SPRF-MT ; DEL06-MT ; UOP02-DEL06-MT 
500806;2023-01-24; terça-feira ; 13:25:00 ; RS ;116;152,7; CAXIAS DO SUL ; Conversão proibida ; Colisão transversal ; Com Vítimas Feridas ; Pleno dia ; Decrescente ; Sol ; Simples ; Reta ; Não ;2;0;1;0;1;0;1;2;-29,1829343;-51,16801501; SPRF-RS ; DEL05-RS ; UOP01-DEL05-RS 
500807;2023-01-24; terça-feira ; 13:35:00 ; MG ;40;558; NOVA LIMA ; Velocidade Incompatível ; Saída de leito carroçável ; Com Vítimas Feridas ; Pleno dia ; Crescente ; Garoa/Chuvisco ; Dupla ; Reta ; Não ;1;0;1;0;0;0;1;1;-20,11082646;-43,97221642; SPRF-MG ; DEL01-MG ; UOP02-DEL01-MG 
500808;2023-01-21; sábado ; 08:40:00 ; SP ;101;46; UBATUBA ; Trafegar com motocicleta (ou similar) entre as faixas ; Atropelamento de Pedestre ; Com Vítimas Feridas ; Pleno dia ; Decrescente ; Céu Claro ; Simples ; Reta ; Sim ;2;0;1;0;1;0;1;1;-23,42403383;-45,07492113; SPRF-SP ; DEL06-SP ; UOP01-DEL06-SP 
500809;2023-01-24; terça-feira ; 11:20:00 ; RO ;174;16,2; VILHENA ; Conversão proibida ; Colisão transversal ; Com Vítimas Feridas ; Pleno dia ; Crescente ; Nublado ; Simples ; Reta ; Sim ;5;0;3;0;2;0;3;2;-12,71452302;-60,1262149; SPRF-RO ; DEL04-RO ; UOP01-DEL04-RO 
500810;2023-01-20; sexta-feira ; 17:55:00 ; MA ;10;304,1; ACAILANDIA ; Ausência de reação do condutor ; Tombamento ; Com Vítimas Feridas ; Pleno dia ; Crescente ; Céu Claro ; Simples ; Reta ; Não ;1;0;0;1;0;0;1;1;-5,078606;-47,557503; SPRF-MA ; DEL04-MA ; UOP03-DEL04-MA 
500811;2023-01-16; segunda-feira ; 12:45:00 ; PI ;NA;NA; JACOBINA DO PIAUI ; Condutor deixou de manter distância do veículo da frente ; Colisão traseira ; Sem Vítimas ; Pleno dia ; Não Informado ; Céu Claro ; Simples ; Reta ; Sim ;2;0;0;0;2;0;0;2;-7,93366181;-41,20806087; SPRF-PI ; DEL04-PI ; UOP01-DEL04-PI 
500812;2023-01-24; terça-feira ; 08:30:00 ; BA ;324;579; CANDEIAS ; Reação tardia ou ineficiente do condutor ; Saída de leito carroçável ; Com Vítimas Feridas ; Pleno dia ; Crescente ; Sol ; Dupla ; Reta ; Não ;5;0;3;0;2;0;3;1;-12,600821;-38,505531; SPRF-BA ; DEL01-BA ; UOP01-DEL01-BA 
500813;2023-01-21; sábado ; 01:20:00 ; PE ;104;29,4; TORITAMA ; Manobra de mudança de faixa ; Colisão lateral sentido oposto ; Sem Vítimas ; Plena Noite ; Crescente ; Céu Claro ; Simples ; Reta ; Sim ;2;0;0;0;2;0;0;2;-8,0078;-36,0621; SPRF-PE ; DEL02-PE ; UOP01-DEL02-PE 
500814;2023-01-23; segunda-feira ; 04:00:00 ; PE ;428;73; SANTA MARIA DA BOA VISTA ; Acumulo de água sobre o pavimento ; Capotamento ; Com Vítimas Feridas ; Plena Noite ; Crescente ; Chuva ; Simples ; Ponte ; Não ;4;0;4;0;0;0;4;1;-8,72018283;-39,77321719; SPRF-PE ; DEL06-PE ; UOP03-DEL06-PE 
500815;2023-01-24; terça-feira ; 14:00:00 ; PR ;116;124; FAZENDA RIO GRANDE ; Condutor deixou de manter distância do veículo da frente ; Colisão traseira ; Sem Vítimas ; Pleno dia ; Crescente ; Céu Claro ; Dupla ; Reta ; Não ;6;0;0;0;6;0;0;2;-25,57736002;-49,31243589; SPRF-PR ; DEL01-PR ; UOP03-DEL01-PR 
500816;2023-01-24; terça-feira ; 11:20:00 ; AP ;210;73,5; PORTO GRANDE ; Chuva ; Capotamento ; Com Vítimas Feridas ; Pleno dia ; Crescente ; Chuva ; Simples ; Curva ; Não ;5;0;0;1;0;4;1;1;0,57009495;-51,16613002; SPRF-AP ; N/A ; UOP01-DEL01-AP 
500818;2023-01-23; segunda-feira ; 06:40:00 ; BA ;101;474; URUCUCA ; Acessar a via sem observar a presença dos outros veículos ; Colisão traseira ; Com Vítimas Feridas ; Pleno dia ; Crescente ; Céu Claro ; Simples ; Interseção de vias ; Não ;2;0;0;1;1;0;1;1;-14,571467;-39,36036792; SPRF-BA ; DEL05-BA ; UOP01-DEL05-BA 
500819;2023-01-24; terça-feira ; 14:20:00 ; MG ;459;106,3; POUSO ALEGRE ; Desrespeitar a preferência no cruzamento ; Colisão lateral mesmo sentido ; Com Vítimas Feridas ; Pleno dia ; Crescente ; Sol ; Múltipla ; Rotatória ; Sim ;3;0;2;0;1;0;2;2;-22,2393593;-45,87727731; SPRF-MG ; DEL16-MG ; UOP01-DEL16-MG 
500820;2023-01-23; segunda-feira ; 01:49:00 ; MG ;NA;NA; UBERABA ; Transitar na contramão ; Colisão lateral sentido oposto ; Com Vítimas Feridas ; Plena Noite ; Não Informado ; Chuva ; Dupla ; Rotatória ; Sim ;4;0;1;0;2;1;1;2;-19,775061;-47,970595; SPRF-MG ; DEL13-MG ; UOP01-DEL13-MG 
500821;2023-01-22; domingo ; 05:15:00 ; SP ;101;34; UBATUBA ; Condutor Dormindo ; Colisão traseira ; Com Vítimas Feridas ; Amanhecer ; Decrescente ; Céu Claro ; Múltipla ; Não Informado ; Não ;2;0;1;0;1;0;1;2;-23,39141027;-44,99853296; SPRF-SP ; DEL06-SP ; UOP01-DEL06-SP 
500822;2023-01-20; sexta-feira ; 23:30:00 ; SP ;116;54; LORENA ; Reação tardia ou ineficiente do condutor ; Saída de leito carroçável ; Com Vítimas Feridas ; Plena Noite ; Crescente ; Céu Claro ; Múltipla ; Reta ; Não ;3;0;0;1;0;2;1;1;-22,76037278;-45,11863947; SPRF-SP ; DEL08-SP ; UOP02-DEL08-SP 
500824;2023-01-20; sexta-feira ; 18:13:00 ; SP ;116;148; SAO JOSE DOS CAMPOS ; Condutor deixou de manter distância do veículo da frente ; Colisão traseira ; Com Vítimas Feridas ; Anoitecer ; Decrescente ; Nublado ; Dupla ; Reta ; Não ;4;0;2;0;1;1;2;2;-23,199616;-45,877927; SPRF-SP ; DEL02-SP ; UOP01-DEL02-SP 
500828;2023-01-24; terça-feira ; 15:00:00 ; MG ;50;182; UBERABA ; Velocidade Incompatível ; Tombamento ; Com Vítimas Feridas ; Pleno dia ; Crescente ; Chuva ; Dupla ; Reta ; Não ;1;0;1;0;0;0;1;1;-19,793806;-47,911165; SPRF-MG ; DEL13-MG ; UOP01-DEL13-MG 
500829;2023-01-22; domingo ; 09:30:00 ; ES ;101;256,7; SERRA ; Reação tardia ou ineficiente do condutor ; Queda de ocupante de veículo ; Com Vítimas Feridas ; Pleno dia ; Crescente ; Céu Claro ; Múltipla ; Não Informado ; Sim ;2;0;1;0;1;0;1;1;-20,119123;-40,311005; SPRF-ES ; DEL02-ES ; UOP01-DEL02-ES 
500830;2023-01-24; terça-feira ; 11:20:00 ; SC ;101;297; LAGUNA ; Condutor deixou de manter distância do veículo da frente ; Colisão traseira ; Sem Vítimas ; Pleno dia ; Crescente ; Céu Claro ; Dupla ; Reta ; Sim ;2;0;0;0;1;1;0;2;-28,31353989;-48,7240982; SPRF-SC ; DEL02-SC ; UOP03-DEL02-SC 
500834;2023-01-24; terça-feira ; 15:30:00 ; ES ;101;65; SAO MATEUS ; Reação tardia ou ineficiente do condutor ; Colisão traseira ; Com Vítimas Feridas ; Pleno dia ; Decrescente ; Nublado ; Simples ; Reta ; Sim ;4;0;1;0;3;0;1;2;-18,70935945;-39,87762087; SPRF-ES ; DEL04-ES ; UOP02-DEL04-ES 
500835;2023-01-24; terça-feira ; 14:00:00 ; PR ;116;119; CURITIBA ; Ausência de reação do condutor ; Colisão com objeto ; Com Vítimas Feridas ; Pleno dia ; Crescente ; Céu Claro ; Dupla ; Curva ; Sim ;1;0;1;0;0;0;1;1;-25,54456009;-49,30146002; SPRF-PR ; DEL01-PR ; UOP03-DEL01-PR 
500837;2023-01-24; terça-feira ; 14:50:00 ; MG ;381;456; BELO HORIZONTE ; Desrespeitar a preferência no cruzamento ; Colisão transversal ; Com Vítimas Feridas ; Pleno dia ; Decrescente ; Chuva ; Dupla ; Não Informado ; Sim ;2;0;2;0;0;0;2;2;-19,84507477;-43,88658285; SPRF-MG ; DEL01-MG ; UOP01-DEL01-MG 
500841;2023-01-24; terça-feira ; 14:10:00 ; SC ;101;111; NAVEGANTES ; Acessar a via sem observar a presença dos outros veículos ; Colisão lateral mesmo sentido ; Com Vítimas Feridas ; Pleno dia ; Crescente ; Céu Claro ; Dupla ; Reta ; Sim ;2;0;1;0;1;0;1;2;-26,83955734;-48,71418074; SPRF-SC ; DEL04-SC ; UOP04-DEL04-SC 
500843;2023-01-24; terça-feira ; 16:30:00 ; SP ;153;41; ONDA VERDE ; Reação tardia ou ineficiente do condutor ; Colisão com objeto ; Com Vítimas Feridas ; Pleno dia ; Crescente ; Céu Claro ; Simples ; Não Informado ; Não ;3;0;3;0;0;0;3;1;-20,62848304;-49,33623886; SPRF-SP ; DEL09-SP ; UOP01-DEL09-SP 
500844;2023-01-22; domingo ; 17:00:00 ; GO ;153;187,6; URUACU ; Velocidade Incompatível ; Colisão transversal ; Com Vítimas Feridas ; Pleno dia ; Crescente ; Chuva ; Simples ; Não Informado ; Não ;11;0;7;1;3;0;8;3;-14,403475;-49,157497; SPRF-GO ; DEL07-GO ; UOP02-DEL07-GO 
500845;2023-01-24; terça-feira ; 16:00:00 ; MG ;262;471,8; BOM DESPACHO ; Condutor deixou de manter distância do veículo da frente ; Colisão traseira ; Com Vítimas Feridas ; Pleno dia ; Crescente ; Nublado ; Simples ; Não Informado ; Não ;5;0;2;0;2;1;2;2;-19,78632286;-45,16679393; SPRF-MG ; DEL08-MG ; UOP03-DEL08-MG 
500846;2023-01-24; terça-feira ; 15:10:00 ; MA ;135;8; SAO LUIS ; Condutor deixou de manter distância do veículo da frente ; Colisão traseira ; Com Vítimas Feridas ; Pleno dia ; Decrescente ; Garoa/Chuvisco ; Dupla ; Desvio Temporário ; Sim ;1;0;1;0;0;0;1;1;-2,64342093;-44,27374175; SPRF-MA ; DEL01-MA ; UOP01-DEL01-MA 