 id ; data_inversa ; dia_semana ; horario ; uf ; br ; km ; municipio ; causa_acidente ; tipo_acidente ; classificacao_acidente ; fase_dia ; sentido_via ; condicao_metereologica ; tipo_pista ; tracado_via ; uso_solo ; pessoas ; mortos ; feridos_leves ; feridos_graves ; ilesos ; ignorados ; feridos ; veiculos ; latitude ; longitude ; regional ; delegacia ; uop 
500848;2023-01-24; terça-feira ; 14:41:00 ; RO ;NA;NA; PORTO VELHO ; Ingestão de substâncias psicoativas pelo condutor ; Colisão com objeto ; Sem Vítimas ; Pleno dia ; Não Informado ; Céu Claro ; Dupla ; Reta ; Sim ;5;0;0;0;5;0;0;2;-8,80359739;-63,82690435; SPRF-RO ; DEL01-RO ; UOP01-DEL01-RO 
500849;2023-01-20; sexta-feira ; 23:15:00 ; PR ;277;36,2; MORRETES ; Reação tardia ou ineficiente do condutor ; Tombamento ; Com Vítimas Fatais ; Plena Noite ; Crescente ; Nublado ; Dupla ; Não Informado ; Não ;2;1;0;1;0;0;1;1;-25,5585949;-48,80593311; SPRF-PR ; DEL01-PR ; UOP05-DEL01-PR 
500851;2023-01-24; terça-feira ; 15:20:00 ; PE ;424;77,6; GARANHUNS ; Ultrapassagem Indevida ; Tombamento ; Com Vítimas Feridas ; Pleno dia ; Crescente ; Céu Claro ; Simples ; Reta ; Não ;2;0;1;0;0;1;1;2;-8,8151088;-36,56890186; SPRF-PE ; DEL03-PE ; UOP01-DEL03-PE 
500852;2023-01-24; terça-feira ; 16:30:00 ; PR ;376;671; GUARATUBA ; Reação tardia ou ineficiente do condutor ; Tombamento ; Com Vítimas Feridas ; Pleno dia ; Decrescente ; Céu Claro ; Dupla ; Reta ; Não ;1;0;1;0;0;0;1;1;-25,885323;-48,935154; SPRF-PR ; DEL01-PR ; UOP04-DEL01-PR 
500853;2023-01-24; terça-feira ; 16:32:00 ; RJ ;116;204; QUEIMADOS ; Chuva ; Saída de leito carroçável ; Com Vítimas Feridas ; Pleno dia ; Decrescente ; Chuva ; Dupla ; Reta ; Não ;1;0;1;0;0;0;1;1;-22,72895007;-43,63189001; SPRF-RJ ; DEL01-RJ ; UOP03-DEL01-RJ 
500855;2023-01-24; terça-feira ; 16:30:00 ; PR ;153;20; JACAREZINHO ; Desrespeitar a preferência no cruzamento ; Colisão transversal ; Com Vítimas Feridas ; Pleno dia ; Crescente ; Céu Claro ; Simples ; Interseção de vias ; Não ;6;0;5;1;0;0;6;2;-23,15816552;-49,95960461; SPRF-PR ; DEL07-PR ; UOP04-DEL07-PR 
500856;2023-01-24; terça-feira ; 17:20:00 ; PB ;101;94; JOAO PESSOA ; Ausência de reação do condutor ; Tombamento ; Com Vítimas Feridas ; Anoitecer ; Decrescente ; Céu Claro ; Dupla ; Não Informado ; Não ;1;0;1;0;0;0;1;1;-7,21483297;-34,9117521; SPRF-PB ; DEL01-PB ; UOP02-DEL01-PB 
500858;2023-01-06; sexta-feira ; 10:19:00 ; PA ;316;63; CASTANHAL ; Condutor deixou de manter distância do veículo da frente ; Colisão traseira ; Com Vítimas Feridas ; Pleno dia ; Crescente ; Céu Claro ; Dupla ; Reta ; Sim ;4;0;2;0;2;0;2;2;-1,29679363;-47,92878096; SPRF-PA ; DEL01-PA ; UOP01-DEL01-PA 
500859;2023-01-24; terça-feira ; 17:40:00 ; RN ;101;94; NATAL ; Manobra de mudança de faixa ; Colisão lateral mesmo sentido ; Com Vítimas Feridas ; Pleno dia ; Crescente ; Céu Claro ; Múltipla ; Reta ; Sim ;2;0;1;0;1;0;1;2;-5,83176615;-35,21191342; SPRF-RN ; DEL01-RN ; UOP01-DEL01-RN 
500861;2023-01-20; sexta-feira ; 21:45:00 ; MG ;50;174; UBERABA ; Transitar na contramão ; Colisão frontal ; Com Vítimas Feridas ; Plena Noite ; Decrescente ; Chuva ; Simples ; Não Informado ; Sim ;2;0;2;0;0;0;2;2;-19,77611337;-47,97190905; SPRF-MG ; DEL13-MG ; UOP01-DEL13-MG 
500862;2023-01-24; terça-feira ; 17:40:00 ; SC ;280;25,9; ARAQUARI ; Acessar a via sem observar a presença dos outros veículos ; Colisão transversal ; Com Vítimas Feridas ; Pleno dia ; Decrescente ; Céu Claro ; Simples ; Reta ; Não ;2;0;2;0;0;0;2;2;-26,38352781;-48,72677516; SPRF-SC ; DEL03-SC ; UOP03-DEL03-SC 
500864;2023-01-24; terça-feira ; 17:30:00 ; TO ;153;133; ARAGUAINA ; Animais na Pista ; Atropelamento de Animal ; Com Vítimas Feridas ; Pleno dia ; Decrescente ; Sol ; Dupla ; Rotatória ; Sim ;1;0;1;0;0;0;1;1;-7,11461109;-48,18743388; SPRF-TO ; DEL02-TO ; UOP01-DEL02-TO 
500866;2023-01-24; terça-feira ; 17:38:00 ; RS ;158;324; SANTA MARIA ; Ausência de reação do condutor ; Colisão traseira ; Com Vítimas Feridas ; Pleno dia ; Decrescente ; Sol ; Dupla ; Reta ; Sim ;2;0;1;0;1;0;1;2;-29,70344629;-53,79473269; SPRF-RS ; DEL09-RS ; UOP01-DEL09-RS 
500867;2023-01-24; terça-feira ; 17:45:00 ; SP ;116;277; EMBU DAS ARTES ; Reação tardia ou ineficiente do condutor ; Queda de ocupante de veículo ; Com Vítimas Feridas ; Anoitecer ; Crescente ; Céu Claro ; Dupla ; Reta ; Sim ;1;0;1;0;0;0;1;1;-23,64870535;-46,84395469; SPRF-SP ; DEL04-SP ; UOP01-DEL04-SP 
500868;2023-01-24; terça-feira ; 17:20:00 ; MS ;359;524; CORUMBA ; Reação tardia ou ineficiente do condutor ; Saída de leito carroçável ; Com Vítimas Feridas ; Pleno dia ; Decrescente ; Céu Claro ; Simples ; Curva ; Não ;1;0;1;0;0;0;1;1;-19,02177276;-57,61507992; SPRF-MS ; DEL03-MS ; UOP03-DEL03-MS 
500870;2023-01-24; terça-feira ; 17:20:00 ; PB ;230;25; JOAO PESSOA ; Reação tardia ou ineficiente do condutor ; Colisão lateral mesmo sentido ; Sem Vítimas ; Anoitecer ; Decrescente ; Céu Claro ; Simples ; Reta ; Sim ;6;0;0;0;6;0;0;2;-7,16950718;-34,87847458; SPRF-PB ; DEL01-PB ; UOP01-DEL01-PB 
500873;2023-01-24; terça-feira ; 16:00:00 ; RJ ;40;29,6; TRES RIOS ; Velocidade Incompatível ; Colisão com objeto ; Com Vítimas Feridas ; Pleno dia ; Decrescente ; Chuva ; Dupla ; Curva ; Não ;1;0;1;0;0;0;1;1;-22,17756692;-43,16802216; SPRF-RJ ; DEL06-RJ ; UOP01-DEL06-RJ 
500874;2023-01-24; terça-feira ; 17:50:00 ; RS ;386;350; ESTRELA ; Demais falhas mecânicas ou elétricas ; Tombamento ; Com Vítimas Feridas ; Pleno dia ; Crescente ; Sol ; Dupla ; Não Informado ; Sim ;1;0;1;0;0;0;1;1;-29,4743;-51,952923; SPRF-RS ; DEL04-RS ; UOP02-DEL04-RS 
500875;2023-01-21; sábado ; 12:10:00 ; MG ;40;731,8; OLIVEIRA FORTES ; Condutor deixou de manter distância do veículo da frente ; Colisão traseira ; Com Vítimas Feridas ; Pleno dia ; Decrescente ; Garoa/Chuvisco ; Dupla ; Não Informado ; Não ;2;0;1;0;1;0;1;2;-21,34218094;-43,58845595; SPRF-MG ; DEL05-MG ; UOP01-DEL05-MG 
500877;2023-01-24; terça-feira ; 18:50:00 ; SC ;101;200,8; BIGUACU ; Ausência de reação do condutor ; Colisão traseira ; Com Vítimas Feridas ; Anoitecer ; Decrescente ; Céu Claro ; Múltipla ; Reta ; Sim ;2;0;1;0;1;0;1;2;-27,54018513;-48,62287714; SPRF-SC ; DEL01-SC ; UOP01-DEL01-SC 
500879;2023-01-24; terça-feira ; 19:00:00 ; SP ;116;227,1; SAO PAULO ; Ausência de reação do condutor ; Colisão lateral mesmo sentido ; Com Vítimas Feridas ; Plena Noite ; Decrescente ; Nublado ; Múltipla ; Reta ; Sim ;2;0;1;0;0;1;1;2;-23,49659264;-46,55648754; SPRF-SP ; DEL01-SP ; UOP01-DEL01-SP 
500882;2023-01-24; terça-feira ; 18:00:00 ; MG ;40;511,1; RIBEIRAO DAS NEVES ; Condutor deixou de manter distância do veículo da frente ; Colisão traseira ; Com Vítimas Feridas ; Plena Noite ; Decrescente ; Chuva ; Dupla ; Reta ; Sim ;3;0;1;1;1;0;2;2;-19,78164295;-44,11733194; SPRF-MG ; DEL01-MG ; UOP02-DEL01-MG 
500883;2023-01-24; terça-feira ; 17:00:00 ; RJ ;101;493; ANGRA DOS REIS ; Chuva ; Saída de leito carroçável ; Com Vítimas Feridas ; Anoitecer ; Decrescente ; Chuva ; Simples ; Curva ; Não ;4;0;4;0;0;0;4;1;-22,94374503;-44,32522199; SPRF-RJ ; DEL03-RJ ; UOP02-DEL03-RJ 
500884;2023-01-24; terça-feira ; 17:30:00 ; SC ;101;409,3; ARARANGUA ; Acessar a via sem observar a presença dos outros veículos ; Tombamento ; Com Vítimas Feridas ; Pleno dia ; Decrescente ; Sol ; Simples ; Reta ; Sim ;2;0;0;1;1;0;1;2;-28,937955;-49,496067; SPRF-SC ; DEL02-SC ; UOP02-DEL02-SC 
500887;2023-01-24; terça-feira ; 19:50:00 ; MG ;381;532; ITATIAIUCU ; Pista esburacada ; Colisão com objeto ; Com Vítimas Feridas ; Plena Noite ; Decrescente ; Chuva ; Dupla ; Curva ; Não ;4;0;1;0;3;0;1;1;-20,18182886;-44,37895835; SPRF-MG ; DEL04-MG ; UOP03-DEL04-MG 
500888;2023-01-24; terça-feira ; 19:35:00 ; PE ;101;40; IGARASSU ; Área urbana sem a presença de local apropriado para a travessia de pedestres ; Atropelamento de Pedestre ; Com Vítimas Feridas ; Plena Noite ; Crescente ; Nublado ; Dupla ; Não Informado ; Sim ;2;0;1;0;1;0;1;1;-7,821475;-34,916545; SPRF-PE ; DEL01-PE ; UOP02-DEL01-PE 
500890;2023-01-24; terça-feira ; 17:50:00 ; PA ;308;152; CAPANEMA ; Acessar a via sem observar a presença dos outros veículos ; Tombamento ; Com Vítimas Feridas ; Anoitecer ; Crescente ; Ignorado ; Simples ; Interseção de vias ; Não ;2;0;0;1;1;0;1;2;-1,20594664;-47,17506821; SPRF-PA ; DEL01-PA ; UOP03-DEL01-PA 
500891;2023-01-24; terça-feira ; 17:00:00 ; MG ;116;489,6; INHAPIM ; Reação tardia ou ineficiente do condutor ; Colisão frontal ; Com Vítimas Feridas ; Pleno dia ; Crescente ; Chuva ; Simples ; Não Informado ; Não ;3;0;2;1;0;0;3;2;-19,46771319;-42,13403065; SPRF-MG ; DEL06-MG ; UOP02-DEL06-MG 
500892;2023-01-24; terça-feira ; 20:10:00 ; SP ;116;426; JUQUIA ; Conversão proibida ; Colisão transversal ; Com Vítimas Feridas ; Plena Noite ; Crescente ; Céu Claro ; Múltipla ; Curva ; Não ;2;0;1;0;1;0;1;2;-24,38733253;-47,7179575; SPRF-SP ; DEL05-SP ; UOP01-DEL05-SP 
500893;2023-01-21; sábado ; 21:00:00 ; MG ;267;188,2; OLARIA ; Entrada inopinada do pedestre ; Atropelamento de Pedestre ; Com Vítimas Fatais ; Plena Noite ; Decrescente ; Nevoeiro/Neblina ; Simples ; Reta ; Não ;5;1;0;0;4;0;0;1;-21,91205285;-44,00375709; SPRF-MG ; DEL05-MG ; UOP01-DEL05-MG 
500897;2023-01-24; terça-feira ; 20:30:00 ; SC ;470;58; BLUMENAU ; Transitar na contramão ; Colisão frontal ; Com Vítimas Feridas ; Plena Noite ; Crescente ; Céu Claro ; Simples ; Não Informado ; Sim ;3;0;1;0;1;1;1;2;-26,883879;-49,145622; SPRF-SC ; DEL04-SC ; UOP01-DEL04-SC 
500899;2023-01-22; domingo ; 19:20:00 ; RS ;392;51,5; RIO GRANDE ; Reação tardia ou ineficiente do condutor ; Colisão traseira ; Com Vítimas Feridas ; Anoitecer ; Crescente ; Céu Claro ; Dupla ; Reta ; Não ;8;0;2;0;6;0;2;3;-31,85621898;-52,32534987; SPRF-RS ; DEL07-RS ; UOP02-DEL07-RS 
500901;2023-01-24; terça-feira ; 21:00:00 ; GO ;50;138; IPAMERI ; Reação tardia ou ineficiente do condutor ; Saída de leito carroçável ; Sem Vítimas ; Plena Noite ; Decrescente ; Garoa/Chuvisco ; Dupla ; Reta ; Não ;3;0;0;0;3;0;0;1;-17,072;-47,7397; SPRF-GO ; DEL06-GO ; UOP01-DEL06-GO 
500903;2023-01-24; terça-feira ; 21:30:00 ; MG ;381;794; SAO GONCALO DO SAPUCAI ; Chuva ; Saída de leito carroçável ; Com Vítimas Feridas ; Plena Noite ; Crescente ; Chuva ; Dupla ; Não Informado ; Não ;3;0;1;0;2;0;1;1;-21,92913899;-45,61170907; SPRF-MG ; DEL16-MG ; UOP02-DEL16-MG 
500905;2023-01-24; terça-feira ; 22:10:00 ; MG ;40;794,6; JUIZ DE FORA ; Chuva ; Saída de leito carroçável ; Sem Vítimas ; Plena Noite ; Crescente ; Chuva ; Dupla ; Reta ; Não ;1;0;0;0;0;1;0;1;-21,79926451;-43,40729012; SPRF-MG ; DEL05-MG ; UOP01-DEL05-MG 
500908;2023-01-21; sábado ; 04:20:00 ; RS ;470;211; BENTO GONCALVES ; Reação tardia ou ineficiente do condutor ; Saída de leito carroçável ; Com Vítimas Feridas ; Plena Noite ; Decrescente ; Céu Claro ; Simples ; Não Informado ; Não ;1;0;1;0;0;0;1;1;-29,12453775;-51,54360394; SPRF-RS ; DEL06-RS ; UOP01-DEL06-RS 
500910;2023-01-22; domingo ; 06:50:00 ; SC ;116;203; PONTE ALTA ; Ingestão de álcool pelo condutor ; Colisão com objeto ; Com Vítimas Feridas ; Pleno dia ; Crescente ; Nublado ; Simples ; Reta ; Não ;1;0;1;0;0;0;1;1;-27,45017401;-50,39628572; SPRF-SC ; DEL05-SC ; UOP03-DEL05-SC 
500912;2023-01-24; terça-feira ; 23:00:00 ; PR ;277;83; CURITIBA ; Condutor deixou de manter distância do veículo da frente ; Colisão traseira ; Com Vítimas Feridas ; Plena Noite ; Decrescente ; Céu Claro ; Dupla ; Reta ; Sim ;2;0;1;0;0;1;1;2;-25,44863604;-49,22961831; SPRF-PR ; DEL01-PR ; UOP01-DEL01-PR 
500916;2023-01-25; quarta-feira ; 00:15:00 ; PR ;277;114; CAMPO LARGO ; Reação tardia ou ineficiente do condutor ; Colisão traseira ; Com Vítimas Fatais ; Anoitecer ; Crescente ; Céu Claro ; Dupla ; Reta ; Sim ;2;1;0;0;1;0;0;2;-25,44485772;-49,49886214; SPRF-PR ; DEL03-PR ; UOP03-DEL03-PR 
500917;2023-01-24; terça-feira ; 23:30:00 ; RS ;471;148,6; SANTA CRUZ DO SUL ; Desrespeitar a preferência no cruzamento ; Colisão transversal ; Com Vítimas Feridas ; Plena Noite ; Crescente ; Céu Claro ; Simples ; Interseção de vias ; Sim ;2;0;2;0;0;0;2;2;-29,78578665;-52,41088986; SPRF-RS ; DEL02-RS ; UOP03-DEL02-RS 
500920;2023-01-25; quarta-feira ; 01:45:00 ; RJ ;40;121; DUQUE DE CAXIAS ; Ingestão de álcool pelo condutor ; Saída de leito carroçável ; Sem Vítimas ; Plena Noite ; Crescente ; Céu Claro ; Múltipla ; Reta ; Sim ;1;0;0;0;1;0;0;1;-22,78185499;-43,28571273; SPRF-RJ ; DEL01-RJ ; UOP01-DEL01-RJ 
500921;2023-01-25; quarta-feira ; 02:00:00 ; SC ;101;124; ITAJAI ; Animais na Pista ; Atropelamento de Animal ; Com Vítimas Feridas ; Plena Noite ; Crescente ; Céu Claro ; Dupla ; Reta ; Não ;1;0;0;1;0;0;1;1;-26,94335064;-48,69198648; SPRF-SC ; DEL04-SC ; UOP04-DEL04-SC 
500922;2023-01-25; quarta-feira ; 01:30:00 ; RJ ;101;435; MANGARATIBA ; Reação tardia ou ineficiente do condutor ; Saída de leito carroçável ; Com Vítimas Feridas ; Plena Noite ; Crescente ; Chuva ; Simples ; Curva ; Não ;2;0;2;0;0;0;2;1;-22,93945885;-44,0529249; SPRF-RJ ; DEL03-RJ ; UOP01-DEL03-RJ 
500924;2023-01-25; quarta-feira ; 02:10:00 ; RS ;392;103; CANGUCU ; Reação tardia ou ineficiente do condutor ; Saída de leito carroçável ; Com Vítimas Feridas ; Plena Noite ; Decrescente ; Céu Claro ; Simples ; Reta ; Não ;1;0;0;1;0;0;1;1;-31,5163521;-52,5982911; SPRF-RS ; DEL07-RS ; UOP01-DEL07-RS 
500925;2023-01-25; quarta-feira ; 04:30:00 ; GO ;60;86,8; ANAPOLIS ; Animais na Pista ; Atropelamento de Animal ; Com Vítimas Feridas ; Plena Noite ; Decrescente ; Nublado ; Dupla ; Desvio Temporário ; Não ;2;0;0;2;0;0;2;1;-16,3212;-48,8728; SPRF-GO ; DEL02-GO ; UOP01-DEL02-GO 
500926;2023-01-04; quarta-feira ; 14:40:00 ; SC ;101;79; ARAQUARI ; Avarias e/ou desgaste excessivo no pneu ; Colisão traseira ; Com Vítimas Feridas ; Pleno dia ; Decrescente ; Chuva ; Múltipla ; Reta ; Não ;3;0;0;1;2;0;1;3;-26,58559601;-48,72192112; SPRF-SC ; DEL03-SC ; UOP02-DEL03-SC 
500928;2023-01-20; sexta-feira ; 21:35:00 ; BA ;110;168; RIBEIRA DO POMBAL ; Reação tardia ou ineficiente do condutor ; Saída de leito carroçável ; Com Vítimas Feridas ; Plena Noite ; Crescente ; Céu Claro ; Simples ; Reta ; Não ;1;0;1;0;0;0;1;1;-10,824597;-38,53163103; SPRF-BA ; DEL07-BA ; UOP02-DEL07-BA 
500929;2023-01-25; quarta-feira ; 05:25:00 ; RS ;386;125; SARANDI ; Reação tardia ou ineficiente do condutor ; Saída de leito carroçável ; Com Vítimas Feridas ; Amanhecer ; Crescente ; Céu Claro ; Simples ; Curva ; Não ;4;0;3;0;1;0;3;1;-27,907253;-52,975269; SPRF-RS ; DEL08-RS ; UOP01-DEL08-RS 
500931;2023-01-25; quarta-feira ; 05:45:00 ; CE ;222;212; FORQUILHA ; Velocidade Incompatível ; Saída de leito carroçável ; Com Vítimas Feridas ; Pleno dia ; Decrescente ; Chuva ; Simples ; Curva ; Não ;3;0;3;0;0;0;3;1;-3,7883359;-40,28192391; SPRF-CE ; DEL04-CE ; UOP01-DEL04-CE 
500934;2023-01-25; quarta-feira ; 05:30:00 ; RO ;364;199,4; PIMENTA BUENO ; Ingestão de álcool ou de substâncias psicoativas pelo pedestre ; Atropelamento de Pedestre ; Com Vítimas Feridas ; Amanhecer ; Decrescente ; Nublado ; Simples ; Não Informado ; Sim ;3;0;1;0;1;1;1;1;-11,661617;-61,191055; SPRF-RO ; DEL02-RO ; UOP02-DEL02-RO 
500935;2023-01-25; quarta-feira ; 04:50:00 ; SC ;280;79; CORUPA ; Acessar a via sem observar a presença dos outros veículos ; Colisão traseira ; Com Vítimas Feridas ; Pleno dia ; Decrescente ; Céu Claro ; Simples ; Ponte ; Não ;2;0;2;0;0;0;2;2;-26,44657315;-49,20157809; SPRF-SC ; DEL06-SC ; UOP03-DEL06-SC 
500939;2023-01-20; sexta-feira ; 21:00:00 ; ES ;101;232,5; FUNDAO ; Transitar na contramão ; Colisão lateral sentido oposto ; Com Vítimas Feridas ; Plena Noite ; Decrescente ; Chuva ; Simples ; Reta ; Não ;4;0;0;1;3;0;1;2;-19,95224103;-40,40879816; SPRF-ES ; DEL02-ES ; UOP01-DEL02-ES 
500940;2023-01-22; domingo ; 18:30:00 ; ES ;101;268; SERRA ; Pista Escorregadia ; Queda de ocupante de veículo ; Com Vítimas Feridas ; Plena Noite ; Crescente ; Chuva ; Dupla ; Reta ; Sim ;1;0;0;1;0;0;1;1;-20,20842;-40,269405; SPRF-ES ; DEL02-ES ; UOP01-DEL02-ES 
500942;2023-01-25; quarta-feira ; 07:10:00 ; MG ;381;497,2; BETIM ; Velocidade Incompatível ; Colisão traseira ; Com Vítimas Feridas ; Pleno dia ; Crescente ; Céu Claro ; Múltipla ; Não Informado ; Sim ;2;0;0;1;1;0;1;2;-20,00483625;-44,21367172; SPRF-MG ; DEL01-MG ; UOP03-DEL01-MG 
500943;2023-01-25; quarta-feira ; 00:30:00 ; RJ ;40;51,4; PETROPOLIS ; Ausência de reação do condutor ; Colisão lateral mesmo sentido ; Com Vítimas Feridas ; Plena Noite ; Decrescente ; Vento ; Simples ; Não Informado ; Sim ;3;0;1;0;1;1;1;2;-22,33333493;-43,13338637; SPRF-RJ ; DEL06-RJ ; UOP01-DEL06-RJ 
500945;2023-01-16; segunda-feira ; 22:30:00 ; SP ;116;32; CRUZEIRO ; Problema com o freio ; Incêndio ; Sem Vítimas ; Plena Noite ; Crescente ; Céu Claro ; Múltipla ; Reta ; Não ;1;0;0;0;1;0;0;1;-22,6422031;-44,94731891; SPRF-SP ; DEL08-SP ; UOP02-DEL08-SP 
500946;2023-01-21; sábado ; 10:15:00 ; SP ;153;65; SAO JOSE DO RIO PRETO ; Reação tardia ou ineficiente do condutor ; Saída de leito carroçável ; Com Vítimas Feridas ; Pleno dia ; Crescente ; Nublado ; Dupla ; Retorno Regulamentado ; Sim ;2;0;2;0;0;0;2;1;-20,8355877;-49,36570039; SPRF-SP ; DEL09-SP ; UOP01-DEL09-SP 
500947;2023-01-21; sábado ; 15:10:00 ; SP ;153;72; SAO JOSE DO RIO PRETO ; Condutor deixou de manter distância do veículo da frente ; Colisão traseira ; Sem Vítimas ; Pleno dia ; Decrescente ; Garoa/Chuvisco ; Dupla ; Não Informado ; Não ;2;0;0;0;2;0;0;2;-20,86715501;-49,41334398; SPRF-SP ; DEL09-SP ; UOP01-DEL09-SP 
500948;2023-01-21; sábado ; 11:45:00 ; SC ;101;201; SAO JOSE ; Condutor deixou de manter distância do veículo da frente ; Colisão traseira ; Com Vítimas Feridas ; Pleno dia ; Decrescente ; Sol ; Dupla ; Reta ; Não ;3;0;1;0;2;0;1;2;-27,54836599;-48,61977975; SPRF-SC ; DEL01-SC ; UOP01-DEL01-SC 
500949;2023-01-20; sexta-feira ; 18:10:00 ; SP ;116;148,2; SAO JOSE DOS CAMPOS ; Trafegar com motocicleta (ou similar) entre as faixas ; Colisão lateral mesmo sentido ; Com Vítimas Feridas ; Anoitecer ; Decrescente ; Nublado ; Dupla ; Não Informado ; Sim ;4;0;1;0;3;0;1;3;-23,20067421;-45,8795018; SPRF-SP ; DEL02-SP ; UOP01-DEL02-SP 
500950;2023-01-21; sábado ; 08:05:00 ; MG ;116;292; TEOFILO OTONI ; Ultrapassagem Indevida ; Saída de leito carroçável ; Com Vítimas Feridas ; Pleno dia ; Decrescente ; Céu Claro ; Simples ; Reta ; Não ;5;0;3;0;2;0;3;2;-17,98144887;-41,55430919; SPRF-MG ; DEL11-MG ; UOP01-DEL11-MG 
500951;2023-01-25; quarta-feira ; 07:30:00 ; RN ;101;108; PARNAMIRIM ; Condutor deixou de manter distância do veículo da frente ; Queda de ocupante de veículo ; Com Vítimas Feridas ; Pleno dia ; Crescente ; Céu Claro ; Dupla ; Não Informado ; Sim ;2;0;1;0;1;0;1;2;-5,92825102;-35,26465683; SPRF-RN ; DEL01-RN ; UOP01-DEL01-RN 
500952;2023-01-21; sábado ; 13:30:00 ; PR ;163;176; LINDOESTE ; Acumulo de água sobre o pavimento ; Saída de leito carroçável ; Com Vítimas Feridas ; Pleno dia ; Decrescente ; Chuva ; Dupla ; Desvio Temporário ; Sim ;2;0;1;0;1;0;1;1;-25,20861096;-53,59772964; SPRF-PR ; DEL04-PR ; UOP04-DEL04-PR 
500954;2023-01-25; quarta-feira ; 07:55:00 ; RS ;386;349,6; LAJEADO ; Reação tardia ou ineficiente do condutor ; Queda de ocupante de veículo ; Com Vítimas Feridas ; Pleno dia ; Crescente ; Céu Claro ; Dupla ; Reta ; Não ;2;0;2;0;0;0;2;1;-29,451736;-51,965893; SPRF-RS ; DEL04-RS ; UOP02-DEL04-RS 
500957;2023-01-22; domingo ; 00:40:00 ; SC ;101;340; TUBARAO ; Condutor deixou de manter distância do veículo da frente ; Colisão traseira ; Sem Vítimas ; Plena Noite ; Crescente ; Céu Claro ; Múltipla ; Reta ; Sim ;2;0;0;0;2;0;0;2;-28,501444;-49,04690399; SPRF-SC ; DEL02-SC ; UOP01-DEL02-SC 
500958;2023-01-25; quarta-feira ; 07:30:00 ; RJ ;116;174; SAO JOAO DE MERITI ; Condutor deixou de manter distância do veículo da frente ; Queda de ocupante de veículo ; Com Vítimas Feridas ; Pleno dia ; Decrescente ; Céu Claro ; Dupla ; Reta ; Sim ;2;0;1;0;1;0;1;2;-22,79423806;-43,36403759; SPRF-RJ ; DEL01-RJ ; UOP02-DEL01-RJ 
500960;2023-01-25; quarta-feira ; 07:40:00 ; PR ;277;76; SAO JOSE DOS PINHAIS ; Manobra de mudança de faixa ; Colisão lateral mesmo sentido ; Com Vítimas Feridas ; Pleno dia ; Crescente ; Sol ; Dupla ; Reta ; Sim ;3;0;2;0;1;0;2;2;-25,51327981;-49,12433291; SPRF-PR ; DEL01-PR ; UOP01-DEL01-PR 
500963;2023-01-22; domingo ; 03:50:00 ; SC ;101;377; ICARA ; Condutor Dormindo ; Saída de leito carroçável ; Sem Vítimas ; Plena Noite ; Crescente ; Céu Claro ; Simples ; Reta ; Não ;1;0;0;0;1;0;0;1;-28,7345708;-49,24624124; SPRF-SC ; DEL02-SC ; UOP01-DEL02-SC 
500964;2023-01-25; quarta-feira ; 08:00:00 ; SE ;235;47; ITABAIANA ; Condutor deixou de manter distância do veículo da frente ; Colisão traseira ; Com Vítimas Feridas ; Pleno dia ; Crescente ; Céu Claro ; Simples ; Reta ; Não ;2;0;1;0;1;0;1;2;-10,731889;-37,411335; SPRF-SE ; DEL01-SE ; UOP02-DEL01-SE 
500965;2023-01-22; domingo ; 03:20:00 ; GO ;60;130; GOIANIA ; Condutor deixou de manter distância do veículo da frente ; Colisão traseira ; Sem Vítimas ; Plena Noite ; Decrescente ; Nublado ; Dupla ; Reta ; Sim ;2;0;0;0;2;0;0;2;-16,5675;-49,1554; SPRF-GO ; DEL01-GO ; UOP01-DEL01-GO 
500966;2023-01-25; quarta-feira ; 07:45:00 ; RS ;116;520; PELOTAS ; Desrespeitar a preferência no cruzamento ; Colisão transversal ; Com Vítimas Feridas ; Pleno dia ; Crescente ; Céu Claro ; Simples ; Não Informado ; Sim ;2;0;1;0;1;0;1;2;-31,70060621;-52,36130079; SPRF-RS ; DEL07-RS ; UOP01-DEL07-RS 
500968;2023-01-21; sábado ; 13:50:00 ; RS ;116;537,8; CAPAO DO LEAO ; Ausência de reação do condutor ; Tombamento ; Com Vítimas Feridas ; Pleno dia ; Crescente ; Céu Claro ; Simples ; Reta ; Não ;1;0;1;0;0;0;1;1;-31,799409;-52,492569; SPRF-RS ; DEL07-RS ; UOP01-DEL07-RS 
500970;2023-01-21; sábado ; 20:30:00 ; PR ;376;178; MARINGA ; Reação tardia ou ineficiente do condutor ; Tombamento ; Com Vítimas Feridas ; Plena Noite ; Crescente ; Céu Claro ; Dupla ; Reta ; Sim ;1;0;0;1;0;0;1;1;-23,43684112;-51,87880764; SPRF-PR ; DEL09-PR ; UOP01-DEL09-PR 
500973;2023-01-21; sábado ; 19:10:00 ; PR ;277;36,4; MORRETES ; Reação tardia ou ineficiente do condutor ; Colisão traseira ; Sem Vítimas ; Plena Noite ; Crescente ; Céu Claro ; Dupla ; Reta ; Não ;2;0;0;0;2;0;0;2;-25,571209;-48,839816; SPRF-PR ; DEL01-PR ; UOP05-DEL01-PR 
500974;2023-01-21; sábado ; 10:30:00 ; MG ;262;380; JUATUBA ; Velocidade Incompatível ; Saída de leito carroçável ; Com Vítimas Feridas ; Pleno dia ; Decrescente ; Chuva ; Dupla ; Reta ; Não ;1;0;1;0;0;0;1;1;-19,94800688;-44,38150406; SPRF-MG ; DEL01-MG ; UOP03-DEL01-MG 