 id ; data_inversa ; dia_semana ; horario ; uf ; br ; km ; municipio ; causa_acidente ; tipo_acidente ; classificacao_acidente ; fase_dia ; sentido_via ; condicao_metereologica ; tipo_pista ; tracado_via ; uso_solo ; pessoas ; mortos ; feridos_leves ; feridos_graves ; ilesos ; ignorados ; feridos ; veiculos ; latitude ; longitude ; regional ; delegacia ; uop 
500975;2023-01-25; quarta-feira ; 08:50:00 ; ES ;101;267,2; SERRA ; Pedestre cruzava a pista fora da faixa ; Atropelamento de Pedestre ; Com Vítimas Feridas ; Pleno dia ; Crescente ; Chuva ; Múltipla ; Reta ; Sim ;3;0;1;0;1;1;1;2;-20,19930999;-40,26884609; SPRF-ES ; DEL02-ES ; UOP01-DEL02-ES 
500976;2023-01-22; domingo ; 01:00:00 ; SP ;381;59; MAIRIPORA ; Ausência de reação do condutor ; Saída de leito carroçável ; Com Vítimas Feridas ; Plena Noite ; Crescente ; Céu Claro ; Dupla ; Curva ; Não ;1;0;0;1;0;0;1;1;-23,289033;-46,58782; SPRF-SP ; DEL03-SP ; UOP01-DEL03-SP 
500977;2023-01-25; quarta-feira ; 08:20:00 ; SC ;282;182,8; BOCAINA DO SUL ; Reação tardia ou ineficiente do condutor ; Colisão traseira ; Sem Vítimas ; Pleno dia ; Crescente ; Céu Claro ; Simples ; Reta ; Não ;2;0;0;0;2;0;0;2;-27,735399;-49,958389; SPRF-SC ; DEL05-SC ; UOP01-DEL05-SC 
500978;2023-01-25; quarta-feira ; 07:00:00 ; SC ;101;436,4; SOMBRIO ; Demais falhas mecânicas ou elétricas ; Tombamento ; Com Vítimas Feridas ; Pleno dia ; Decrescente ; Céu Claro ; Múltipla ; Reta ; Não ;2;0;0;1;1;0;1;1;-29,10817487;-49,63739835; SPRF-SC ; DEL02-SC ; UOP02-DEL02-SC 
500979;2023-01-21; sábado ; 23:45:00 ; RS ;290;94; PORTO ALEGRE ; Reação tardia ou ineficiente do condutor ; Colisão com objeto ; Com Vítimas Feridas ; Plena Noite ; Decrescente ; Nublado ; Múltipla ; Curva ; Sim ;2;0;0;2;0;0;2;1;-29,973856;-51,197853; SPRF-RS ; DEL01-RS ; UOP01-DEL01-RS 
500980;2023-01-21; sábado ; 08:20:00 ; MG ;116;534,9; SANTA RITA DE MINAS ; Mal súbito do condutor ; Colisão com objeto ; Com Vítimas Feridas ; Pleno dia ; Crescente ; Garoa/Chuvisco ; Simples ; Curva ; Não ;1;0;1;0;0;0;1;1;-19,85682107;-42,14046478; SPRF-MG ; DEL06-MG ; UOP02-DEL06-MG 
500981;2023-01-21; sábado ; 18:50:00 ; PE ;424;16,8; PEDRA ; Transitar na contramão ; Colisão frontal ; Com Vítimas Feridas ; Plena Noite ; Crescente ; Céu Claro ; Simples ; Não Informado ; Sim ;3;0;1;0;2;0;1;2;-8,49967931;-36,95655101; SPRF-PE ; DEL04-PE ; UOP02-DEL04-PE 
500982;2023-01-21; sábado ; 10:50:00 ; RS ;158;327; SANTA MARIA ; Ausência de reação do condutor ; Colisão traseira ; Com Vítimas Feridas ; Pleno dia ; Crescente ; Sol ; Dupla ; Não Informado ; Sim ;3;0;2;0;1;0;2;2;-29,71007849;-53,82156014; SPRF-RS ; DEL09-RS ; UOP01-DEL09-RS 
500983;2023-01-21; sábado ; 23:00:00 ; PR ;116;67; CAMPINA GRANDE DO SUL ; Animais na Pista ; Atropelamento de Animal ; Com Vítimas Feridas ; Plena Noite ; Crescente ; Céu Claro ; Dupla ; Reta ; Sim ;1;0;1;0;0;0;1;1;-25,31679789;-49,01854527; SPRF-PR ; DEL01-PR ; UOP02-DEL01-PR 
500984;2023-01-25; quarta-feira ; 08:05:00 ; SP ;116;136; SAO JOSE DOS CAMPOS ; Ausência de reação do condutor ; Colisão traseira ; Com Vítimas Feridas ; Pleno dia ; Crescente ; Sol ; Dupla ; Reta ; Não ;2;0;0;1;1;0;1;2;-23,14874471;-45,77863714; SPRF-SP ; DEL02-SP ; UOP01-DEL02-SP 
500987;2023-01-25; quarta-feira ; 07:30:00 ; PB ;230;157; CAMPINA GRANDE ; Acesso irregular ; Colisão transversal ; Com Vítimas Feridas ; Pleno dia ; Decrescente ; Céu Claro ; Simples ; Desvio Temporário ; Sim ;2;0;2;0;0;0;2;2;-7,264;-35,9199; SPRF-PB ; DEL02-PB ; UOP01-DEL02-PB 
500989;2023-01-25; quarta-feira ; 09:00:00 ; RJ ;116;80; TERESOPOLIS ; Acessar a via sem observar a presença dos outros veículos ; Atropelamento de Pedestre ; Com Vítimas Feridas ; Pleno dia ; Crescente ; Chuva ; Simples ; Desvio Temporário ; Sim ;2;0;1;1;0;0;2;1;-22,39006974;-42,9533628; SPRF-RJ ; DEL04-RJ ; UOP01-DEL04-RJ 
500992;2023-01-25; quarta-feira ; 07:40:00 ; MG ;116;703; MURIAE ; Desrespeitar a preferência no cruzamento ; Colisão transversal ; Com Vítimas Feridas ; Pleno dia ; Crescente ; Céu Claro ; Simples ; Não Informado ; Sim ;7;0;3;0;4;0;3;2;-21,12682309;-42,3832189; SPRF-MG ; DEL07-MG ; UOP02-DEL07-MG 
500994;2023-01-21; sábado ; 12:10:00 ; MG ;40;656; CRISTIANO OTONI ; Velocidade Incompatível ; Colisão com objeto ; Com Vítimas Feridas ; Pleno dia ; Decrescente ; Chuva ; Dupla ; Não Informado ; Não ;2;0;2;0;0;0;2;1;-20,87951976;-43,80065268; SPRF-MG ; DEL05-MG ; UOP02-DEL05-MG 
500995;2023-01-21; sábado ; 15:41:00 ; SP ;116;153; SAO JOSE DOS CAMPOS ; Acessar a via sem observar a presença dos outros veículos ; Queda de ocupante de veículo ; Com Vítimas Feridas ; Pleno dia ; Decrescente ; Céu Claro ; Múltipla ; Interseção de vias ; Sim ;1;0;1;0;0;0;1;1;-23,23262274;-45,91372624; SPRF-SP ; DEL02-SP ; UOP01-DEL02-SP 
500996;2023-01-22; domingo ; 01:30:00 ; SP ;381;21; BRAGANCA PAULISTA ; Reação tardia ou ineficiente do condutor ; Queda de ocupante de veículo ; Com Vítimas Feridas ; Plena Noite ; Decrescente ; Nublado ; Dupla ; Não Informado ; Não ;1;0;1;0;0;0;1;1;-22,99140199;-46,50878201; SPRF-SP ; DEL03-SP ; UOP02-DEL03-SP 
500997;2023-01-21; sábado ; 14:10:00 ; SP ;381;37; ATIBAIA ; Pedestre cruzava a pista fora da faixa ; Atropelamento de Pedestre ; Com Vítimas Fatais ; Pleno dia ; Crescente ; Céu Claro ; Múltipla ; Reta ; Não ;4;1;0;0;3;0;0;1;-23,10506237;-46,56881577; SPRF-SP ; DEL03-SP ; UOP01-DEL03-SP 
500998;2023-01-25; quarta-feira ; 09:30:00 ; SC ;116;2; MAFRA ; Reação tardia ou ineficiente do condutor ; Colisão traseira ; Com Vítimas Feridas ; Pleno dia ; Decrescente ; Céu Claro ; Simples ; Não Informado ; Sim ;2;0;1;0;1;0;1;2;-26,12391791;-49,79303212; SPRF-SC ; DEL06-SC ; UOP01-DEL06-SC 
500999;2023-01-21; sábado ; 12:00:00 ; PR ;376;507,6; PONTA GROSSA ; Ausência de reação do condutor ; Capotamento ; Sem Vítimas ; Pleno dia ; Crescente ; Céu Claro ; Dupla ; Não Informado ; Não ;2;0;0;0;2;0;0;1;-25,20765918;-50,06555557; SPRF-PR ; DEL03-PR ; UOP04-DEL03-PR 
501000;2023-01-25; quarta-feira ; 09:40:00 ; GO ;40;11; LUZIANIA ; Ausência de reação do condutor ; Atropelamento de Pedestre ; Com Vítimas Feridas ; Pleno dia ; Crescente ; Céu Claro ; Dupla ; Reta ; Sim ;2;0;1;0;1;0;1;1;-16,138336;-47,951644; SPRF-DF ; DEL01-DF ; UOP01-DEL01-DF 
501001;2023-01-21; sábado ; 12:45:00 ; SC ;101;198; BIGUACU ; Condutor deixou de manter distância do veículo da frente ; Colisão traseira ; Sem Vítimas ; Pleno dia ; Decrescente ; Céu Claro ; Dupla ; Reta ; Sim ;3;0;0;0;1;2;0;2;-27,52658712;-48,63506019; SPRF-SC ; DEL01-SC ; UOP01-DEL01-SC 
501003;2023-01-25; quarta-feira ; 09:21:00 ; PE ;101;73; RECIFE ; Ausência de reação do condutor ; Colisão com objeto ; Com Vítimas Feridas ; Pleno dia ; Crescente ; Sol ; Dupla ; Curva ; Sim ;1;0;1;0;0;0;1;1;-8,0993257;-34,95010953; SPRF-PE ; DEL01-PE ; UOP01-DEL01-PE 
501005;2023-01-21; sábado ; 11:30:00 ; MG ;381;646,2; SANTO ANTONIO DO AMPARO ; Chuva ; Colisão com objeto ; Com Vítimas Feridas ; Pleno dia ; Crescente ; Chuva ; Dupla ; Não Informado ; Não ;10;0;2;0;8;0;2;3;-20,946019;-44,881606; SPRF-MG ; DEL04-MG ; UOP02-DEL04-MG 
501006;2023-01-21; sábado ; 15:42:00 ; RO ;364;204; PIMENTA BUENO ; Ausência de reação do condutor ; Colisão lateral mesmo sentido ; Com Vítimas Feridas ; Pleno dia ; Crescente ; Céu Claro ; Simples ; Reta ; Sim ;2;0;0;1;1;0;1;2;-11,6221911;-61,21108913; SPRF-RO ; DEL02-RO ; UOP02-DEL02-RO 
501007;2023-01-21; sábado ; 16:40:00 ; SC ;101;148; ITAPEMA ; Acessar a via sem observar a presença dos outros veículos ; Colisão traseira ; Sem Vítimas ; Pleno dia ; Decrescente ; Céu Claro ; Múltipla ; Reta ; Sim ;2;0;0;0;2;0;0;2;-27,10123686;-48,61807962; SPRF-SC ; DEL04-SC ; UOP03-DEL04-SC 
501008;2023-01-13; sexta-feira ; 14:20:00 ; RJ ;116;176; SAO JOAO DE MERITI ; Ausência de reação do condutor ; Colisão lateral mesmo sentido ; Com Vítimas Feridas ; Pleno dia ; Decrescente ; Sol ; Múltipla ; Reta ; Sim ;2;0;1;0;1;0;1;2;-22,7839538;-43,38195488; SPRF-RJ ; DEL01-RJ ; UOP02-DEL01-RJ 
501009;2023-01-21; sábado ; 11:40:00 ; RO ;364;381; OURO PRETO DO OESTE ; Pista esburacada ; Queda de ocupante de veículo ; Com Vítimas Feridas ; Pleno dia ; Decrescente ; Sol ; Simples ; Reta ; Sim ;2;0;1;0;0;1;1;1;-10,73029115;-62,22943647; SPRF-RO ; DEL02-RO ; UOP01-DEL02-RO 
501011;2023-01-22; domingo ; 02:30:00 ; SC ;101;385,9; ICARA ; Condutor Dormindo ; Saída de leito carroçável ; Sem Vítimas ; Plena Noite ; Crescente ; Nublado ; Dupla ; Reta ; Não ;1;0;0;0;1;0;0;1;-28,7802484;-49,32798564; SPRF-SC ; DEL02-SC ; UOP02-DEL02-SC 
501013;2023-01-25; quarta-feira ; 10:00:00 ; SP ;116;206; GUARULHOS ; Reação tardia ou ineficiente do condutor ; Queda de ocupante de veículo ; Com Vítimas Feridas ; Pleno dia ; Crescente ; Céu Claro ; Simples ; Reta ; Sim ;2;0;1;1;0;0;2;1;-23,41722629;-46,37510292; SPRF-SP ; DEL01-SP ; UOP01-DEL01-SP 
501014;2023-01-17; terça-feira ; 07:30:00 ; SC ;101;416,5; ARARANGUA ; Desrespeitar a preferência no cruzamento ; Colisão frontal ; Sem Vítimas ; Pleno dia ; Decrescente ; Céu Claro ; Múltipla ; Não Informado ; Sim ;2;0;0;0;2;0;0;2;-28,96708874;-49,52338825; SPRF-SC ; DEL02-SC ; UOP02-DEL02-SC 
501016;2023-01-25; quarta-feira ; 06:44:00 ; BA ;418;114; MUCURI ; Ausência de reação do condutor ; Capotamento ; Com Vítimas Feridas ; Pleno dia ; Crescente ; Sol ; Simples ; Reta ; Não ;3;0;0;3;0;0;3;1;-17,887356;-40,091083; SPRF-BA ; DEL09-BA ; UOP02-DEL09-BA 
501017;2023-01-25; quarta-feira ; 10:30:00 ; PE ;101;49,6; ABREU E LIMA ; Acumulo de areia ou detritos sobre o pavimento ; Tombamento ; Com Vítimas Feridas ; Pleno dia ; Crescente ; Sol ; Múltipla ; Reta ; Sim ;1;0;1;0;0;0;1;1;-7,9005152;-34,90180641; SPRF-PE ; DEL01-PE ; UOP02-DEL01-PE 
501019;2023-01-25; quarta-feira ; 11:00:00 ; SC ;470;35; GASPAR ; Condutor deixou de manter distância do veículo da frente ; Colisão transversal ; Com Vítimas Feridas ; Pleno dia ; Decrescente ; Sol ; Múltipla ; Não Informado ; Não ;3;0;1;0;2;0;1;2;-26,912857;-48,958965; SPRF-SC ; DEL04-SC ; UOP01-DEL04-SC 
501020;2023-01-25; quarta-feira ; 11:00:00 ; RN ;304;96; NATAL ; Ausência de reação do condutor ; Colisão lateral mesmo sentido ; Com Vítimas Feridas ; Pleno dia ; Decrescente ; Céu Claro ; Múltipla ; Reta ; Não ;2;0;1;0;1;0;1;2;-5,85494835;-35,21157861; SPRF-RN ; DEL04-RN ; UOP01-DEL04-RN 
501021;2023-01-25; quarta-feira ; 10:50:00 ; MG ;50;33,9; ARAGUARI ; Chuva ; Saída de leito carroçável ; Com Vítimas Feridas ; Pleno dia ; Decrescente ; Chuva ; Dupla ; Reta ; Não ;1;0;1;0;0;0;1;1;-18,64832;-48,13324; SPRF-MG ; DEL15-MG ; UOP02-DEL15-MG 
501023;2023-01-22; domingo ; 09:30:00 ; PR ;277;336; GUARAPUAVA ; Ingestão de álcool pelo condutor ; Colisão com objeto ; Com Vítimas Feridas ; Pleno dia ; Decrescente ; Céu Claro ; Dupla ; Curva ; Não ;4;0;3;0;1;0;3;2;-25,35620267;-51,36067277; SPRF-PR ; DEL08-PR ; UOP01-DEL08-PR 
501024;2023-01-22; domingo ; 20:10:00 ; MG ;40;527; CONTAGEM ; Condutor deixou de manter distância do veículo da frente ; Colisão traseira ; Com Vítimas Feridas ; Plena Noite ; Decrescente ; Chuva ; Dupla ; Curva ; Sim ;2;0;0;1;0;1;1;2;-19,90149502;-44,04938939; SPRF-MG ; DEL01-MG ; UOP02-DEL01-MG 
501026;2023-01-25; quarta-feira ; 10:20:00 ; MG ;116;376; MATHIAS LOBATO ; Acesso irregular ; Colisão transversal ; Com Vítimas Feridas ; Pleno dia ; Crescente ; Céu Claro ; Simples ; Reta ; Não ;2;0;1;0;1;0;1;2;-18,586299;-41,92426908; SPRF-MG ; DEL06-MG ; UOP01-DEL06-MG 
501028;2023-01-25; quarta-feira ; 07:40:00 ; RJ ;101;597; PARATY ; Objeto estático sobre o leito carroçável ; Queda de ocupante de veículo ; Com Vítimas Feridas ; Pleno dia ; Decrescente ; Céu Claro ; Simples ; Reta ; Não ;1;0;0;1;0;0;1;1;-23,34025796;-44,74508227; SPRF-RJ ; DEL03-RJ ; UOP01-DEL03-RJ 
501029;2023-01-21; sábado ; 12:00:00 ; PR ;163;285; MARECHAL CANDIDO RONDON ; Conversão proibida ; Colisão transversal ; Com Vítimas Feridas ; Pleno dia ; Crescente ; Céu Claro ; Múltipla ; Reta ; Sim ;2;0;0;1;1;0;1;2;-24,568102;-54,034168; SPRF-PR ; DEL06-PR ; UOP02-DEL06-PR 
501030;2023-01-21; sábado ; 21:00:00 ; RO ;364;596; ITAPUA DO OESTE ; Ultrapassagem Indevida ; Colisão frontal ; Com Vítimas Feridas ; Plena Noite ; Decrescente ; Céu Claro ; Simples ; Reta ; Não ;9;0;0;9;0;0;9;2;-9,25742194;-63,16233977; SPRF-RO ; DEL03-RO ; UOP03-DEL03-RO 
501032;2023-01-25; quarta-feira ; 10:55:00 ; BA ;116;826; VITORIA DA CONQUISTA ; Acessar a via sem observar a presença dos outros veículos ; Colisão lateral mesmo sentido ; Com Vítimas Feridas ; Pleno dia ; Crescente ; Nublado ; Dupla ; Retorno Regulamentado ; Sim ;3;0;1;0;2;0;1;2;-14,87806;-40,85479; SPRF-BA ; DEL08-BA ; UOP01-DEL08-BA 
501034;2023-01-25; quarta-feira ; 10:50:00 ; RS ;285;298; PASSO FUNDO ; Acessar a via sem observar a presença dos outros veículos ; Colisão transversal ; Com Vítimas Feridas ; Pleno dia ; Decrescente ; Céu Claro ; Simples ; Rotatória ; Sim ;3;0;1;0;2;0;1;2;-28,236414;-52,423466; SPRF-RS ; DEL08-RS ; UOP03-DEL08-RS 
501035;2023-01-22; domingo ; 04:30:00 ; MT ;70;280; PRIMAVERA DO LESTE ; Condutor Dormindo ; Saída de leito carroçável ; Com Vítimas Feridas ; Amanhecer ; Decrescente ; Céu Claro ; Simples ; Reta ; Sim ;3;0;0;3;0;0;3;1;-15,5628096;-54,2970162; SPRF-MT ; DEL05-MT ; UOP01-DEL05-MT 
501037;2023-01-25; quarta-feira ; 09:55:00 ; RR ;401;1; BOA VISTA ; Ausência de reação do condutor ; Colisão lateral mesmo sentido ; Com Vítimas Feridas ; Pleno dia ; Decrescente ; Céu Claro ; Múltipla ; Reta ; Sim ;2;0;0;1;1;0;1;2;2,80229396;-60,68243402; SPRF-RR ; N/A ; UOP01-DEL01-RR 
501039;2023-01-25; quarta-feira ; 11:40:00 ; PE ;101;75,7; RECIFE ; Condutor deixou de manter distância do veículo da frente ; Colisão traseira ; Com Vítimas Feridas ; Pleno dia ; Crescente ; Céu Claro ; Dupla ; Reta ; Sim ;2;0;1;0;1;0;1;2;-8,115797;-34,944499; SPRF-PE ; DEL01-PE ; UOP01-DEL01-PE 
501040;2023-01-24; terça-feira ; 18:30:00 ; SC ;282;115,8; ALFREDO WAGNER ; Velocidade Incompatível ; Saída de leito carroçável ; Com Vítimas Feridas ; Pleno dia ; Decrescente ; Céu Claro ; Simples ; Curva ; Não ;1;0;1;0;0;0;1;1;-27,755424;-49,39444; SPRF-SC ; DEL01-SC ; UOP03-DEL01-SC 
501041;2023-01-25; quarta-feira ; 11:30:00 ; SC ;101;214; PALHOCA ; Ingestão de álcool pelo condutor ; Colisão traseira ; Com Vítimas Feridas ; Pleno dia ; Crescente ; Sol ; Múltipla ; Reta ; Não ;2;0;1;0;1;0;1;2;-27,64443;-48,67057; SPRF-SC ; DEL01-SC ; UOP02-DEL01-SC 
501042;2023-01-21; sábado ; 14:15:00 ; SP ;116;385; MIRACATU ; Velocidade Incompatível ; Queda de ocupante de veículo ; Com Vítimas Feridas ; Pleno dia ; Crescente ; Sol ; Dupla ; Curva ; Não ;1;0;1;0;0;0;1;1;-24,25403017;-47,37599945; SPRF-SP ; DEL04-SP ; UOP02-DEL04-SP 
501043;2023-01-25; quarta-feira ; 12:00:00 ; SC ;116;5,5; MAFRA ; Desrespeitar a preferência no cruzamento ; Colisão transversal ; Com Vítimas Feridas ; Pleno dia ; Crescente ; Céu Claro ; Simples ; Não Informado ; Sim ;5;0;1;1;3;0;2;3;-26,14094396;-49,81508303; SPRF-SC ; DEL06-SC ; UOP01-DEL06-SC 
501045;2023-01-25; quarta-feira ; 09:50:00 ; MG ;381;545,9; ITATIAIUCU ; Ingestão de álcool pelo condutor ; Colisão traseira ; Sem Vítimas ; Pleno dia ; Decrescente ; Céu Claro ; Dupla ; Reta ; Não ;2;0;0;0;2;0;0;2;-20,28766303;-44,43572087; SPRF-MG ; DEL04-MG ; UOP03-DEL04-MG 
501046;2023-01-25; quarta-feira ; 11:50:00 ; SC ;101;105; PENHA ; Ausência de reação do condutor ; Tombamento ; Com Vítimas Feridas ; Pleno dia ; Crescente ; Sol ; Dupla ; Curva ; Não ;2;0;2;0;0;0;2;1;-26,80215497;-48,67891041; SPRF-SC ; DEL03-SC ; UOP02-DEL03-SC 
501047;2023-01-21; sábado ; 17:10:00 ; MG ;40;785; JUIZ DE FORA ; Reação tardia ou ineficiente do condutor ; Colisão com objeto ; Com Vítimas Feridas ; Pleno dia ; Crescente ; Chuva ; Dupla ; Reta ; Não ;4;0;1;0;3;0;1;1;-21,71976086;-43,44303569; SPRF-MG ; DEL05-MG ; UOP01-DEL05-MG 
501049;2023-01-25; quarta-feira ; 10:40:00 ; RJ ;40;119; DUQUE DE CAXIAS ; Condutor usando celular ; Colisão frontal ; Com Vítimas Feridas ; Pleno dia ; Decrescente ; Céu Claro ; Simples ; Não Informado ; Sim ;2;0;0;1;1;0;1;2;-22,76375592;-43,28683062; SPRF-RJ ; DEL01-RJ ; UOP01-DEL01-RJ 
501051;2023-01-22; domingo ; 06:30:00 ; PR ;369;144,9; LONDRINA ; Velocidade Incompatível ; Saída de leito carroçável ; Sem Vítimas ; Pleno dia ; Decrescente ; Céu Claro ; Dupla ; Reta ; Sim ;1;0;0;0;0;1;0;1;-23,293555;-51,112012; SPRF-PR ; DEL07-PR ; UOP01-DEL07-PR 
501052;2023-01-21; sábado ; 14:30:00 ; SP ;116;229; GUARULHOS ; Reação tardia ou ineficiente do condutor ; Colisão traseira ; Sem Vítimas ; Pleno dia ; Decrescente ; Céu Claro ; Simples ; Reta ; Não ;5;0;0;0;5;0;0;2;-23,51291902;-46,57604698; SPRF-SP ; DEL01-SP ; UOP01-DEL01-SP 
501054;2023-01-21; sábado ; 19:40:00 ; ES ;101;144; LINHARES ; Semáforo com defeito ; Colisão transversal ; Com Vítimas Feridas ; Plena Noite ; Decrescente ; Nublado ; Simples ; Reta ; Sim ;3;0;2;0;1;0;2;2;-19,35188295;-40,0636685; SPRF-ES ; DEL04-ES ; UOP01-DEL04-ES 
501058;2023-01-14; sábado ; 18:35:00 ; PB ;361;36; CATINGUEIRA ; Ingestão de álcool pelo condutor ; Capotamento ; Com Vítimas Feridas ; Plena Noite ; Decrescente ; Céu Claro ; Simples ; Curva ; Não ;1;0;0;1;0;0;1;1;-7,09077111;-37,56284298; SPRF-PB ; DEL03-PB ; UOP01-DEL03-PB 
501060;2023-01-22; domingo ; 01:50:00 ; PR ;153;352; REBOUCAS ; Ingestão de álcool pelo condutor ; Saída de leito carroçável ; Sem Vítimas ; Plena Noite ; Crescente ; Céu Claro ; Simples ; Reta ; Não ;2;0;0;0;2;0;0;1;-25,6240101;-50,70976188; SPRF-PR ; DEL08-PR ; UOP02-DEL08-PR 
501061;2023-01-25; quarta-feira ; 13:00:00 ; MG ;381;491,8; BETIM ; Ausência de reação do condutor ; Tombamento ; Com Vítimas Feridas ; Pleno dia ; Crescente ; Sol ; Múltipla ; Reta ; Sim ;1;0;1;0;0;0;1;1;-19,95981613;-44,15458918; SPRF-MG ; DEL01-MG ; UOP03-DEL01-MG 
501062;2023-01-25; quarta-feira ; 12:30:00 ; GO ;60;110; GOIANAPOLIS ; Problema na suspensão ; Colisão lateral mesmo sentido ; Com Vítimas Feridas ; Pleno dia ; Crescente ; Nublado ; Dupla ; Curva ; Não ;3;0;2;0;1;0;2;2;-16,45;-49,0316; SPRF-GO ; DEL01-GO ; UOP01-DEL01-GO 
501068;2023-01-25; quarta-feira ; 13:20:00 ; SC ;470;147; RIO DO SUL ; Reação tardia ou ineficiente do condutor ; Colisão transversal ; Com Vítimas Feridas ; Pleno dia ; Crescente ; Céu Claro ; Simples ; Reta ; Sim ;3;0;1;1;1;0;2;2;-27,243439;-49,690025; SPRF-SC ; DEL04-SC ; UOP02-DEL04-SC 
501069;2023-01-25; quarta-feira ; 12:00:00 ; MS ;376;170; NOVA ANDRADINA ; Avarias e/ou desgaste excessivo no pneu ; Tombamento ; Com Vítimas Feridas ; Pleno dia ; Crescente ; Céu Claro ; Dupla ; Reta ; Sim ;1;0;1;0;0;0;1;1;-22,30822281;-53,39668524; SPRF-MS ; DEL04-MS ; UOP04-DEL04-MS 
501070;2023-01-21; sábado ; 10:50:00 ; ES ;262;76; DOMINGOS MARTINS ; Velocidade Incompatível ; Colisão lateral sentido oposto ; Com Vítimas Feridas ; Pleno dia ; Crescente ; Chuva ; Simples ; Não Informado ; Não ;5;0;2;2;1;0;4;3;-20,41279327;-40,90834307; SPRF-ES ; DEL01-ES ; UOP02-DEL01-ES 
501072;2023-01-25; quarta-feira ; 14:00:00 ; CE ;116;17; FORTALEZA ; Acessar a via sem observar a presença dos outros veículos ; Colisão lateral mesmo sentido ; Com Vítimas Feridas ; Pleno dia ; Decrescente ; Céu Claro ; Dupla ; Reta ; Sim ;2;0;0;1;1;0;1;2;-3,89617918;-38,50336042; SPRF-CE ; DEL01-CE ; UOP02-DEL01-CE 
501073;2023-01-21; sábado ; 20:15:00 ; ES ;262;144; IBATIBA ; Velocidade Incompatível ; Saída de leito carroçável ; Com Vítimas Fatais ; Plena Noite ; Crescente ; Chuva ; Simples ; Não Informado ; Não ;1;1;0;0;0;0;0;1;-20,23880893;-41,40054411; SPRF-ES ; DEL01-ES ; UOP02-DEL01-ES 
501075;2023-01-25; quarta-feira ; 12:15:00 ; GO ;60;113,2; TEREZOPOLIS DE GOIAS ; Demais falhas mecânicas ou elétricas ; Saída de leito carroçável ; Com Vítimas Feridas ; Pleno dia ; Decrescente ; Sol ; Dupla ; Desvio Temporário ; Não ;2;0;2;0;0;0;2;1;-16,4572;-49,0567; SPRF-GO ; DEL01-GO ; UOP01-DEL01-GO 
501076;2023-01-25; quarta-feira ; 14:00:00 ; PB ;101;111,2; ALHANDRA ; Demais falhas mecânicas ou elétricas ; Tombamento ; Com Vítimas Feridas ; Pleno dia ; Crescente ; Céu Claro ; Dupla ; Reta ; Não ;2;0;2;0;0;0;2;1;-7,36122197;-34,95184711; SPRF-PB ; DEL01-PB ; UOP02-DEL01-PB 
501077;2023-01-25; quarta-feira ; 11:35:00 ; MG ;116;397,2; GOVERNADOR VALADARES ; Pista esburacada ; Colisão lateral mesmo sentido ; Com Vítimas Feridas ; Pleno dia ; Decrescente ; Nublado ; Simples ; Não Informado ; Não ;5;0;3;0;2;0;3;2;-18,75570099;-41,98568765; SPRF-MG ; DEL06-MG ; UOP01-DEL06-MG 
501078;2023-01-25; quarta-feira ; 14:30:00 ; RS ;285;496; ENTRE-IJUIS ; Ingestão de álcool pelo condutor ; Tombamento ; Com Vítimas Feridas ; Pleno dia ; Crescente ; Céu Claro ; Simples ; Interseção de vias ; Não ;2;0;2;0;0;0;2;1;-28,378;-54,2629; SPRF-RS ; DEL10-RS ; UOP01-DEL10-RS 
501080;2023-01-25; quarta-feira ; 08:45:00 ; SC ;101;119; ITAJAI ; Manobra de mudança de faixa ; Colisão lateral mesmo sentido ; Com Vítimas Feridas ; Pleno dia ; Decrescente ; Céu Claro ; Dupla ; Reta ; Não ;2;0;1;0;1;0;1;2;-26,9043179;-48,71555481; SPRF-SC ; DEL04-SC ; UOP04-DEL04-SC 
501081;2023-01-25; quarta-feira ; 14:10:00 ; RN ;101;96; NATAL ; Condutor deixou de manter distância do veículo da frente ; Engavetamento ; Sem Vítimas ; Pleno dia ; Decrescente ; Céu Claro ; Dupla ; Reta ; Sim ;4;0;0;0;4;0;0;4;-5,84949622;-35,20890752; SPRF-RN ; DEL01-RN ; UOP01-DEL01-RN 
501084;2023-01-25; quarta-feira ; 14:45:00 ; TO ;10;432; PALMAS ; Reação tardia ou ineficiente do condutor ; Colisão traseira ; Com Vítimas Feridas ; Pleno dia ; Crescente ; Nublado ; Múltipla ; Reta ; Não ;3;0;2;0;1;0;2;2;-10,25585889;-48,31112765; SPRF-TO ; DEL01-TO ; UOP03-DEL01-TO 
501085;2023-01-25; quarta-feira ; 14:45:00 ; PR ;476;163; ARAUCARIA ; Frear bruscamente ; Colisão traseira ; Com Vítimas Feridas ; Pleno dia ; Decrescente ; Sol ; Simples ; Reta ; Não ;5;0;4;0;1;0;4;3;-25,6350071;-49,46267009; SPRF-PR ; DEL01-PR ; UAP06-DEL01-PR 
501086;2023-01-21; sábado ; 21:00:00 ; RS ;470;161; NOVA PRATA ; Ausência de reação do condutor ; Saída de leito carroçável ; Sem Vítimas ; Plena Noite ; Decrescente ; Chuva ; Simples ; Reta ; Não ;1;0;0;0;1;0;0;1;-28,817015;-51,594917; SPRF-RS ; DEL06-RS ; UOP02-DEL06-RS 