 id ; data_inversa ; dia_semana ; horario ; uf ; br ; km ; municipio ; causa_acidente ; tipo_acidente ; classificacao_acidente ; fase_dia ; sentido_via ; condicao_metereologica ; tipo_pista ; tracado_via ; uso_solo ; pessoas ; mortos ; feridos_leves ; feridos_graves ; ilesos ; ignorados ; feridos ; veiculos ; latitude ; longitude ; regional ; delegacia ; uop 
501214;2023-01-26; quinta-feira ; 06:25:00 ; CE ;116;6; FORTALEZA ; Acessar a via sem observar a presença dos outros veículos ; Queda de ocupante de veículo ; Com Vítimas Feridas ; Pleno dia ; Crescente ; Chuva ; Múltipla ; Reta ; Não ;1;0;1;0;0;0;1;1;-3,802624;-38,50400499; SPRF-CE ; DEL01-CE ; UOP02-DEL01-CE 
501218;2023-01-26; quinta-feira ; 06:50:00 ; RJ ;101;476; ANGRA DOS REIS ; Pedestre andava na pista ; Atropelamento de Pedestre ; Com Vítimas Feridas ; Pleno dia ; Crescente ; Nublado ; Simples ; Não Informado ; Sim ;2;0;0;1;1;0;1;1;-23,0055431;-44,26195833; SPRF-RJ ; DEL03-RJ ; UOP02-DEL03-RJ 
501219;2023-01-22; domingo ; 18:35:00 ; PR ;277;520,5; GUARANIACU ; Conversão proibida ; Colisão lateral mesmo sentido ; Com Vítimas Fatais ; Pleno dia ; Decrescente ; Céu Claro ; Simples ; Não Informado ; Não ;2;1;0;0;0;1;0;2;-25,11018112;-52,85167802; SPRF-PR ; DEL04-PR ; UOP05-DEL04-PR 
501222;2023-01-22; domingo ; 16:00:00 ; SC ;470;55,8; BLUMENAU ; Acessar a via sem observar a presença dos outros veículos ; Colisão transversal ; Com Vítimas Feridas ; Pleno dia ; Crescente ; Céu Claro ; Simples ; Reta ; Sim ;4;0;1;2;1;0;3;2;-26,87674;-49,127743; SPRF-SC ; DEL04-SC ; UOP01-DEL04-SC 
501223;2023-01-26; quinta-feira ; 07:45:00 ; PB ;230;26,9; JOAO PESSOA ; Reação tardia ou ineficiente do condutor ; Colisão traseira ; Com Vítimas Feridas ; Pleno dia ; Crescente ; Céu Claro ; Dupla ; Reta ; Sim ;2;0;1;0;1;0;1;2;-7,1693;-34,8782; SPRF-PB ; DEL01-PB ; UOP01-DEL01-PB 
501224;2023-01-22; domingo ; 18:50:00 ; RO ;364;698; PORTO VELHO ; Condutor deixou de manter distância do veículo da frente ; Colisão traseira ; Sem Vítimas ; Anoitecer ; Crescente ; Garoa/Chuvisco ; Dupla ; Reta ; Sim ;4;0;0;0;4;0;0;2;-8,80054742;-63,76909018; SPRF-RO ; DEL01-RO ; UOP01-DEL01-RO 
501225;2023-01-26; quinta-feira ; 08:00:00 ; RJ ;116;308; RESENDE ; Ausência de reação do condutor ; Colisão traseira ; Com Vítimas Feridas ; Pleno dia ; Decrescente ; Céu Claro ; Dupla ; Não Informado ; Não ;2;0;1;0;1;0;1;2;-22,45783299;-44,418685; SPRF-RJ ; DEL07-RJ ; UOP02-DEL07-RJ 
501226;2023-01-02; segunda-feira ; 21:50:00 ; MG ;40;511,5; RIBEIRAO DAS NEVES ; Pista Escorregadia ; Colisão traseira ; Com Vítimas Feridas ; Plena Noite ; Decrescente ; Chuva ; Dupla ; Reta ; Sim ;1;0;1;0;0;0;1;1;-19,78164295;-44,11733194; SPRF-MG ; DEL01-MG ; UOP02-DEL01-MG 
501227;2023-01-26; quinta-feira ; 08:10:00 ; PR ;376;250; APUCARANA ; Transitar na contramão ; Colisão frontal ; Com Vítimas Feridas ; Pleno dia ; Crescente ; Céu Claro ; Dupla ; Reta ; Não ;3;0;1;1;0;1;2;2;-23,618232;-51,394844; SPRF-PR ; DEL07-PR ; UOP03-DEL07-PR 
501228;2023-01-26; quinta-feira ; 07:45:00 ; PR ;369;160; CAMBE ; Condutor deixou de manter distância do veículo da frente ; Colisão traseira ; Com Vítimas Feridas ; Pleno dia ; Decrescente ; Céu Claro ; Dupla ; Não Informado ; Sim ;3;0;1;0;2;0;1;3;-23,28305902;-51,24885231; SPRF-PR ; DEL07-PR ; UOP01-DEL07-PR 
501229;2023-01-22; domingo ; 10:50:00 ; PR ;376;300; MAUA DA SERRA ; Velocidade Incompatível ; Colisão lateral mesmo sentido ; Com Vítimas Feridas ; Pleno dia ; Decrescente ; Sol ; Dupla ; Curva ; Não ;2;0;0;2;0;0;2;2;-23,93365484;-51,15483284; SPRF-PR ; DEL07-PR ; UOP02-DEL07-PR 
501230;2023-01-22; domingo ; 02:00:00 ; BA ;110;243; OLINDINA ; Iluminação deficiente ; Atropelamento de Animal ; Com Vítimas Feridas ; Plena Noite ; Crescente ; Nublado ; Simples ; Não Informado ; Sim ;2;0;1;1;0;0;2;1;-11,416905;-38,292923; SPRF-BA ; DEL01-BA ; UOP04-DEL01-BA 
501231;2023-01-21; sábado ; 22:00:00 ; SC ;101;132; BALNEARIO CAMBORIU ; Acesso irregular ; Colisão transversal ; Com Vítimas Feridas ; Plena Noite ; Crescente ; Céu Claro ; Dupla ; Reta ; Sim ;2;0;1;0;1;0;1;2;-26,99654133;-48,65564711; SPRF-SC ; DEL04-SC ; UOP03-DEL04-SC 
501232;2023-01-26; quinta-feira ; 06:30:00 ; RO ;319;63; PORTO VELHO ; Condutor desrespeitou a iluminação vermelha do semáforo ; Colisão transversal ; Com Vítimas Feridas ; Amanhecer ; Decrescente ; Nublado ; Dupla ; Interseção de vias ; Sim ;3;0;1;1;1;0;2;2;-8,75547335;-63,88635635; SPRF-RO ; DEL01-RO ; UOP01-DEL01-RO 
501233;2023-01-26; quinta-feira ; 07:30:00 ; PR ;376;218,5; JANDAIA DO SUL ; Desrespeitar a preferência no cruzamento ; Colisão transversal ; Com Vítimas Feridas ; Pleno dia ; Decrescente ; Céu Claro ; Simples ; Interseção de vias ; Não ;3;0;3;0;0;0;3;2;-23,59717604;-51,615043; SPRF-PR ; DEL09-PR ; UOP01-DEL09-PR 
501234;2023-01-22; domingo ; 22:40:00 ; PE ;104;29; TORITAMA ; Transitar na contramão ; Colisão frontal ; Com Vítimas Feridas ; Plena Noite ; Crescente ; Céu Claro ; Simples ; Reta ; Sim ;4;0;0;1;3;0;1;2;-8,00769479;-36,06333017; SPRF-PE ; DEL02-PE ; UOP01-DEL02-PE 
501235;2023-01-26; quinta-feira ; 07:53:00 ; DF ;40;5,8; BRASILIA ; Reação tardia ou ineficiente do condutor ; Colisão traseira ; Com Vítimas Feridas ; Pleno dia ; Decrescente ; Céu Claro ; Dupla ; Reta ; Sim ;2;0;1;0;1;0;1;2;-16,02799551;-47,97901154; SPRF-DF ; DEL01-DF ; UOP01-DEL01-DF 
501236;2023-01-26; quinta-feira ; 07:20:00 ; PR ;116;17; CURITIBA ; Reação tardia ou ineficiente do condutor ; Colisão lateral sentido oposto ; Com Vítimas Feridas ; Pleno dia ; Decrescente ; Céu Claro ; Dupla ; Reta ; Sim ;2;0;1;0;1;0;1;2;-25,389;-49,1867; SPRF-PR ; DEL01-PR ; UOP02-DEL01-PR 
501237;2023-01-22; domingo ; 09:40:00 ; MG ;40;553; NOVA LIMA ; Velocidade Incompatível ; Saída de leito carroçável ; Com Vítimas Feridas ; Pleno dia ; Crescente ; Chuva ; Dupla ; Não Informado ; Sim ;2;0;1;1;0;0;2;1;-20,06863326;-43,98194759; SPRF-MG ; DEL01-MG ; UOP02-DEL01-MG 
501238;2023-01-26; quinta-feira ; 07:25:00 ; RJ ;101;309; SAO GONCALO ; Acessar a via sem observar a presença dos outros veículos ; Colisão traseira ; Com Vítimas Feridas ; Pleno dia ; Decrescente ; Sol ; Dupla ; Reta ; Sim ;2;0;1;0;1;0;1;2;-22,79498873;-43,03446105; SPRF-RJ ; DEL02-RJ ; UOP02-DEL02-RJ 
501239;2023-01-26; quinta-feira ; 08:15:00 ; SP ;101;51; UBATUBA ; Acessar a via sem observar a presença dos outros veículos ; Colisão transversal ; Com Vítimas Feridas ; Pleno dia ; Decrescente ; Céu Claro ; Simples ; Reta ; Sim ;2;0;1;0;1;0;1;2;-23,45627795;-45,07111896; SPRF-SP ; DEL06-SP ; UOP01-DEL06-SP 
501242;2023-01-22; domingo ; 20:20:00 ; RJ ;101;315; SAO GONCALO ; Condutor deixou de manter distância do veículo da frente ; Colisão traseira ; Com Vítimas Feridas ; Pleno dia ; Decrescente ; Nublado ; Múltipla ; Reta ; Sim ;2;0;2;0;0;0;2;1;-22,82262092;-43,08460805; SPRF-RJ ; DEL02-RJ ; UOP02-DEL02-RJ 
501243;2023-01-26; quinta-feira ; 07:50:00 ; GO ;414;411; ABADIANIA ; Acessar a via sem observar a presença dos outros veículos ; Colisão transversal ; Sem Vítimas ; Pleno dia ; Crescente ; Chuva ; Simples ; Reta ; Sim ;2;0;0;0;1;1;0;2;-16,05503839;-48,85371393; SPRF-GO ; DEL02-GO ; UOP01-DEL02-GO 
501244;2023-01-26; quinta-feira ; 07:55:00 ; SP ;116;227; SAO PAULO ; Acessar a via sem observar a presença dos outros veículos ; Colisão traseira ; Com Vítimas Feridas ; Pleno dia ; Crescente ; Céu Claro ; Múltipla ; Reta ; Não ;2;0;0;1;1;0;1;2;-23,50343484;-46,56638712; SPRF-SP ; DEL01-SP ; UOP01-DEL01-SP 
501245;2023-01-26; quinta-feira ; 06:15:00 ; RS ;392;5,8; RIO GRANDE ; Demais falhas na via ; Capotamento ; Sem Vítimas ; Amanhecer ; Crescente ; Céu Claro ; Simples ; Reta ; Não ;1;0;0;0;1;0;0;1;-32,07687877;-52,10166627; SPRF-RS ; DEL07-RS ; UOP02-DEL07-RS 
501246;2023-01-26; quinta-feira ; 07:30:00 ; RS ;392;5,4; RIO GRANDE ; Acumulo de óleo sobre o pavimento ; Tombamento ; Com Vítimas Feridas ; Amanhecer ; Crescente ; Céu Claro ; Simples ; Reta ; Não ;1;0;1;0;0;0;1;1;-32,07687877;-52,10166627; SPRF-RS ; DEL07-RS ; UOP02-DEL07-RS 
501247;2023-01-22; domingo ; 08:00:00 ; PR ;376;169; MARINGA ; Avarias e/ou desgaste excessivo no pneu ; Queda de ocupante de veículo ; Com Vítimas Feridas ; Pleno dia ; Crescente ; Céu Claro ; Dupla ; Não Informado ; Não ;2;0;1;0;1;0;1;1;-23,41293401;-51,98354301; SPRF-PR ; DEL09-PR ; UOP01-DEL09-PR 
501249;2023-01-23; segunda-feira ; 03:40:00 ; MS ;163;372; NOVA ALVORADA DO SUL ; Demais falhas mecânicas ou elétricas ; Tombamento ; Com Vítimas Feridas ; Plena Noite ; Crescente ; Céu Claro ; Dupla ; Reta ; Não ;2;0;1;0;1;0;1;1;-21,40851284;-54,39788682; SPRF-MS ; DEL02-MS ; UOP01-DEL02-MS 
501250;2023-01-26; quinta-feira ; 07:30:00 ; RJ ;40;50; DUQUE DE CAXIAS ; Reação tardia ou ineficiente do condutor ; Capotamento ; Com Vítimas Feridas ; Pleno dia ; Crescente ; Céu Claro ; Dupla ; Reta ; Não ;1;0;1;0;0;0;1;1;-22,669031;-43,310088; SPRF-RJ ; DEL06-RJ ; UOP01-DEL06-RJ 
501251;2023-01-26; quinta-feira ; 07:15:00 ; RS ;386;274,5; FONTOURA XAVIER ; Reação tardia ou ineficiente do condutor ; Tombamento ; Com Vítimas Feridas ; Pleno dia ; Decrescente ; Céu Claro ; Simples ; Reta ; Não ;1;0;1;0;0;0;1;1;-29,000175;-52,353458; SPRF-RS ; DEL04-RS ; UOP03-DEL04-RS 
501254;2023-01-20; sexta-feira ; 23:50:00 ; GO ;20;18,8; FORMOSA ; Estacionar ou parar em local proibido ; Colisão transversal ; Com Vítimas Feridas ; Anoitecer ; Crescente ; Céu Claro ; Simples ; Desvio Temporário ; Não ;2;0;2;0;0;0;2;2;-15,556626;-47,195999; SPRF-DF ; DEL02-DF ; UOP02-DEL02-DF 
501257;2023-01-22; domingo ; 08:00:00 ; SC ;280;47; GUARAMIRIM ; Condutor Dormindo ; Queda de ocupante de veículo ; Com Vítimas Feridas ; Pleno dia ; Crescente ; Céu Claro ; Simples ; Reta ; Não ;1;0;1;0;0;0;1;1;-26,45353692;-48,917876; SPRF-SC ; DEL03-SC ; UOP03-DEL03-SC 
501261;2023-01-22; domingo ; 19:00:00 ; SC ;280;55; GUARAMIRIM ; Ingestão de álcool pelo condutor ; Colisão traseira ; Sem Vítimas ; Anoitecer ; Crescente ; Nublado ; Dupla ; Reta ; Não ;2;0;0;0;2;0;0;2;-26,47584353;-48,9937858; SPRF-SC ; DEL03-SC ; UOP03-DEL03-SC 
501267;2023-01-22; domingo ; 00:10:00 ; BA ;116;852,3; POCOES ; Acessar a via sem observar a presença dos outros veículos ; Colisão transversal ; Com Vítimas Feridas ; Plena Noite ; Crescente ; Nublado ; Simples ; Não Informado ; Sim ;2;0;1;0;1;0;1;2;-14,53041;-40,38303; SPRF-BA ; DEL08-BA ; UOP01-DEL08-BA 
501269;2023-01-22; domingo ; 12:50:00 ; PR ;277;4; PARANAGUA ; Retorno proibido ; Colisão transversal ; Sem Vítimas ; Pleno dia ; Decrescente ; Garoa/Chuvisco ; Simples ; Reta ; Sim ;2;0;0;0;2;0;0;2;-25,568198;-48,615292; SPRF-PR ; DEL01-PR ; UOP05-DEL01-PR 
501270;2023-01-26; quinta-feira ; 08:20:00 ; PR ;116;205,9; RIO NEGRO ; Velocidade Incompatível ; Tombamento ; Com Vítimas Feridas ; Pleno dia ; Crescente ; Sol ; Simples ; Reta ; Não ;1;0;1;0;0;0;1;1;-26,05749692;-49,72632005; SPRF-SC ; DEL06-SC ; UOP01-DEL06-SC 
501271;2023-01-26; quinta-feira ; 09:53:00 ; PE ;232;119; CARUARU ; Manobra de mudança de faixa ; Colisão com objeto ; Com Vítimas Feridas ; Pleno dia ; Decrescente ; Céu Claro ; Dupla ; Reta ; Não ;4;0;3;0;1;0;3;1;-8,2962792;-35,89314995; SPRF-PE ; DEL02-PE ; UOP01-DEL02-PE 
501274;2023-01-26; quinta-feira ; 10:20:00 ; GO ;153;537; HIDROLANDIA ; Acumulo de água sobre o pavimento ; Saída de leito carroçável ; Com Vítimas Feridas ; Pleno dia ; Crescente ; Chuva ; Dupla ; Desvio Temporário ; Não ;3;0;2;0;1;0;2;1;-17,0276;-49,2229; SPRF-GO ; DEL01-GO ; UOP03-DEL01-GO 
501276;2023-01-21; sábado ; 10:30:00 ; SP ;116;166; JACAREI ; Reação tardia ou ineficiente do condutor ; Queda de ocupante de veículo ; Com Vítimas Feridas ; Pleno dia ; Decrescente ; Céu Claro ; Dupla ; Reta ; Sim ;1;0;1;0;0;0;1;1;-23,30055667;-46,01686506; SPRF-SP ; DEL02-SP ; UOP01-DEL02-SP 
501278;2023-01-26; quinta-feira ; 10:27:00 ; TO ;153;675; GURUPI ; Conversão proibida ; Colisão frontal ; Com Vítimas Feridas ; Pleno dia ; Crescente ; Chuva ; Simples ; Reta ; Sim ;2;0;0;1;1;0;1;2;-11,75312428;-49,09074565; SPRF-TO ; DEL01-TO ; UOP02-DEL01-TO 
501279;2023-01-26; quinta-feira ; 11:00:00 ; SP ;116;146; SAO JOSE DOS CAMPOS ; Demais falhas mecânicas ou elétricas ; Saída de leito carroçável ; Com Vítimas Feridas ; Pleno dia ; Decrescente ; Sol ; Dupla ; Não Informado ; Não ;1;0;0;1;0;0;1;1;-23,19122919;-45,86327591; SPRF-SP ; DEL02-SP ; UOP01-DEL02-SP 
501280;2023-01-22; domingo ; 09:20:00 ; PE ;232;9,1; JABOATAO DOS GUARARAPES ; Manobra de mudança de faixa ; Colisão lateral mesmo sentido ; Com Vítimas Feridas ; Pleno dia ; Decrescente ; Céu Claro ; Dupla ; Não Informado ; Sim ;2;0;1;0;1;0;1;2;-8,07764447;-34,97863609; SPRF-PE ; DEL01-PE ; UOP01-DEL01-PE 
501281;2023-01-26; quinta-feira ; 11:40:00 ; MG ;116;412,4; GOVERNADOR VALADARES ; Desrespeitar a preferência no cruzamento ; Colisão transversal ; Com Vítimas Feridas ; Pleno dia ; Crescente ; Nublado ; Simples ; Interseção de vias ; Sim ;3;0;1;0;2;0;1;2;-18,86882342;-41,97144241; SPRF-MG ; DEL06-MG ; UOP01-DEL06-MG 
501282;2023-01-11; quarta-feira ; 15:30:00 ; RO ;364;424,4; JARU ; Condutor deixou de manter distância do veículo da frente ; Colisão traseira ; Sem Vítimas ; Pleno dia ; Decrescente ; Céu Claro ; Simples ; Reta ; Sim ;3;0;0;0;3;0;0;2;-10,44457274;-62,46568412; SPRF-RO ; DEL03-RO ; UOP02-DEL03-RO 
501283;2023-01-26; quinta-feira ; 12:10:00 ; CE ;116;477; MILAGRES ; Acessar a via sem observar a presença dos outros veículos ; Colisão transversal ; Com Vítimas Feridas ; Pleno dia ; Decrescente ; Céu Claro ; Simples ; Reta ; Não ;2;0;0;1;1;0;1;2;-7,29664332;-38,87796382; SPRF-CE ; DEL05-CE ; UOP03-DEL05-CE 
501286;2023-01-20; sexta-feira ; 14:00:00 ; MA ;10;281; IMPERATRIZ ; Acessar a via sem observar a presença dos outros veículos ; Colisão lateral mesmo sentido ; Com Vítimas Feridas ; Pleno dia ; Crescente ; Céu Claro ; Simples ; Reta ; Não ;6;0;3;0;3;0;3;2;-5,277627;-47,504314; SPRF-MA ; DEL04-MA ; UOP01-DEL04-MA 
501287;2023-01-26; quinta-feira ; 08:30:00 ; PE ;232;335; CUSTODIA ; Ausência de reação do condutor ; Saída de leito carroçável ; Com Vítimas Feridas ; Pleno dia ; Decrescente ; Céu Claro ; Simples ; Reta ; Não ;2;0;0;2;0;0;2;1;-8,0843408;-37,64570494; SPRF-PE ; DEL04-PE ; UOP02-DEL04-PE 
501288;2023-01-22; domingo ; 09:40:00 ; PR ;277;726; FOZ DO IGUACU ; Reação tardia ou ineficiente do condutor ; Saída de leito carroçável ; Sem Vítimas ; Pleno dia ; Decrescente ; Chuva ; Dupla ; Curva ; Não ;2;0;0;0;2;0;0;1;-25,5106015;-54,55481999; SPRF-PR ; DEL05-PR ; UOP03-DEL05-PR 
501289;2023-01-26; quinta-feira ; 10:10:00 ; RJ ;40;123; DUQUE DE CAXIAS ; Condutor deixou de manter distância do veículo da frente ; Queda de ocupante de veículo ; Com Vítimas Feridas ; Pleno dia ; Crescente ; Sol ; Múltipla ; Interseção de vias ; Não ;1;0;1;0;0;0;1;1;-22,79907687;-43,29015739; SPRF-RJ ; DEL01-RJ ; UOP01-DEL01-RJ 
501290;2023-01-26; quinta-feira ; 07:44:00 ; RS ;392;7,8; RIO GRANDE ; Acesso irregular ; Tombamento ; Com Vítimas Feridas ; Pleno dia ; Decrescente ; Céu Claro ; Simples ; Interseção de vias ; Sim ;3;0;2;0;1;0;2;2;-32,093615;-52,108877; SPRF-RS ; DEL07-RS ; UOP02-DEL07-RS 
501291;2023-01-26; quinta-feira ; 10:40:00 ; SC ;101;396; MARACAJA ; Condutor deixou de manter distância do veículo da frente ; Colisão traseira ; Com Vítimas Feridas ; Pleno dia ; Crescente ; Céu Claro ; Dupla ; Não Informado ; Não ;2;0;1;0;1;0;1;2;-28,82459572;-49,40472033; SPRF-SC ; DEL02-SC ; UOP02-DEL02-SC 
501293;2023-01-21; sábado ; 09:00:00 ; MG ;116;535; SANTA RITA DE MINAS ; Frear bruscamente ; Queda de ocupante de veículo ; Com Vítimas Feridas ; Pleno dia ; Crescente ; Garoa/Chuvisco ; Simples ; Reta ; Não ;1;0;1;0;0;0;1;1;-19,85292504;-42,14058636; SPRF-MG ; DEL06-MG ; UOP02-DEL06-MG 
501295;2023-01-26; quinta-feira ; 12:00:00 ; PB ;230;8; CABEDELO ; Ausência de reação do condutor ; Colisão com objeto ; Com Vítimas Feridas ; Pleno dia ; Decrescente ; Sol ; Múltipla ; Viaduto ; Sim ;3;0;0;1;2;0;1;2;-7,026;-34,8385; SPRF-PB ; DEL01-PB ; UOP01-DEL01-PB 
501298;2023-01-26; quinta-feira ; 12:40:00 ; MG ;146;484; POCOS DE CALDAS ; Ausência de reação do condutor ; Saída de leito carroçável ; Com Vítimas Feridas ; Pleno dia ; Crescente ; Céu Claro ; Simples ; Não Informado ; Não ;2;0;1;0;0;1;1;1;-21,78683;-46,441728; SPRF-MG ; DEL09-MG ; UOP01-DEL09-MG 
501303;2023-01-26; quinta-feira ; 13:45:00 ; MG ;381;486,3; BETIM ; Condutor deixou de manter distância do veículo da frente ; Colisão traseira ; Com Vítimas Feridas ; Pleno dia ; Crescente ; Nublado ; Dupla ; Não Informado ; Sim ;2;0;1;0;1;0;1;2;-19,955709;-44,110357; SPRF-MG ; DEL01-MG ; UOP03-DEL01-MG 
501304;2023-01-26; quinta-feira ; 13:20:00 ; RS ;116;242; SAO LEOPOLDO ; Reação tardia ou ineficiente do condutor ; Tombamento ; Com Vítimas Feridas ; Pleno dia ; Crescente ; Céu Claro ; Dupla ; Reta ; Sim ;1;0;1;0;0;0;1;1;-29,72297087;-51,14858729; SPRF-RS ; DEL01-RS ; UOP02-DEL01-RS 
501305;2023-01-23; segunda-feira ; 04:30:00 ; RJ ;101;290; ITABORAI ; Animais na Pista ; Atropelamento de Animal ; Com Vítimas Feridas ; Amanhecer ; Crescente ; Céu Claro ; Dupla ; Reta ; Não ;3;0;2;0;1;0;2;2;-22,76708384;-42,86081305; SPRF-RJ ; DEL02-RJ ; UOP02-DEL02-RJ 
501309;2023-01-26; quinta-feira ; 12:00:00 ; GO ;50;267,7; CATALAO ; Ausência de reação do condutor ; Saída de leito carroçável ; Com Vítimas Feridas ; Pleno dia ; Crescente ; Chuva ; Dupla ; Reta ; Não ;1;0;1;0;0;0;1;1;-18,087;-47,871; SPRF-GO ; DEL06-GO ; UOP01-DEL06-GO 
501310;2023-01-26; quinta-feira ; 06:30:00 ; MG ;116;348,1; CAMPANARIO ; Transitar na contramão ; Colisão frontal ; Com Vítimas Fatais ; Pleno dia ; Decrescente ; Nublado ; Simples ; Reta ; Não ;6;1;2;3;0;0;5;2;-18,38397418;-41,79387495; SPRF-MG ; DEL11-MG ; UOP01-DEL11-MG 
501311;2023-01-22; domingo ; 09:15:00 ; MG ;40;460; SETE LAGOAS ; Condutor deixou de manter distância do veículo da frente ; Tombamento ; Com Vítimas Feridas ; Pleno dia ; Crescente ; Chuva ; Dupla ; Não Informado ; Não ;3;0;2;0;0;1;2;1;-19,39770694;-44,33528916; SPRF-MG ; DEL02-MG ; UOP01-DEL02-MG 
501312;2023-01-21; sábado ; 10:40:00 ; BA ;101;490; ITAJUIPE ; Desrespeitar a preferência no cruzamento ; Colisão transversal ; Com Vítimas Feridas ; Pleno dia ; Crescente ; Céu Claro ; Simples ; Reta ; Não ;6;0;3;0;3;0;3;2;-14,69512226;-39,36526895; SPRF-BA ; DEL05-BA ; UOP01-DEL05-BA 
501313;2023-01-26; quinta-feira ; 14:15:00 ; SC ;280;57,2; GUARAMIRIM ; Trafegar com motocicleta (ou similar) entre as faixas ; Colisão frontal ; Com Vítimas Feridas ; Pleno dia ; Decrescente ; Céu Claro ; Simples ; Ponte ; Sim ;2;0;1;0;1;0;1;2;-26,47811421;-49,01259213; SPRF-SC ; DEL03-SC ; UOP03-DEL03-SC 
501314;2023-01-26; quinta-feira ; 12:15:00 ; RO ;425;144; GUAJARA-MIRIM ; Desrespeitar a preferência no cruzamento ; Colisão transversal ; Com Vítimas Feridas ; Pleno dia ; Decrescente ; Sol ; Dupla ; Interseção de vias ; Sim ;2;0;1;1;0;0;2;2;-10,77055223;-65,32271862; SPRF-RO ; DEL01-RO ; UOP03-DEL01-RO 
501317;2023-01-26; quinta-feira ; 09:50:00 ; MG ;40;177,3; JOAO PINHEIRO ; Acumulo de água sobre o pavimento ; Saída de leito carroçável ; Com Vítimas Feridas ; Pleno dia ; Decrescente ; Chuva ; Simples ; Curva ; Não ;2;0;0;1;1;0;1;1;-17,96439426;-46,00613626; SPRF-MG ; DEL14-MG ; UOP02-DEL14-MG 
501320;2023-01-22; domingo ; 10:30:00 ; PB ;230;91,6; GURINHEM ; Demais falhas mecânicas ou elétricas ; Saída de leito carroçável ; Sem Vítimas ; Pleno dia ; Decrescente ; Céu Claro ; Dupla ; Não Informado ; Não ;1;0;0;0;0;1;0;1;-7,1761;-35,4097; SPRF-PB ; DEL01-PB ; UOP03-DEL01-PB 
501321;2023-01-22; domingo ; 18:30:00 ; BA ;101;105; ALAGOINHAS ; Ultrapassagem Indevida ; Colisão frontal ; Com Vítimas Fatais ; Plena Noite ; Crescente ; Nublado ; Simples ; Não Informado ; Não ;2;1;1;0;0;0;1;2;-12,15963868;-38,41162324; SPRF-BA ; DEL01-BA ; UOP04-DEL01-BA 
501322;2023-01-22; domingo ; 15:15:00 ; PE ;101;69; RECIFE ; Ausência de reação do condutor ; Saída de leito carroçável ; Com Vítimas Feridas ; Pleno dia ; Crescente ; Céu Claro ; Simples ; Curva ; Sim ;2;0;2;0;0;0;2;1;-8,05951606;-34,94581024; SPRF-PE ; DEL01-PE ; UOP01-DEL01-PE 
501323;2023-01-26; quinta-feira ; 10:30:00 ; RJ ;101;505; ANGRA DOS REIS ; Reação tardia ou ineficiente do condutor ; Colisão traseira ; Com Vítimas Feridas ; Pleno dia ; Crescente ; Sol ; Simples ; Reta ; Sim ;2;0;1;0;1;0;1;2;-22,93561595;-44,39617909; SPRF-RJ ; DEL03-RJ ; UOP02-DEL03-RJ 
501327;2023-01-22; domingo ; 13:30:00 ; PR ;277;123,5; CAMPO LARGO ; Acessar a via sem observar a presença dos outros veículos ; Colisão transversal ; Com Vítimas Feridas ; Pleno dia ; Crescente ; Céu Claro ; Dupla ; Não Informado ; Não ;3;0;2;1;0;0;3;2;-25,45003395;-49,58317822; SPRF-PR ; DEL03-PR ; UOP03-DEL03-PR 
501329;2023-01-23; segunda-feira ; 00:40:00 ; RS ;116;262; CANOAS ; Ingestão de álcool pelo condutor ; Colisão lateral mesmo sentido ; Sem Vítimas ; Plena Noite ; Crescente ; Céu Claro ; Dupla ; Reta ; Sim ;2;0;0;0;2;0;0;2;-29,896475;-51,17593; SPRF-RS ; DEL01-RS ; UOP01-DEL01-RS 
501330;2023-01-26; quinta-feira ; 15:20:00 ; PE ;232;104,6; BEZERROS ; Condutor deixou de manter distância do veículo da frente ; Colisão traseira ; Com Vítimas Feridas ; Pleno dia ; Crescente ; Céu Claro ; Dupla ; Reta ; Não ;2;0;1;0;1;0;1;2;-8,2553139;-35,77427504; SPRF-PE ; DEL02-PE ; UOP02-DEL02PE 
501331;2023-01-22; domingo ; 20:00:00 ; RJ ;101;321; NITEROI ; Acessar a via sem observar a presença dos outros veículos ; Colisão traseira ; Com Vítimas Feridas ; Plena Noite ; Decrescente ; Céu Claro ; Dupla ; Reta ; Não ;1;0;0;1;0;0;1;1;-22,86981096;-43,11046465; SPRF-RJ ; DEL02-RJ ; UOP01-DEL02-RJ 
501332;2023-01-26; quinta-feira ; 15:00:00 ; GO ;60;138; GOIANIA ; Acessar a via sem observar a presença dos outros veículos ; Colisão transversal ; Com Vítimas Feridas ; Pleno dia ; Crescente ; Céu Claro ; Múltipla ; Não Informado ; Sim ;2;0;0;1;1;0;1;2;-16,6117;-49,2053; SPRF-GO ; DEL01-GO ; UOP01-DEL01-GO 
501333;2023-01-26; quinta-feira ; 11:00:00 ; MG ;365;173; BURITIZEIRO ; Reação tardia ou ineficiente do condutor ; Saída de leito carroçável ; Com Vítimas Feridas ; Pleno dia ; Crescente ; Chuva ; Simples ; Reta ; Não ;1;0;0;1;0;0;1;1;-17,407544;-45,026306; SPRF-MG ; DEL10-MG ; UOP01-DEL10-MG 