 id ; data_inversa ; dia_semana ; horario ; uf ; br ; km ; municipio ; causa_acidente ; tipo_acidente ; classificacao_acidente ; fase_dia ; sentido_via ; condicao_metereologica ; tipo_pista ; tracado_via ; uso_solo ; pessoas ; mortos ; feridos_leves ; feridos_graves ; ilesos ; ignorados ; feridos ; veiculos ; latitude ; longitude ; regional ; delegacia ; uop 
501335;2023-01-22; domingo ; 13:45:00 ; PR ;376;176,1; MARINGA ; Acessar a via sem observar a presença dos outros veículos ; Colisão lateral mesmo sentido ; Com Vítimas Feridas ; Pleno dia ; Crescente ; Céu Claro ; Dupla ; Interseção de vias ; Sim ;2;0;1;0;1;0;1;2;-23,41269173;-51,93158327; SPRF-PR ; DEL09-PR ; UOP01-DEL09-PR 
501342;2023-01-26; quinta-feira ; 16:30:00 ; MG ;381;490,5; BETIM ; Estacionar ou parar em local proibido ; Colisão traseira ; Com Vítimas Feridas ; Pleno dia ; Decrescente ; Chuva ; Dupla ; Reta ; Sim ;2;0;1;0;1;0;1;2;-19,96502819;-44,17422195; SPRF-MG ; DEL01-MG ; UOP03-DEL01-MG 
501343;2023-01-22; domingo ; 23:30:00 ; MA ;10;128,7; ESTREITO ; Acessar a via sem observar a presença dos outros veículos ; Colisão transversal ; Com Vítimas Feridas ; Plena Noite ; Crescente ; Nublado ; Simples ; Reta ; Sim ;7;0;6;0;0;1;6;2;-6,564439;-47,44772; SPRF-MA ; DEL04-MA ; UOP02-DEL04-MA 
501345;2023-01-26; quinta-feira ; 16:00:00 ; RS ;392;265; CACAPAVA DO SUL ; Acumulo de água sobre o pavimento ; Saída de leito carroçável ; Com Vítimas Feridas ; Pleno dia ; Crescente ; Chuva ; Simples ; Não Informado ; Não ;2;0;1;1;0;0;2;1;-30,434884;-53,50004801; SPRF-RS ; DEL09-RS ; UOP02-DEL09-RS 
501346;2023-01-26; quinta-feira ; 16:35:00 ; PB ;101;83; BAYEUX ; Ausência de reação do condutor ; Colisão traseira ; Com Vítimas Feridas ; Pleno dia ; Crescente ; Céu Claro ; Dupla ; Reta ; Sim ;5;0;2;0;3;0;2;3;-7,1337703;-34,92963914; SPRF-PB ; DEL01-PB ; UOP01-DEL01-PB 
501347;2023-01-20; sexta-feira ; 18:30:00 ; ES ;101;400; RIO NOVO DO SUL ; Chuva ; Queda de ocupante de veículo ; Com Vítimas Feridas ; Plena Noite ; Crescente ; Chuva ; Simples ; Reta ; Não ;1;0;1;0;0;0;1;1;-20,88154434;-40,97435202; SPRF-ES ; DEL03-ES ; UOP02-DEL03-ES 
501349;2023-01-26; quinta-feira ; 08:45:00 ; PI ;343;339; TERESINA ; Acessar a via sem observar a presença dos outros veículos ; Colisão traseira ; Com Vítimas Feridas ; Pleno dia ; Decrescente ; Céu Claro ; Dupla ; Reta ; Não ;4;0;2;0;0;2;2;2;-5,067146;-42,730965; SPRF-PI ; DEL01-PI ; UOP01-DEL01-PI 
501350;2023-01-26; quinta-feira ; 16:30:00 ; SC ;470;66; INDAIAL ; Acessar a via sem observar a presença dos outros veículos ; Colisão transversal ; Com Vítimas Feridas ; Pleno dia ; Decrescente ; Céu Claro ; Simples ; Reta ; Não ;2;0;1;0;1;0;1;2;-26,870407;-49,221844; SPRF-SC ; DEL04-SC ; UOP01-DEL04-SC 
501351;2023-01-26; quinta-feira ; 17:00:00 ; SP ;116;230; SAO PAULO ; Ausência de reação do condutor ; Colisão traseira ; Com Vítimas Feridas ; Pleno dia ; Decrescente ; Céu Claro ; Múltipla ; Reta ; Sim ;3;0;0;1;2;0;1;2;-23,52251783;-46,5855702; SPRF-SP ; DEL01-SP ; UOP01-DEL01-SP 
501352;2023-01-26; quinta-feira ; 16:30:00 ; RJ ;40;91; PETROPOLIS ; Ausência de reação do condutor ; Tombamento ; Com Vítimas Feridas ; Pleno dia ; Crescente ; Nublado ; Simples ; Não Informado ; Não ;1;0;1;0;0;0;1;1;-22,55138378;-43,24635029; SPRF-RJ ; DEL06-RJ ; UOP02-DEL06-RJ 
501354;2023-01-26; quinta-feira ; 17:10:00 ; RN ;101;19,9; TOUROS ; Manobra de mudança de faixa ; Colisão frontal ; Com Vítimas Fatais ; Pleno dia ; Crescente ; Sol ; Simples ; Reta ; Não ;7;2;2;3;0;0;5;2;-5,29150996;-35,43741098; SPRF-RN ; DEL02-RN ; UOP01-DEL02-RN 
501355;2023-01-26; quinta-feira ; 10:15:00 ; PI ;407;578,3; ACAUA ; Reação tardia ou ineficiente do condutor ; Saída de leito carroçável ; Com Vítimas Fatais ; Pleno dia ; Crescente ; Céu Claro ; Simples ; Reta ; Não ;2;1;0;1;0;0;1;1;-8,16607499;-41,11511787; SPRF-PI ; DEL04-PI ; UOP01-DEL04-PI 
501356;2023-01-23; segunda-feira ; 22:45:00 ; BA ;101;200; MURITIBA ; Animais na Pista ; Atropelamento de Animal ; Com Vítimas Feridas ; Plena Noite ; Decrescente ; Céu Claro ; Simples ; Curva ; Não ;1;0;1;0;0;0;1;1;-12,6073836;-39,07198998; SPRF-BA ; DEL01-BA ; UOP03-DEL01-BA 
501358;2023-01-26; quinta-feira ; 17:35:00 ; PB ;101;89; JOAO PESSOA ; Condutor deixou de manter distância do veículo da frente ; Colisão traseira ; Com Vítimas Feridas ; Anoitecer ; Decrescente ; Céu Claro ; Dupla ; Reta ; Sim ;3;0;2;0;1;0;2;3;-7,1747631;-34,89865065; SPRF-PB ; DEL01-PB ; UOP02-DEL01-PB 
501363;2023-01-26; quinta-feira ; 16:25:00 ; SC ;101;106,5; PENHA ; Condutor deixou de manter distância do veículo da frente ; Colisão traseira ; Com Vítimas Feridas ; Pleno dia ; Decrescente ; Céu Claro ; Dupla ; Reta ; Não ;2;0;0;1;1;0;1;2;-26,81031601;-48,68293896; SPRF-SC ; DEL03-SC ; UOP02-DEL03-SC 
501364;2023-01-26; quinta-feira ; 16:46:00 ; MA ;135;7; SAO LUIS ; Demais falhas mecânicas ou elétricas ; Incêndio ; Sem Vítimas ; Pleno dia ; Decrescente ; Sol ; Dupla ; Não Informado ; Sim ;1;0;0;0;1;0;0;1;-2,63608835;-44,26848552; SPRF-MA ; DEL01-MA ; UOP01-DEL01-MA 
501367;2023-01-26; quinta-feira ; 17:00:00 ; RJ ;116;314; RESENDE ; Acessar a via sem observar a presença dos outros veículos ; Colisão transversal ; Com Vítimas Feridas ; Pleno dia ; Crescente ; Céu Claro ; Dupla ; Reta ; Sim ;3;0;1;0;1;1;1;2;-22,46045833;-44,47218299; SPRF-RJ ; DEL07-RJ ; UOP02-DEL07-RJ 
501368;2023-01-26; quinta-feira ; 17:00:00 ; TO ;153;128; WANDERLANDIA ; Condutor deixou de manter distância do veículo da frente ; Colisão traseira ; Sem Vítimas ; Pleno dia ; Crescente ; Sol ; Simples ; Reta ; Sim ;2;0;0;0;0;2;0;1;-7,08522898;-48,15467901; SPRF-TO ; DEL02-TO ; UOP01-DEL02-TO 
501369;2023-01-26; quinta-feira ; 12:30:00 ; MT ;70;578; NOSSA SENHORA DO LIVRAMENTO ; Chuva ; Saída de leito carroçável ; Com Vítimas Feridas ; Pleno dia ; Decrescente ; Chuva ; Simples ; Curva ; Não ;2;0;2;0;0;0;2;1;-15,74579686;-56,55047206; SPRF-MT ; DEL03-MT ; UOP02-DEL03-MT 
501370;2023-01-26; quinta-feira ; 18:45:00 ; SC ;101;166; TIJUCAS ; Demais falhas mecânicas ou elétricas ; Incêndio ; Sem Vítimas ; Pleno dia ; Crescente ; Céu Claro ; Dupla ; Reta ; Não ;1;0;0;0;1;0;0;1;-27,26147697;-48,63180349; SPRF-SC ; DEL04-SC ; UOP03-DEL04-SC 
501371;2023-01-26; quinta-feira ; 17:40:00 ; SC ;101;147; ITAPEMA ; Acessar a via sem observar a presença dos outros veículos ; Colisão transversal ; Com Vítimas Feridas ; Pleno dia ; Crescente ; Sol ; Simples ; Reta ; Não ;2;0;1;0;0;1;1;2;-27,09237407;-48,61730888; SPRF-SC ; DEL04-SC ; UOP03-DEL04-SC 
501372;2023-01-26; quinta-feira ; 19:00:00 ; MG ;262;365; JUATUBA ; Avarias e/ou desgaste excessivo no pneu ; Saída de leito carroçável ; Com Vítimas Feridas ; Plena Noite ; Decrescente ; Chuva ; Dupla ; Não Informado ; Não ;1;0;1;0;0;0;1;1;-19,973036;-44,303722; SPRF-MG ; DEL01-MG ; UOP03-DEL01-MG 
501374;2023-01-26; quinta-feira ; 16:00:00 ; GO ;70;52; COCALZINHO DE GOIAS ; Avarias e/ou desgaste excessivo no pneu ; Saída de leito carroçável ; Com Vítimas Fatais ; Pleno dia ; Decrescente ; Chuva ; Simples ; Não Informado ; Não ;1;1;0;0;0;0;0;1;-15,75067958;-48,64470457; SPRF-DF ; DEL01-DF ; UOP03-DEL01-DF 
501375;2023-01-26; quinta-feira ; 17:50:00 ; PA ;316;55; CASTANHAL ; Reação tardia ou ineficiente do condutor ; Colisão traseira ; Com Vítimas Feridas ; Pleno dia ; Decrescente ; Sol ; Dupla ; Não Informado ; Não ;4;0;1;0;2;1;1;3;-1,30561339;-47,99919919; SPRF-PA ; DEL01-PA ; UOP01-DEL01-PA 
501378;2023-01-26; quinta-feira ; 18:43:00 ; CE ;222;30; CAUCAIA ; Área urbana sem a presença de local apropriado para a travessia de pedestres ; Atropelamento de Pedestre ; Com Vítimas Fatais ; Anoitecer ; Crescente ; Vento ; Dupla ; Curva ; Sim ;2;1;0;0;1;0;0;1;-3,71177966;-38,81972495; SPRF-CE ; DEL01-CE ; UOP01-DEL01-CE 
501379;2023-01-26; quinta-feira ; 18:15:00 ; PR ;369;149; LONDRINA ; Condutor deixou de manter distância do veículo da frente ; Engavetamento ; Com Vítimas Feridas ; Pleno dia ; Decrescente ; Céu Claro ; Dupla ; Reta ; Sim ;4;0;1;1;2;0;2;3;-23,29298721;-51,15671039; SPRF-PR ; DEL07-PR ; UOP01-DEL07-PR 
501383;2023-01-26; quinta-feira ; 19:20:00 ; SC ;101;155; PORTO BELO ; Reação tardia ou ineficiente do condutor ; Tombamento ; Com Vítimas Feridas ; Plena Noite ; Crescente ; Céu Claro ; Múltipla ; Curva ; Não ;1;0;1;0;0;0;1;1;-27,16292;-48,61129; SPRF-SC ; DEL04-SC ; UOP03-DEL04-SC 
501384;2023-01-26; quinta-feira ; 19:10:00 ; RJ ;116;139,9; DUQUE DE CAXIAS ; Ausência de reação do condutor ; Queda de ocupante de veículo ; Com Vítimas Feridas ; Anoitecer ; Crescente ; Nublado ; Dupla ; Curva ; Sim ;1;0;1;0;0;0;1;1;-22,64655224;-43,20138601; SPRF-RJ ; DEL01-RJ ; UOP01-DEL01-RJ 
501385;2023-01-26; quinta-feira ; 18:50:00 ; PE ;232;132; CARUARU ; Manobra de mudança de faixa ; Colisão lateral mesmo sentido ; Sem Vítimas ; Plena Noite ; Crescente ; Céu Claro ; Dupla ; Reta ; Sim ;3;0;0;0;3;0;0;2;-8,30204489;-36,00209534; SPRF-PE ; DEL02-PE ; UOP01-DEL02-PE 
501386;2023-01-22; domingo ; 20:30:00 ; SP ;101;44; UBATUBA ; Conversão proibida ; Colisão frontal ; Sem Vítimas ; Plena Noite ; Crescente ; Céu Claro ; Simples ; Reta ; Sim ;2;0;0;0;2;0;0;2;-23,41014346;-45,06455371; SPRF-SP ; DEL06-SP ; UOP01-DEL06-SP 
501388;2023-01-26; quinta-feira ; 18:10:00 ; SC ;101;364,7; SANGAO ; Demais falhas mecânicas ou elétricas ; Incêndio ; Sem Vítimas ; Pleno dia ; Crescente ; Céu Claro ; Dupla ; Reta ; Não ;1;0;0;0;1;0;0;1;-28,67821759;-49,13926425; SPRF-SC ; DEL02-SC ; UOP01-DEL02-SC 
501389;2023-01-26; quinta-feira ; 15:30:00 ; MG ;50;123,1; UBERABA ; Ausência de reação do condutor ; Saída de leito carroçável ; Com Vítimas Feridas ; Pleno dia ; Decrescente ; Sol ; Dupla ; Reta ; Não ;3;0;1;0;2;0;1;1;-19,33275127;-48,09947293; SPRF-MG ; DEL13-MG ; UOP01-DEL13-MG 
501390;2023-01-26; quinta-feira ; 19:45:00 ; TO ;153;137; ARAGUAINA ; Acessar a via sem observar a presença dos outros veículos ; Colisão transversal ; Com Vítimas Feridas ; Anoitecer ; Decrescente ; Céu Claro ; Dupla ; Interseção de vias ; Não ;2;0;0;1;1;0;1;2;-7,14630299;-48,20255603; SPRF-TO ; DEL02-TO ; UOP01-DEL02-TO 
501391;2023-01-26; quinta-feira ; 19:40:00 ; PE ;101;49; ABREU E LIMA ; Pedestre cruzava a pista fora da faixa ; Atropelamento de Pedestre ; Com Vítimas Feridas ; Plena Noite ; Crescente ; Céu Claro ; Múltipla ; Reta ; Não ;2;0;0;1;1;0;1;1;-7,9005152;-34,90180641; SPRF-PE ; DEL01-PE ; UOP02-DEL01-PE 
501393;2023-01-26; quinta-feira ; 19:25:00 ; SC ;282;603; MARAVILHA ; Demais Fenômenos da natureza ; Queda de ocupante de veículo ; Com Vítimas Feridas ; Plena Noite ; Decrescente ; Céu Claro ; Simples ; Reta ; Não ;2;0;0;2;0;0;2;1;-26,803013;-53,188068; SPRF-SC ; DEL07-SC ; UOP02-DEL07-SC 
501394;2023-01-26; quinta-feira ; 19:10:00 ; GO ;153;107; SANTA TEREZA DE GOIAS ; Reação tardia ou ineficiente do condutor ; Saída de leito carroçável ; Com Vítimas Feridas ; Plena Noite ; Decrescente ; Nublado ; Simples ; Reta ; Não ;2;0;1;0;1;0;1;1;-13,710165;-49,020992; SPRF-GO ; DEL07-GO ; UOP01-DEL07-GO 
501395;2023-01-26; quinta-feira ; 16:40:00 ; MT ;158;784; BARRA DO GARCAS ; Avarias e/ou desgaste excessivo no pneu ; Saída de leito carroçável ; Sem Vítimas ; Pleno dia ; Decrescente ; Céu Claro ; Simples ; Reta ; Não ;7;0;0;0;7;0;0;1;-15,77641997;-52,28416808; SPRF-MT ; DEL07-MT ; UOP01-DEL07-MT 
501396;2023-01-26; quinta-feira ; 16:10:00 ; MG ;116;585; MANHUACU ; Acessar a via sem observar a presença dos outros veículos ; Colisão transversal ; Com Vítimas Feridas ; Anoitecer ; Decrescente ; Nublado ; Simples ; Reta ; Sim ;2;0;0;1;1;0;1;2;-20,22987753;-42,17260057; SPRF-MG ; DEL06-MG ; UOP03-DEL06-MG 
501397;2023-01-26; quinta-feira ; 19:25:00 ; DF ;20;9; BRASILIA ; Reação tardia ou ineficiente do condutor ; Colisão traseira ; Com Vítimas Feridas ; Plena Noite ; Crescente ; Céu Claro ; Dupla ; Não Informado ; Sim ;3;0;1;0;2;0;1;3;-15,654671;-47,782917; SPRF-DF ; DEL02-DF ; UOP01-DEL02-DF 
501398;2023-01-26; quinta-feira ; 10:30:00 ; SP ;101;50; UBATUBA ; Ultrapassagem Indevida ; Colisão transversal ; Com Vítimas Feridas ; Pleno dia ; Decrescente ; Céu Claro ; Simples ; Interseção de vias ; Sim ;3;0;2;0;1;0;2;2;-23,45018939;-45,07743735; SPRF-SP ; DEL06-SP ; UOP01-DEL06-SP 
501400;2023-01-26; quinta-feira ; 19:45:00 ; PE ;232;109,7; BEZERROS ; Ausência de sinalização ; Colisão com objeto ; Com Vítimas Feridas ; Plena Noite ; Crescente ; Vento ; Dupla ; Reta ; Não ;2;0;0;2;0;0;2;1;-8,28730158;-35,81877708; SPRF-PE ; DEL02-PE ; UOP02-DEL02PE 
501402;2023-01-26; quinta-feira ; 19:50:00 ; RN ;406;169,9; SAO GONCALO DO AMARANTE ; Acessar a via sem observar a presença dos outros veículos ; Colisão traseira ; Com Vítimas Feridas ; Plena Noite ; Decrescente ; Céu Claro ; Dupla ; Não Informado ; Sim ;2;0;2;0;0;0;2;2;-5,76172663;-35,29115323; SPRF-RN ; DEL02-RN ; UOP01-DEL02-RN 
501404;2023-01-26; quinta-feira ; 19:50:00 ; PR ;158;537,9; PATO BRANCO ; Mal súbito do condutor ; Saída de leito carroçável ; Com Vítimas Feridas ; Plena Noite ; Decrescente ; Céu Claro ; Simples ; Rotatória ; Não ;2;0;1;0;0;1;1;1;-26,24774787;-52,70513312; SPRF-PR ; DEL02-PR ; UOP01-DEL02-PR 
501405;2023-01-26; quinta-feira ; 15:55:00 ; MG ;50;148,8; UBERABA ; Reação tardia ou ineficiente do condutor ; Saída de leito carroçável ; Com Vítimas Feridas ; Pleno dia ; Crescente ; Céu Claro ; Dupla ; Reta ; Não ;4;0;2;2;0;0;4;1;-19,54676795;-48,03584554; SPRF-MG ; DEL13-MG ; UOP01-DEL13-MG 
501406;2023-01-26; quinta-feira ; 20:25:00 ; PI ;343;339; TERESINA ; Manobra de mudança de faixa ; Colisão lateral mesmo sentido ; Com Vítimas Feridas ; Plena Noite ; Decrescente ; Garoa/Chuvisco ; Dupla ; Reta ; Não ;1;0;1;0;0;0;1;1;-5,067146;-42,730965; SPRF-PI ; DEL01-PI ; UOP01-DEL01-PI 
501408;2023-01-26; quinta-feira ; 21:45:00 ; RJ ;116;77; TERESOPOLIS ; Área urbana sem a presença de local apropriado para a travessia de pedestres ; Atropelamento de Pedestre ; Com Vítimas Feridas ; Plena Noite ; Decrescente ; Nublado ; Simples ; Reta ; Sim ;3;0;0;1;2;0;1;1;-22,37408687;-42,95260496; SPRF-RJ ; DEL04-RJ ; UOP01-DEL04-RJ 
501409;2023-01-26; quinta-feira ; 19:00:00 ; PI ;316;95; BARRO DURO ; Entrada inopinada do pedestre ; Atropelamento de Pedestre ; Com Vítimas Feridas ; Plena Noite ; Crescente ; Nublado ; Simples ; Não Informado ; Não ;2;0;0;1;1;0;1;1;-5,81026323;-42,52112517; SPRF-PI ; DEL04-PI ; UOP02-DEL04-PI 
501410;2023-01-15; domingo ; 16:09:00 ; TO ;153;254; COLINAS DO TOCANTINS ; Manobra de mudança de faixa ; Colisão lateral mesmo sentido ; Com Vítimas Feridas ; Pleno dia ; Crescente ; Céu Claro ; Simples ; Reta ; Não ;7;0;1;0;4;2;1;4;-8,11684601;-48,47068692; SPRF-TO ; DEL02-TO ; UOP02-DEL02-TO 
501413;2023-01-26; quinta-feira ; 13:10:00 ; RS ;285;20,4; SAO JOSE DOS AUSENTES ; Acessar a via sem observar a presença dos outros veículos ; Colisão traseira ; Com Vítimas Feridas ; Pleno dia ; Decrescente ; Sol ; Simples ; Reta ; Não ;2;0;1;0;1;0;1;2;-28,739098;-50,096352; SPRF-RS ; DEL05-RS ; UOP03-DEL05-RS 
501416;2023-01-26; quinta-feira ; 19:15:00 ; MS ;376;138; IVINHEMA ; Reação tardia ou ineficiente do condutor ; Colisão com objeto ; Sem Vítimas ; Plena Noite ; Crescente ; Céu Claro ; Simples ; Curva ; Não ;1;0;0;0;1;0;0;1;-22,3942057;-53,6397171; SPRF-MS ; DEL04-MS ; UOP04-DEL04-MS 
501417;2023-01-26; quinta-feira ; 21:10:00 ; SC ;470;23,5; ILHOTA ; Manobra de mudança de faixa ; Colisão lateral mesmo sentido ; Com Vítimas Feridas ; Plena Noite ; Crescente ; Céu Claro ; Dupla ; Reta ; Sim ;2;0;0;1;1;0;1;2;-26,880913;-48,846237; SPRF-SC ; DEL04-SC ; UOP04-DEL04-SC 
501418;2023-01-22; domingo ; 16:44:00 ; AC ;364;122; RIO BRANCO ; Condutor deixou de manter distância do veículo da frente ; Colisão traseira ; Sem Vítimas ; Pleno dia ; Crescente ; Céu Claro ; Dupla ; Reta ; Sim ;2;0;0;0;2;0;0;2;-10,01188291;-67,773345; SPRF-AC ; N/A ; UOP01-DEL01-AC 
501419;2023-01-26; quinta-feira ; 16:50:00 ; BA ;330;803; UBATA ; Ingestão de álcool pelo condutor ; Saída de leito carroçável ; Com Vítimas Feridas ; Pleno dia ; Crescente ; Céu Claro ; Simples ; Reta ; Não ;3;0;2;0;1;0;2;2;-14,1948;-39,549259; SPRF-BA ; DEL03-BA ; UOP01-DEL03-BA 
501421;2023-01-26; quinta-feira ; 15:50:00 ; MG ;365;620; UBERLANDIA ; Manobra de mudança de faixa ; Colisão lateral mesmo sentido ; Com Vítimas Feridas ; Pleno dia ; Crescente ; Céu Claro ; Dupla ; Reta ; Não ;2;0;1;0;1;0;1;2;-18,90349687;-48,28130603; SPRF-MG ; DEL15-MG ; UOP01-DEL15-MG 
501422;2023-01-26; quinta-feira ; 21:00:00 ; RJ ;393;167,2; TRES RIOS ; Ultrapassagem Indevida ; Colisão lateral mesmo sentido ; Sem Vítimas ; Plena Noite ; Crescente ; Nublado ; Simples ; Curva ; Sim ;4;0;0;0;4;0;0;3;-22,12236191;-43,13976623; SPRF-RJ ; DEL06-RJ ; UOP01-DEL06-RJ 
501423;2023-01-26; quinta-feira ; 21:20:00 ; RJ ;493;13; GUAPIMIRIM ; Iluminação deficiente ; Atropelamento de Pedestre ; Com Vítimas Feridas ; Plena Noite ; Decrescente ; Nublado ; Simples ; Reta ; Não ;2;0;0;1;0;1;1;1;-22,67551484;-42,97451889; SPRF-RJ ; DEL02-RJ ; UOP04-DEL02-RJ 
501424;2023-01-26; quinta-feira ; 23:00:00 ; MG ;381;833,3; SAO SEBASTIAO DA BELA VISTA ; Pista esburacada ; Colisão com objeto ; Com Vítimas Feridas ; Plena Noite ; Crescente ; Céu Claro ; Dupla ; Reta ; Não ;2;0;2;0;0;0;2;1;-22,12284;-45,79296; SPRF-MG ; DEL16-MG ; UOP01-DEL16-MG 
501426;2023-01-22; domingo ; 18:00:00 ; SC ;101;148; ITAPEMA ; Reação tardia ou ineficiente do condutor ; Colisão traseira ; Com Vítimas Feridas ; Pleno dia ; Decrescente ; Céu Claro ; Dupla ; Reta ; Sim ;3;0;1;0;1;1;1;2;-27,10123686;-48,61807962; SPRF-SC ; DEL04-SC ; UOP03-DEL04-SC 
501428;2023-01-27; sexta-feira ; 00:33:00 ; PE ;232;118,3; BEZERROS ; Ingestão de álcool pelo condutor ; Capotamento ; Sem Vítimas ; Plena Noite ; Decrescente ; Céu Claro ; Dupla ; Reta ; Não ;1;0;0;0;0;1;0;1;-8,29431633;-35,88437194; SPRF-PE ; DEL02-PE ; UOP01-DEL02-PE 
501430;2023-01-27; sexta-feira ; 00:31:00 ; MS ;267;303; RIO BRILHANTE ; Ausência de reação do condutor ; Colisão traseira ; Com Vítimas Feridas ; Plena Noite ; Decrescente ; Céu Claro ; Simples ; Reta ; Não ;2;0;1;0;1;0;1;2;-21,72840863;-54,62741069; SPRF-MS ; DEL02-MS ; UOP02-DEL02-MS 
501431;2023-01-27; sexta-feira ; 00:10:00 ; RJ ;101;573; PARATY ; Animais na Pista ; Atropelamento de Animal ; Com Vítimas Feridas ; Plena Noite ; Decrescente ; Céu Claro ; Simples ; Reta ; Não ;2;0;2;0;0;0;2;1;-23,20689;-44,73184; SPRF-RJ ; DEL03-RJ ; UOP02-DEL03-RJ 
501432;2023-01-27; sexta-feira ; 01:54:00 ; SP ;116;214; GUARULHOS ; Condutor Dormindo ; Colisão com objeto ; Com Vítimas Feridas ; Plena Noite ; Decrescente ; Céu Claro ; Múltipla ; Reta ; Não ;1;0;1;0;0;0;1;1;-23,44333014;-46,44531294; SPRF-SP ; DEL01-SP ; UOP01-DEL01-SP 
501433;2023-01-22; domingo ; 10:00:00 ; RS ;290;60; GRAVATAI ; Reação tardia ou ineficiente do condutor ; Colisão lateral mesmo sentido ; Com Vítimas Feridas ; Pleno dia ; Decrescente ; Céu Claro ; Dupla ; Reta ; Não ;3;0;2;0;1;0;2;2;-29,924509;-50,858528; SPRF-RS ; DEL03-RS ; UOP01-DEL03-RS 
501434;2023-01-26; quinta-feira ; 23:15:00 ; RS ;NA;NA; HULHA NEGRA ; Velocidade Incompatível ; Queda de ocupante de veículo ; Com Vítimas Feridas ; Plena Noite ; Não Informado ; Céu Claro ; Dupla ; Reta ; Sim ;3;0;1;0;2;0;1;2;-31,40697659;-53,87088429; SPRF-RS ; DEL11-RS ; UOP03-DEL11-RS 
501435;2023-01-26; quinta-feira ; 23:50:00 ; MG ;116;573,9; MANHUACU ; Velocidade Incompatível ; Saída de leito carroçável ; Com Vítimas Fatais ; Plena Noite ; Crescente ; Garoa/Chuvisco ; Simples ; Reta ; Não ;1;1;0;0;0;0;0;1;-20,13004403;-42,17794986; SPRF-MG ; DEL06-MG ; UOP03-DEL06-MG 
501436;2023-01-27; sexta-feira ; 03:00:00 ; RS ;386;327; MARQUES DE SOUZA ; Ausência de reação do condutor ; Colisão com objeto ; Sem Vítimas ; Plena Noite ; Crescente ; Nublado ; Simples ; Reta ; Não ;1;0;0;0;1;0;0;1;-29,334711;-52,095436; SPRF-RS ; DEL04-RS ; UOP01-DEL04-RS 
501437;2023-01-27; sexta-feira ; 03:30:00 ; SC ;101;141; BALNEARIO CAMBORIU ; Ingestão de álcool pelo condutor ; Colisão com objeto ; Sem Vítimas ; Plena Noite ; Crescente ; Céu Claro ; Dupla ; Curva ; Não ;1;0;0;0;0;1;0;1;-27,04761729;-48,59995855; SPRF-SC ; DEL04-SC ; UOP03-DEL04-SC 
501438;2023-01-27; sexta-feira ; 04:00:00 ; SP ;116;225; GUARULHOS ; Pedestre cruzava a pista fora da faixa ; Atropelamento de Pedestre ; Com Vítimas Feridas ; Plena Noite ; Crescente ; Céu Claro ; Múltipla ; Reta ; Não ;2;0;0;1;0;1;1;1;-23,48586772;-46,54075317; SPRF-SP ; DEL01-SP ; UOP01-DEL01-SP 
501440;2023-01-27; sexta-feira ; 04:30:00 ; PE ;232;8,4; RECIFE ; Objeto estático sobre o leito carroçável ; Colisão com objeto ; Com Vítimas Feridas ; Plena Noite ; Crescente ; Nublado ; Dupla ; Não Informado ; Sim ;1;0;1;0;0;0;1;1;-8,076887;-34,975258; SPRF-PE ; DEL01-PE ; UOP01-DEL01-PE 
501441;2023-01-27; sexta-feira ; 04:50:00 ; RJ ;101;59; CAMPOS DOS GOYTACAZES ; Condutor desrespeitou a iluminação vermelha do semáforo ; Colisão transversal ; Com Vítimas Feridas ; Amanhecer ; Decrescente ; Nublado ; Simples ; Interseção de vias ; Sim ;2;0;0;1;1;0;1;2;-21,71366497;-41,30861915; SPRF-RJ ; DEL08-RJ ; UOP01-DEL08-RJ 
501442;2023-01-27; sexta-feira ; 05:40:00 ; PE ;101;22,1; GOIANA ; Acessar a via sem observar a presença dos outros veículos ; Colisão lateral mesmo sentido ; Com Vítimas Feridas ; Pleno dia ; Crescente ; Céu Claro ; Dupla ; Reta ; Não ;2;0;0;1;0;1;1;2;-7,67583307;-34,92870811; SPRF-PE ; DEL01-PE ; UOP02-DEL01-PE 
501444;2023-01-27; sexta-feira ; 05:40:00 ; SP ;116;216; GUARULHOS ; Acessar a via sem observar a presença dos outros veículos ; Colisão lateral mesmo sentido ; Com Vítimas Feridas ; Pleno dia ; Decrescente ; Nublado ; Múltipla ; Reta ; Sim ;2;0;1;0;1;0;1;2;-23,45056589;-46,46258105; SPRF-SP ; DEL01-SP ; UOP01-DEL01-SP 
501449;2023-01-27; sexta-feira ; 05:10:00 ; SP ;116;156; SAO JOSE DOS CAMPOS ; Condutor deixou de manter distância do veículo da frente ; Tombamento ; Com Vítimas Feridas ; Pleno dia ; Decrescente ; Céu Claro ; Dupla ; Reta ; Não ;2;0;1;0;0;1;1;2;-23,25044084;-45,93572909; SPRF-SP ; DEL02-SP ; UOP01-DEL02-SP 
501454;2023-01-27; sexta-feira ; 05:37:00 ; RN ;101;85; NATAL ; Ausência de reação do condutor ; Colisão traseira ; Com Vítimas Feridas ; Amanhecer ; Decrescente ; Céu Claro ; Dupla ; Não Informado ; Sim ;2;0;1;0;1;0;1;2;-5,777664;-35,24937; SPRF-RN ; DEL02-RN ; UOP01-DEL02-RN 