 id ; data_inversa ; dia_semana ; horario ; uf ; br ; km ; municipio ; causa_acidente ; tipo_acidente ; classificacao_acidente ; fase_dia ; sentido_via ; condicao_metereologica ; tipo_pista ; tracado_via ; uso_solo ; pessoas ; mortos ; feridos_leves ; feridos_graves ; ilesos ; ignorados ; feridos ; veiculos ; latitude ; longitude ; regional ; delegacia ; uop 
501455;2023-01-27; sexta-feira ; 06:20:00 ; PR ;163;183; LINDOESTE ; Ingestão de álcool e/ou substâncias psicoativas pelo pedestre ; Saída de leito carroçável ; Com Vítimas Feridas ; Amanhecer ; Decrescente ; Céu Claro ; Dupla ; Reta ; Não ;1;0;1;0;0;0;1;1;-25,15507401;-53,59705925; SPRF-PR ; DEL04-PR ; UOP04-DEL04-PR 
501456;2023-01-27; sexta-feira ; 05:40:00 ; GO ;364;175,7; JATAI ; Deficiência do Sistema de Iluminação/Sinalização ; Colisão traseira ; Com Vítimas Feridas ; Amanhecer ; Crescente ; Nevoeiro/Neblina ; Simples ; Não Informado ; Não ;4;0;1;0;3;0;1;2;-17,99592;-51,576782; SPRF-GO ; DEL05-GO ; UOP01-DEL05-GO 
501458;2023-01-26; quinta-feira ; 21:20:00 ; MT ;70;4; BARRA DO GARCAS ; Entrada inopinada do pedestre ; Atropelamento de Pedestre ; Com Vítimas Feridas ; Anoitecer ; Crescente ; Garoa/Chuvisco ; Dupla ; Não Informado ; Não ;3;0;2;1;0;0;3;1;-15,87907036;-52,28563311; SPRF-MT ; DEL07-MT ; UOP01-DEL07-MT 
501460;2023-01-27; sexta-feira ; 05:45:00 ; MS ;163;255,2; DOURADOS ; Afundamento ou ondulação no pavimento ; Tombamento ; Com Vítimas Feridas ; Amanhecer ; Decrescente ; Céu Claro ; Dupla ; Reta ; Sim ;1;0;1;0;0;0;1;1;-22,26567386;-54,80944412; SPRF-MS ; DEL04-MS ; UOP01-DEL04-MS 
501461;2023-01-27; sexta-feira ; 06:00:00 ; RJ ;101;305; SAO GONCALO ; Ausência de reação do condutor ; Atropelamento de Animal ; Com Vítimas Feridas ; Amanhecer ; Crescente ; Céu Claro ; Dupla ; Reta ; Sim ;2;0;1;0;1;0;1;1;-22,78702832;-42,99589293; SPRF-RJ ; DEL02-RJ ; UOP02-DEL02-RJ 
501462;2023-01-27; sexta-feira ; 07:00:00 ; BA ;116;11,9; VITORIA DA CONQUISTA ; Animais na Pista ; Atropelamento de Animal ; Com Vítimas Feridas ; Pleno dia ; Decrescente ; Nublado ; Simples ; Reta ; Sim ;2;0;2;0;0;0;2;1;-14,87571;-40,87125; SPRF-BA ; DEL08-BA ; UOP01-DEL08-BA 
501463;2023-01-27; sexta-feira ; 07:05:00 ; AL ;424;103; MARECHAL DEODORO ; Transitar na contramão ; Colisão frontal ; Com Vítimas Feridas ; Pleno dia ; Crescente ; Sol ; Simples ; Reta ; Não ;4;0;1;0;3;0;1;2;-9,67942191;-35,83214491; SPRF-AL ; DEL02-AL ; UOP01-DEL02-AL 
501464;2023-01-27; sexta-feira ; 06:30:00 ; SP ;116;4; GUARULHOS ; Retorno proibido ; Colisão lateral mesmo sentido ; Com Vítimas Feridas ; Amanhecer ; Crescente ; Céu Claro ; Múltipla ; Reta ; Não ;2;0;1;0;1;0;1;2;-23,46143954;-46,48885316; SPRF-SP ; DEL01-SP ; UOP01-DEL01-SP 
501465;2023-01-27; sexta-feira ; 07:15:00 ; RS ;448;5; ESTEIO ; Reação tardia ou ineficiente do condutor ; Queda de ocupante de veículo ; Com Vítimas Feridas ; Pleno dia ; Crescente ; Céu Claro ; Dupla ; Reta ; Não ;1;0;0;1;0;0;1;1;-29,860846;-51,225819; SPRF-RS ; DEL01-RS ; UOP02-DEL01-RS 
501466;2023-01-27; sexta-feira ; 07:48:00 ; SP ;153;27,8; NOVA GRANADA ; Acessar a via sem observar a presença dos outros veículos ; Colisão transversal ; Com Vítimas Feridas ; Pleno dia ; Decrescente ; Nublado ; Simples ; Interseção de vias ; Não ;3;0;2;0;1;0;2;2;-20,51309795;-49,32308726; SPRF-SP ; DEL09-SP ; UOP01-DEL09-SP 
501468;2023-01-26; quinta-feira ; 23:30:00 ; MT ;364;142,4; PEDRA PRETA ; Ingestão de álcool pelo condutor ; Colisão lateral sentido oposto ; Sem Vítimas ; Plena Noite ; Crescente ; Chuva ; Simples ; Não Informado ; Não ;3;0;0;0;3;0;0;2;-16,79020572;-54,14182091; SPRF-MT ; DEL02-MT ; UOP01-DEL02-MT 
501471;2023-01-27; sexta-feira ; 07:40:00 ; PR ;116;100,5; SAO JOSE DOS PINHAIS ; Demais falhas mecânicas ou elétricas ; Queda de ocupante de veículo ; Com Vítimas Feridas ; Pleno dia ; Crescente ; Céu Claro ; Dupla ; Reta ; Não ;2;0;2;0;0;0;2;1;-25,53379421;-49,14663578; SPRF-PR ; DEL01-PR ; UOP07-DEL01-PR 
501472;2023-01-27; sexta-feira ; 04:30:00 ; MG ;262;802; UBERABA ; Condutor Dormindo ; Saída de leito carroçável ; Com Vítimas Feridas ; Plena Noite ; Decrescente ; Céu Claro ; Dupla ; Reta ; Sim ;1;0;1;0;0;0;1;1;-19,779234;-47,964844; SPRF-MG ; DEL13-MG ; UOP01-DEL13-MG 
501473;2023-01-27; sexta-feira ; 07:50:00 ; PB ;230;152; CAMPINA GRANDE ; Condutor deixou de manter distância do veículo da frente ; Colisão lateral mesmo sentido ; Com Vítimas Feridas ; Pleno dia ; Decrescente ; Nublado ; Simples ; Desvio Temporário ; Sim ;2;0;0;1;0;1;1;2;-7,2688;-35,8837; SPRF-PB ; DEL02-PB ; UOP01-DEL02-PB 
501474;2023-01-27; sexta-feira ; 09:00:00 ; SC ;101;203; SAO JOSE ; Manobra de mudança de faixa ; Colisão lateral mesmo sentido ; Com Vítimas Feridas ; Pleno dia ; Crescente ; Céu Claro ; Dupla ; Não Informado ; Sim ;3;0;2;0;1;0;2;2;-27,5650044;-48,61460082; SPRF-SC ; DEL01-SC ; UOP01-DEL01-SC 
501475;2023-01-27; sexta-feira ; 08:50:00 ; RS ;116;103,6; ELDORADO DO SUL ; Condutor deixou de manter distância do veículo da frente ; Colisão traseira ; Com Vítimas Feridas ; Pleno dia ; Crescente ; Céu Claro ; Dupla ; Não Informado ; Não ;3;0;1;0;2;0;1;2;-29,99158988;-51,27192736; SPRF-RS ; DEL05-RS ; UOP01-DEL05-RS 
501476;2023-01-27; sexta-feira ; 08:40:00 ; PR ;277;74; SAO JOSE DOS PINHAIS ; Ausência de reação do condutor ; Colisão traseira ; Com Vítimas Feridas ; Pleno dia ; Crescente ; Céu Claro ; Dupla ; Reta ; Sim ;2;0;1;0;1;0;1;2;-25,51726115;-49,11540707; SPRF-PR ; DEL01-PR ; UOP01-DEL01-PR 
501478;2023-01-26; quinta-feira ; 09:30:00 ; SP ;381;86; SAO PAULO ; Objeto estático sobre o leito carroçável ; Tombamento ; Com Vítimas Feridas ; Pleno dia ; Decrescente ; Céu Claro ; Múltipla ; Reta ; Sim ;1;0;1;0;0;0;1;1;-23,45930499;-46,57161179; SPRF-SP ; DEL03-SP ; UOP01-DEL03-SP 
501479;2023-01-07; sábado ; 19:00:00 ; MA ;222;587; BOM JESUS DAS SELVAS ; Deficiência do Sistema de Iluminação/Sinalização ; Saída de leito carroçável ; Com Vítimas Fatais ; Anoitecer ; Decrescente ; Ignorado ; Simples ; Reta ; Não ;4;2;2;0;0;0;2;2;-4,5367596;-46,88648987; SPRF-MA ; DEL04-MA ; UOP03-DEL04-MA 
501480;2023-01-27; sexta-feira ; 09:30:00 ; SE ;235;32,9; AREIA BRANCA ; Condutor deixou de manter distância do veículo da frente ; Colisão traseira ; Sem Vítimas ; Pleno dia ; Decrescente ; Céu Claro ; Simples ; Reta ; Sim ;3;0;0;0;3;0;0;3;-10,769286;-37,299343; SPRF-SE ; DEL01-SE ; UOP02-DEL01-SE 
501481;2023-01-27; sexta-feira ; 09:40:00 ; SC ;101;210; SAO JOSE ; Manobra de mudança de faixa ; Colisão lateral mesmo sentido ; Com Vítimas Feridas ; Pleno dia ; Decrescente ; Céu Claro ; Simples ; Reta ; Sim ;2;0;1;0;1;0;1;2;-27,622355;-48,650971; SPRF-SC ; DEL01-SC ; UOP01-DEL01-SC 
501483;2023-01-27; sexta-feira ; 09:30:00 ; SC ;101;133; BALNEARIO CAMBORIU ; Demais falhas mecânicas ou elétricas ; Incêndio ; Sem Vítimas ; Pleno dia ; Decrescente ; Céu Claro ; Simples ; Não Informado ; Sim ;1;0;0;0;1;0;0;1;-26,99936;-48,64609; SPRF-SC ; DEL04-SC ; UOP03-DEL04-SC 
501484;2023-01-27; sexta-feira ; 09:50:00 ; SP ;116;206; ARUJA ; Reação tardia ou ineficiente do condutor ; Colisão lateral mesmo sentido ; Sem Vítimas ; Pleno dia ; Decrescente ; Céu Claro ; Múltipla ; Reta ; Sim ;1;0;0;0;1;0;0;1;-23,417226295;-46,3751029188; SPRF-SP ; DEL01-SP ; UOP01-DEL01-SP 
501487;2023-01-27; sexta-feira ; 10:10:00 ; BA ;324;6; FEIRA DE SANTANA ; Reação tardia ou ineficiente do condutor ; Engavetamento ; Com Vítimas Feridas ; Pleno dia ; Decrescente ; Céu Claro ; Dupla ; Reta ; Sim ;4;0;2;0;2;0;2;3;-12,27224414;-38,98670197; SPRF-BA ; DEL02-BA ; UOP01-DEL02-BA 
501489;2023-01-27; sexta-feira ; 09:30:00 ; GO ;20;67,8; FORMOSA ; Condutor deixou de manter distância do veículo da frente ; Colisão traseira ; Com Vítimas Feridas ; Pleno dia ; Crescente ; Nublado ; Simples ; Reta ; Não ;4;0;1;0;3;0;1;2;-15,195777;-47,152126; SPRF-DF ; DEL02-DF ; UOP02-DEL02-DF 
501491;2023-01-27; sexta-feira ; 08:00:00 ; PR ;277;722; FOZ DO IGUACU ; Manobra de mudança de faixa ; Colisão lateral mesmo sentido ; Com Vítimas Feridas ; Pleno dia ; Crescente ; Céu Claro ; Dupla ; Reta ; Sim ;2;0;1;0;1;0;1;2;-25,49494908;-54,52095097; SPRF-PR ; DEL05-PR ; UOP03-DEL05-PR 
501492;2023-01-27; sexta-feira ; 07:40:00 ; MT ;70;585; NOSSA SENHORA DO LIVRAMENTO ; Acumulo de água sobre o pavimento ; Saída de leito carroçável ; Com Vítimas Feridas ; Pleno dia ; Decrescente ; Chuva ; Simples ; Não Informado ; Não ;4;0;2;1;1;0;3;1;-15,794872;-56,680627; SPRF-MT ; DEL03-MT ; UOP02-DEL03-MT 
501495;2023-01-27; sexta-feira ; 10:50:00 ; SC ;101;212; PALHOCA ; Avarias e/ou desgaste excessivo no pneu ; Tombamento ; Com Vítimas Feridas ; Pleno dia ; Crescente ; Céu Claro ; Múltipla ; Reta ; Sim ;1;0;1;0;0;0;1;1;-27,62996929;-48,65903871; SPRF-SC ; DEL01-SC ; UOP02-DEL01-SC 
501497;2023-01-27; sexta-feira ; 10:40:00 ; RJ ;116;177; BELFORD ROXO ; Frear bruscamente ; Colisão traseira ; Com Vítimas Feridas ; Pleno dia ; Crescente ; Céu Claro ; Múltipla ; Reta ; Não ;2;0;0;1;1;0;1;2;-22,78055198;-43,39208599; SPRF-RJ ; DEL01-RJ ; UOP02-DEL01-RJ 
501498;2023-01-26; quinta-feira ; 18:30:00 ; PB ;361;39,2; CATINGUEIRA ; Animais na Pista ; Atropelamento de Animal ; Com Vítimas Feridas ; Anoitecer ; Crescente ; Céu Claro ; Simples ; Reta ; Não ;2;0;1;0;1;0;1;1;-7,09419004;-37,58921197; SPRF-PB ; DEL03-PB ; UOP01-DEL03-PB 
501499;2023-01-27; sexta-feira ; 10:52:00 ; SC ;101;213; PALHOCA ; Desrespeitar a preferência no cruzamento ; Atropelamento de Pedestre ; Com Vítimas Feridas ; Pleno dia ; Decrescente ; Céu Claro ; Dupla ; Reta ; Não ;2;0;1;0;1;0;1;1;-27,63697369;-48,66514142; SPRF-SC ; DEL01-SC ; UOP02-DEL01-SC 
501500;2023-01-27; sexta-feira ; 09:10:00 ; PR ;369;91,5; CORNELIO PROCOPIO ; Reação tardia ou ineficiente do condutor ; Tombamento ; Com Vítimas Feridas ; Pleno dia ; Decrescente ; Sol ; Dupla ; Não Informado ; Não ;2;0;0;1;0;1;1;1;-23,204705;-50,65493; SPRF-PR ; DEL07-PR ; UOP05-DEL07-PR 
501502;2023-01-27; sexta-feira ; 11:40:00 ; SP ;116;138,7; SAO JOSE DOS CAMPOS ; Ausência de reação do condutor ; Tombamento ; Com Vítimas Feridas ; Pleno dia ; Decrescente ; Céu Claro ; Dupla ; Reta ; Não ;1;0;0;1;0;0;1;1;-23,1572739;-45,79554605; SPRF-SP ; DEL02-SP ; UOP01-DEL02-SP 
501503;2023-01-27; sexta-feira ; 08:35:00 ; MT ;70;524; VARZEA GRANDE ; Acessar a via sem observar a presença dos outros veículos ; Colisão transversal ; Com Vítimas Feridas ; Pleno dia ; Crescente ; Chuva ; Simples ; Rotatória ; Sim ;2;0;1;0;1;0;1;2;-15,649207;-56,19486; SPRF-MT ; DEL01-MT ; UOP02-DEL01-MT 
501505;2023-01-27; sexta-feira ; 12:00:00 ; SE ;101;176,3; UMBAUBA ; Reação tardia ou ineficiente do condutor ; Colisão lateral sentido oposto ; Com Vítimas Feridas ; Pleno dia ; Decrescente ; Céu Claro ; Simples ; Reta ; Sim ;2;0;1;0;1;0;1;2;-11,34921696;-37,61704722; SPRF-SE ; DEL02-SE ; UOP03-DEL02-SE 
501507;2023-01-27; sexta-feira ; 11:50:00 ; CE ;116;16,7; ITAITINGA ; Ausência de reação do condutor ; Colisão traseira ; Com Vítimas Feridas ; Pleno dia ; Crescente ; Céu Claro ; Dupla ; Não Informado ; Sim ;3;0;1;0;2;0;1;2;-3,88732794;-38,50185439; SPRF-CE ; DEL01-CE ; UOP02-DEL01-CE 
501508;2023-01-14; sábado ; 14:00:00 ; MS ;163;484; CAMPO GRANDE ; Acessar a via sem observar a presença dos outros veículos ; Colisão transversal ; Com Vítimas Feridas ; Pleno dia ; Decrescente ; Nublado ; Simples ; Não Informado ; Sim ;2;0;1;0;1;0;1;2;-20,44737024;-54,54097336; SPRF-MS ; DEL01-MS ; UOP02-DEL01-MS 
501509;2023-01-27; sexta-feira ; 09:35:00 ; SC ;163;78,6; SAO MIGUEL DO OESTE ; Desrespeitar a preferência no cruzamento ; Colisão transversal ; Com Vítimas Feridas ; Pleno dia ; Crescente ; Sol ; Simples ; Reta ; Não ;3;0;1;0;2;0;1;3;-26,667838;-53,51978017; SPRF-SC ; DEL07-SC ; UOP03-DEL07-SC 
501510;2023-01-27; sexta-feira ; 12:40:00 ; GO ;153;564; PROFESSOR JAMIL ; Acumulo de água sobre o pavimento ; Saída de leito carroçável ; Com Vítimas Feridas ; Pleno dia ; Decrescente ; Chuva ; Dupla ; Desvio Temporário ; Não ;2;0;1;0;1;0;1;1;-17,2476;-49,2417; SPRF-GO ; DEL03-GO ; UOP01-DEL03-GO 
501511;2023-01-27; sexta-feira ; 12:46:00 ; SC ;280;164; MAFRA ; Ingestão de álcool pelo condutor ; Colisão com objeto ; Com Vítimas Feridas ; Pleno dia ; Decrescente ; Céu Claro ; Simples ; Curva ; Não ;1;0;1;0;0;0;1;1;-26,19131398;-49,80487298; SPRF-SC ; DEL06-SC ; UOP01-DEL06-SC 
501514;2023-01-27; sexta-feira ; 13:00:00 ; SP ;116;107; TAUBATE ; Demais falhas mecânicas ou elétricas ; Tombamento ; Com Vítimas Feridas ; Pleno dia ; Crescente ; Céu Claro ; Dupla ; Reta ; Não ;2;0;0;2;0;0;2;1;-23,01791287;-45,53009409; SPRF-SP ; DEL02-SP ; UOP02-DEL02-SP 
501516;2023-01-27; sexta-feira ; 13:00:00 ; SC ;470;70; INDAIAL ; Ausência de reação do condutor ; Colisão traseira ; Com Vítimas Feridas ; Pleno dia ; Crescente ; Sol ; Simples ; Não Informado ; Não ;2;0;1;0;1;0;1;2;-26,889374;-49,254478; SPRF-SC ; DEL04-SC ; UOP01-DEL04-SC 
501517;2023-01-27; sexta-feira ; 10:05:00 ; CE ;222;333,9; TIANGUA ; Transitar na contramão ; Colisão frontal ; Com Vítimas Fatais ; Pleno dia ; Crescente ; Céu Claro ; Simples ; Reta ; Não ;4;1;0;1;2;0;1;2;-3,85854913;-41,14625573; SPRF-CE ; DEL04-CE ; UOP02-DEL04-CE 
501519;2023-01-27; sexta-feira ; 14:05:00 ; SC ;101;111; ITAJAI ; Manobra de mudança de faixa ; Colisão lateral mesmo sentido ; Com Vítimas Feridas ; Pleno dia ; Crescente ; Céu Claro ; Simples ; Reta ; Sim ;2;0;1;0;1;0;1;2;-26,83955734;-48,71418074; SPRF-SC ; DEL04-SC ; UOP04-DEL04-SC 
501521;2023-01-27; sexta-feira ; 14:40:00 ; SP ;116;84,6; PINDAMONHANGABA ; Ausência de reação do condutor ; Queda de ocupante de veículo ; Com Vítimas Feridas ; Pleno dia ; Crescente ; Céu Claro ; Dupla ; Reta ; Não ;2;0;2;0;0;0;2;1;-22,91777173;-45,33596814; SPRF-SP ; DEL08-SP ; UOP01-DEL08-SP 
501522;2023-01-27; sexta-feira ; 14:30:00 ; PR ;277;19; MORRETES ; Ingestão de álcool pelo condutor ; Queda de ocupante de veículo ; Com Vítimas Feridas ; Pleno dia ; Crescente ; Céu Claro ; Dupla ; Retorno Regulamentado ; Não ;2;0;2;0;0;0;2;1;-25,55787847;-48,65324572; SPRF-PR ; DEL01-PR ; UOP05-DEL01-PR 
501523;2023-01-22; domingo ; 01:00:00 ; PR ;369;130; JATAIZINHO ; Velocidade Incompatível ; Colisão com objeto ; Com Vítimas Feridas ; Plena Noite ; Crescente ; Céu Claro ; Dupla ; Curva ; Não ;2;0;1;0;1;0;1;1;-23,257568;-50,985281; SPRF-PR ; DEL07-PR ; UOP01-DEL07-PR 
501524;2023-01-27; sexta-feira ; 13:50:00 ; RJ ;116;81,4; TERESOPOLIS ; Avarias e/ou desgaste excessivo no pneu ; Saída de leito carroçável ; Com Vítimas Feridas ; Pleno dia ; Crescente ; Nublado ; Simples ; Reta ; Não ;1;0;1;0;0;0;1;1;-22,39843405;-42,95507553; SPRF-RJ ; DEL04-RJ ; UOP01-DEL04-RJ 
501525;2023-01-27; sexta-feira ; 12:50:00 ; BA ;116;353; SERRINHA ; Reação tardia ou ineficiente do condutor ; Queda de ocupante de veículo ; Com Vítimas Feridas ; Pleno dia ; Crescente ; Céu Claro ; Simples ; Não Informado ; Sim ;1;0;0;1;0;0;1;1;-11,617913;-38,98287903; SPRF-BA ; DEL02-BA ; UOP01-DEL02-BA 
501526;2023-01-27; sexta-feira ; 10:50:00 ; SC ;280;83,9; CORUPA ; Condutor Dormindo ; Colisão com objeto ; Com Vítimas Feridas ; Pleno dia ; Decrescente ; Céu Claro ; Simples ; Não Informado ; Não ;1;0;1;0;0;0;1;1;-26,43797588;-49,23478097; SPRF-SC ; DEL06-SC ; UOP03-DEL06-SC 
501528;2023-01-27; sexta-feira ; 15:25:00 ; SE ;101;4,1; PROPRIA ; Ausência de reação do condutor ; Colisão com objeto ; Com Vítimas Feridas ; Pleno dia ; Decrescente ; Céu Claro ; Dupla ; Não Informado ; Não ;1;0;1;0;0;0;1;1;-10,23232136;-36,84817965; SPRF-SE ; DEL02-SE ; UOP02-DEL02-SE 
501532;2023-01-04; quarta-feira ; 06:30:00 ; PR ;116;115; CURITIBA ; Acessar a via sem observar a presença dos outros veículos ; Colisão com objeto ; Com Vítimas Feridas ; Pleno dia ; Crescente ; Chuva ; Dupla ; Reta ; Não ;1;0;1;0;0;0;1;1;-25,54546167;-49,29865837; SPRF-PR ; DEL01-PR ; UOP07-DEL01-PR 
501534;2023-01-27; sexta-feira ; 15:35:00 ; RS ;386;277,4; SAO JOSE DO HERVAL ; Ausência de reação do condutor ; Saída de leito carroçável ; Com Vítimas Feridas ; Pleno dia ; Decrescente ; Céu Claro ; Simples ; Reta ; Não ;4;0;2;0;2;0;2;1;-29,012085;-52,331657; SPRF-RS ; DEL04-RS ; UOP03-DEL04-RS 
501535;2023-01-27; sexta-feira ; 14:10:00 ; PR ;277;179,2; PALMEIRA ; Objeto estático sobre o leito carroçável ; Derramamento de carga ; Com Vítimas Feridas ; Pleno dia ; Decrescente ; Céu Claro ; Simples ; Reta ; Não ;5;0;2;0;3;0;2;3;-25,435076;-50,011779; SPRF-PR ; DEL08-PR ; UOP02-DEL08-PR 
501536;2023-01-27; sexta-feira ; 15:05:00 ; DF ;20;1,2; BRASILIA ; Manobra de mudança de faixa ; Colisão traseira ; Com Vítimas Feridas ; Pleno dia ; Decrescente ; Sol ; Múltipla ; Não Informado ; Sim ;4;0;2;0;2;0;2;2;-15,685814;-47,849838; SPRF-DF ; DEL02-DF ; UOP01-DEL02-DF 
501538;2023-01-08; domingo ; 01:40:00 ; MA ;316;215; GOVERNADOR NEWTON BELLO ; Manobra de mudança de faixa ; Colisão frontal ; Com Vítimas Feridas ; Plena Noite ; Crescente ; Céu Claro ; Simples ; Reta ; Não ;2;0;1;0;1;0;1;2;-3,430644;-45,669838; SPRF-MA ; DEL02-MA ; UOP01-DEL02-MA 
501539;2023-01-27; sexta-feira ; 14:20:00 ; RJ ;116;186; NOVA IGUACU ; Ausência de reação do condutor ; Engavetamento ; Com Vítimas Feridas ; Pleno dia ; Decrescente ; Céu Claro ; Dupla ; Reta ; Sim ;4;0;1;0;3;0;1;3;-22,73962339;-43,46276495; SPRF-RJ ; DEL01-RJ ; UOP02-DEL01-RJ 
501540;2023-01-27; sexta-feira ; 16:10:00 ; ES ;101;269; SERRA ; Trafegar com motocicleta (ou similar) entre as faixas ; Colisão lateral mesmo sentido ; Com Vítimas Feridas ; Pleno dia ; Crescente ; Céu Claro ; Dupla ; Reta ; Sim ;2;0;1;0;0;1;1;2;-20,21740496;-40,26990578; SPRF-ES ; DEL02-ES ; UOP01-DEL02-ES 
501541;2023-01-16; segunda-feira ; 04:40:00 ; MS ;163;608; SAO GABRIEL DO OESTE ; Transitar na contramão ; Colisão lateral sentido oposto ; Com Vítimas Feridas ; Plena Noite ; Decrescente ; Nublado ; Dupla ; Não Informado ; Não ;2;0;0;1;1;0;1;2;-19,4477130238;-54,524519025; SPRF-MS ; DEL06-MS ; UOP02-DEL06-MS 
501542;2023-01-27; sexta-feira ; 17:00:00 ; SP ;381;37,2; ATIBAIA ; Acessar a via sem observar a presença dos outros veículos ; Colisão lateral mesmo sentido ; Com Vítimas Feridas ; Pleno dia ; Decrescente ; Céu Claro ; Dupla ; Não Informado ; Sim ;3;0;2;0;1;0;2;2;-23,10506237;-46,56881577; SPRF-SP ; DEL03-SP ; UOP01-DEL03-SP 
501546;2023-01-27; sexta-feira ; 17:00:00 ; MG ;40;616,5; CONGONHAS ; Chuva ; Saída de leito carroçável ; Com Vítimas Feridas ; Pleno dia ; Crescente ; Chuva ; Simples ; Curva ; Não ;1;0;1;0;0;0;1;1;-20,550494;-43,815472; SPRF-MG ; DEL05-MG ; UOP02-DEL05-MG 
501548;2023-01-27; sexta-feira ; 12:30:00 ; RJ ;116;174; SAO JOAO DE MERITI ; Manobra de mudança de faixa ; Colisão traseira ; Com Vítimas Feridas ; Pleno dia ; Decrescente ; Céu Claro ; Dupla ; Reta ; Não ;2;0;0;1;1;0;1;2;-22,79423806;-43,36403759; SPRF-RJ ; DEL01-RJ ; UOP02-DEL01-RJ 
501550;2023-01-27; sexta-feira ; 17:20:00 ; RS ;285;237; CASEIROS ; Ultrapassagem Indevida ; Colisão frontal ; Com Vítimas Feridas ; Pleno dia ; Crescente ; Céu Claro ; Simples ; Não Informado ; Não ;6;0;3;1;2;0;4;2;-28,25403379;-51,86066955; SPRF-RS ; DEL08-RS ; UOP03-DEL08-RS 
501551;2023-01-27; sexta-feira ; 16:52:00 ; SC ;282;1,5; FLORIANOPOLIS ; Ausência de reação do condutor ; Colisão traseira ; Com Vítimas Feridas ; Pleno dia ; Crescente ; Céu Claro ; Múltipla ; Reta ; Sim ;2;0;1;0;1;0;1;2;-27,602955;-48,580509; SPRF-SC ; DEL01-SC ; UOP01-DEL01-SC 
501553;2023-01-11; quarta-feira ; 12:00:00 ; MT ;163;1081; GUARANTA DO NORTE ; Condutor deixou de manter distância do veículo da frente ; Colisão traseira ; Com Vítimas Fatais ; Pleno dia ; Crescente ; Sol ; Simples ; Reta ; Não ;2;1;0;0;1;0;0;2;-9,828016;-54,883227; SPRF-MT ; DEL06-MT ; UOP03-DEL06-MT 
501554;2023-01-27; sexta-feira ; 17:50:00 ; PR ;277;592,7; CASCAVEL ; Demais falhas mecânicas ou elétricas ; Capotamento ; Com Vítimas Feridas ; Pleno dia ; Crescente ; Céu Claro ; Simples ; Não Informado ; Sim ;1;0;0;1;0;0;1;1;-24,98285697;-53,47319399; SPRF-PR ; DEL04-PR ; UOP01-DEL04-PR 
501555;2023-01-27; sexta-feira ; 17:20:00 ; CE ;116;16; EUSEBIO ; Mal súbito do condutor ; Saída de leito carroçável ; Com Vítimas Feridas ; Pleno dia ; Crescente ; Céu Claro ; Simples ; Curva ; Sim ;1;0;1;0;0;0;1;1;-3,88732794;-38,50185439; SPRF-CE ; DEL01-CE ; UOP02-DEL01-CE 
501556;2023-01-27; sexta-feira ; 15:20:00 ; MS ;163;405,8; NOVA ALVORADA DO SUL ; Ausência de reação do condutor ; Colisão traseira ; Com Vítimas Feridas ; Pleno dia ; Crescente ; Céu Claro ; Simples ; Não Informado ; Não ;2;0;1;0;1;0;1;2;-21,12364994;-54,4818027; SPRF-MS ; DEL02-MS ; UOP01-DEL02-MS 
501562;2023-01-27; sexta-feira ; 15:50:00 ; BA ;110;292,7; INHAMBUPE ; Velocidade Incompatível ; Colisão traseira ; Com Vítimas Feridas ; Pleno dia ; Crescente ; Céu Claro ; Simples ; Desvio Temporário ; Não ;5;0;2;0;3;0;2;2;-11,83728499;-38,3644771; SPRF-BA ; DEL01-BA ; UOP04-DEL01-BA 
501563;2023-01-27; sexta-feira ; 14:30:00 ; BA ;30;298,8; LAGOA REAL ; Condutor Dormindo ; Saída de leito carroçável ; Com Vítimas Feridas ; Pleno dia ; Crescente ; Céu Claro ; Simples ; Reta ; Não ;3;0;3;0;0;0;3;1;-14,17086845;-42,22533785; SPRF-BA ; DEL08-BA ; UOP01-DEL08-BA 
501564;2023-01-27; sexta-feira ; 16:45:00 ; SC ;163;70,7; SAO MIGUEL DO OESTE ; Condutor deixou de manter distância do veículo da frente ; Colisão traseira ; Com Vítimas Feridas ; Pleno dia ; Decrescente ; Céu Claro ; Dupla ; Reta ; Sim ;2;0;1;0;1;0;1;2;-26,73461723;-53,50680015; SPRF-SC ; DEL07-SC ; UOP03-DEL07-SC 
501566;2023-01-27; sexta-feira ; 18:40:00 ; SP ;101;40,2; UBATUBA ; Ingestão de álcool pelo condutor ; Colisão traseira ; Sem Vítimas ; Anoitecer ; Crescente ; Céu Claro ; Simples ; Reta ; Não ;3;0;0;0;3;0;0;2;-23,41495528;-45,03516778; SPRF-SP ; DEL06-SP ; UOP01-DEL06-SP 
501567;2023-01-27; sexta-feira ; 15:15:00 ; MG ;153;149,2; CAMPO FLORIDO ; Chuva ; Saída de leito carroçável ; Com Vítimas Feridas ; Pleno dia ; Crescente ; Chuva ; Simples ; Curva ; Não ;2;0;1;0;1;0;1;1;-19,638478;-48,855173; SPRF-MG ; DEL13-MG ; UOP02-DEL13-MG 
501572;2023-01-27; sexta-feira ; 18:26:00 ; SC ;101;207; SAO JOSE ; Condutor deixou de manter distância do veículo da frente ; Colisão traseira ; Com Vítimas Feridas ; Anoitecer ; Decrescente ; Céu Claro ; Dupla ; Reta ; Sim ;8;0;2;0;5;1;2;6;-27,60001226;-48,6226467; SPRF-SC ; DEL01-SC ; UOP01-DEL01-SC 