 id ; data_inversa ; dia_semana ; horario ; uf ; br ; km ; municipio ; causa_acidente ; tipo_acidente ; classificacao_acidente ; fase_dia ; sentido_via ; condicao_metereologica ; tipo_pista ; tracado_via ; uso_solo ; pessoas ; mortos ; feridos_leves ; feridos_graves ; ilesos ; ignorados ; feridos ; veiculos ; latitude ; longitude ; regional ; delegacia ; uop 
501573;2023-01-27; sexta-feira ; 18:40:00 ; RJ ;493;82; JAPERI ; Reação tardia ou ineficiente do condutor ; Capotamento ; Com Vítimas Feridas ; Anoitecer ; Decrescente ; Garoa/Chuvisco ; Dupla ; Reta ; Não ;4;0;3;0;1;0;3;1;-22,69016733;-43,68389368; SPRF-RJ ; DEL01-RJ ; UOP03-DEL01-RJ 
501574;2023-01-27; sexta-feira ; 15:30:00 ; RJ ;101;443; MANGARATIBA ; Curva acentuada ; Queda de ocupante de veículo ; Com Vítimas Feridas ; Pleno dia ; Decrescente ; Nublado ; Simples ; Curva ; Não ;1;0;0;1;0;0;1;1;-22,98107919;-44,08441596; SPRF-RJ ; DEL03-RJ ; UOP01-DEL03-RJ 
501575;2023-01-27; sexta-feira ; 18:45:00 ; RS ;386;342,5; LAJEADO ; Acessar a via sem observar a presença dos outros veículos ; Colisão transversal ; Sem Vítimas ; Anoitecer ; Crescente ; Céu Claro ; Simples ; Reta ; Não ;2;0;0;0;2;0;0;2;-29,4348828;-52,00212121; SPRF-RS ; DEL04-RS ; UOP01-DEL04-RS 
501579;2023-01-27; sexta-feira ; 19:10:00 ; MG ;50;177; UBERABA ; Manobra de mudança de faixa ; Saída de leito carroçável ; Com Vítimas Feridas ; Plena Noite ; Decrescente ; Céu Claro ; Dupla ; Reta ; Sim ;1;0;0;1;0;0;1;1;-19,77914852;-47,95047701; SPRF-MG ; DEL13-MG ; UOP01-DEL13-MG 
501580;2023-01-27; sexta-feira ; 18:00:00 ; MG ;262;177,8; SAO DOMINGOS DO PRATA ; Pista esburacada ; Tombamento ; Com Vítimas Feridas ; Anoitecer ; Decrescente ; Nublado ; Simples ; Curva ; Não ;1;0;1;0;0;0;1;1;-19,92841856;-42,9728859; SPRF-MG ; DEL03-MG ; UOP01-DEL03-MG 
501581;2023-01-27; sexta-feira ; 19:26:00 ; PE ;104;64; CARUARU ; Acessar a via sem observar a presença dos outros veículos ; Colisão transversal ; Com Vítimas Feridas ; Plena Noite ; Decrescente ; Céu Claro ; Dupla ; Reta ; Sim ;3;0;1;0;2;0;1;2;-8,2783;-35,9815; SPRF-PE ; DEL02-PE ; UOP01-DEL02-PE 
501582;2023-01-27; sexta-feira ; 18:45:00 ; SC ;101;143; ITAPEMA ; Trafegar com motocicleta (ou similar) entre as faixas ; Colisão lateral mesmo sentido ; Com Vítimas Feridas ; Plena Noite ; Crescente ; Céu Claro ; Simples ; Desvio Temporário ; Sim ;3;0;0;1;2;0;1;2;-27,06436;-48,59599405; SPRF-SC ; DEL04-SC ; UOP03-DEL04-SC 
501583;2023-01-27; sexta-feira ; 17:30:00 ; SC ;101;262; PAULO LOPES ; Ausência de reação do condutor ; Saída de leito carroçável ; Com Vítimas Feridas ; Pleno dia ; Decrescente ; Sol ; Dupla ; Reta ; Não ;1;0;0;1;0;0;1;1;-28,0353863;-48,70884453; SPRF-SC ; DEL02-SC ; UOP03-DEL02-SC 
501584;2023-01-27; sexta-feira ; 19:30:00 ; RS ;116;2; PORTO ALEGRE ; Condutor deixou de manter distância do veículo da frente ; Engavetamento ; Sem Vítimas ; Anoitecer ; Decrescente ; Céu Claro ; Dupla ; Reta ; Sim ;3;0;0;0;3;0;0;3;-29,99156156;-51,18516326; SPRF-RS ; DEL01-RS ; UOP01-DEL01-RS 
501585;2023-01-27; sexta-feira ; 17:25:00 ; SC ;101;278; IMBITUBA ; Ultrapassagem Indevida ; Colisão lateral mesmo sentido ; Com Vítimas Feridas ; Pleno dia ; Crescente ; Céu Claro ; Simples ; Interseção de vias ; Não ;2;0;0;1;1;0;1;2;-28,16300604;-48,6939345; SPRF-SC ; DEL02-SC ; UOP03-DEL02-SC 
501586;2023-01-27; sexta-feira ; 19:30:00 ; GO ;50;299,8; CUMARI ; Velocidade Incompatível ; Colisão com objeto ; Com Vítimas Feridas ; Plena Noite ; Decrescente ; Chuva ; Dupla ; Reta ; Não ;2;0;2;0;0;0;2;1;-18,3208;-48,0232; SPRF-GO ; DEL06-GO ; UOP01-DEL06-GO 
501587;2023-01-27; sexta-feira ; 20:10:00 ; SE ;235;12; NOSSA SENHORA DO SOCORRO ; Animais na Pista ; Atropelamento de Animal ; Com Vítimas Feridas ; Plena Noite ; Crescente ; Céu Claro ; Simples ; Não Informado ; Não ;2;0;1;0;1;0;1;1;-10,872643;-37,163246; SPRF-SE ; DEL01-SE ; UOP01-DEL01-SE 
501588;2023-01-27; sexta-feira ; 16:10:00 ; RJ ;393;285; VOLTA REDONDA ; Ausência de sinalização ; Colisão traseira ; Com Vítimas Feridas ; Pleno dia ; Crescente ; Nublado ; Simples ; Reta ; Sim ;2;0;1;0;1;0;1;2;-22,481726;-44,06308602; SPRF-RJ ; DEL05-RJ ; UOP02-DEL05-RJ 
501589;2023-01-17; terça-feira ; 18:30:00 ; BA ;330;847; IPIAU ; Manobra de mudança de faixa ; Colisão transversal ; Com Vítimas Feridas ; Anoitecer ; Crescente ; Céu Claro ; Simples ; Reta ; Não ;4;0;2;0;2;0;2;2;-14,17306203;-39,68148402; SPRF-BA ; DEL03-BA ; UOP01-DEL03-BA 
501590;2023-01-09; segunda-feira ; 09:40:00 ; BA ;330;791,8; JEQUIE ; Reação tardia ou ineficiente do condutor ; Queda de ocupante de veículo ; Com Vítimas Feridas ; Pleno dia ; Crescente ; Céu Claro ; Simples ; Reta ; Não ;1;0;1;0;0;0;1;1;-13,90606498;-40,01759994; SPRF-BA ; DEL03-BA ; UOP01-DEL03-BA 
501591;2023-01-27; sexta-feira ; 20:00:00 ; CE ;222;38,1; CAUCAIA ; Animais na Pista ; Atropelamento de Animal ; Com Vítimas Feridas ; Plena Noite ; Crescente ; Céu Claro ; Simples ; Reta ; Não ;1;0;1;0;0;0;1;1;-3,69214351;-38,89023121; SPRF-CE ; DEL01-CE ; UOP01-DEL01-CE 
501593;2023-01-27; sexta-feira ; 20:00:00 ; GO ;153;517; HIDROLANDIA ; Avarias e/ou desgaste excessivo no pneu ; Tombamento ; Com Vítimas Feridas ; Plena Noite ; Crescente ; Céu Claro ; Dupla ; Reta ; Não ;2;0;2;0;0;0;2;1;-16,8581;-49,2488; SPRF-GO ; DEL01-GO ; UOP03-DEL01-GO 
501594;2023-01-27; sexta-feira ; 19:40:00 ; MG ;381;534,5; ITATIAIUCU ; Acesso irregular ; Atropelamento de Pedestre ; Com Vítimas Feridas ; Plena Noite ; Crescente ; Céu Claro ; Dupla ; Reta ; Sim ;4;0;0;1;3;0;1;1;-20,18342931;-44,37961578; SPRF-MG ; DEL04-MG ; UOP03-DEL04-MG 
501596;2023-01-27; sexta-feira ; 20:40:00 ; RS ;472;538; URUGUAIANA ; Animais na Pista ; Atropelamento de Animal ; Com Vítimas Feridas ; Plena Noite ; Crescente ; Céu Claro ; Simples ; Reta ; Sim ;2;0;1;0;0;1;1;1;-29,52289052;-56,75253314; SPRF-RS ; DEL13-RS ; UOP01-DEL13-RS 
501597;2023-01-27; sexta-feira ; 16:40:00 ; RJ ;393;285; VOLTA REDONDA ; Mal súbito do condutor ; Colisão com objeto ; Com Vítimas Feridas ; Pleno dia ; Crescente ; Nublado ; Simples ; Não Informado ; Sim ;1;0;1;0;0;0;1;1;-22,481726;-44,06308602; SPRF-RJ ; DEL05-RJ ; UOP02-DEL05-RJ 
501598;2023-01-27; sexta-feira ; 20:25:00 ; PR ;373;183,3; PONTA GROSSA ; Acessar a via sem observar a presença dos outros veículos ; Colisão transversal ; Com Vítimas Feridas ; Plena Noite ; Decrescente ; Céu Claro ; Dupla ; Não Informado ; Não ;10;0;3;0;7;0;3;2;-25,03949352;-50,27826548; SPRF-PR ; DEL03-PR ; UOP01-DEL03-PR 
501599;2023-01-27; sexta-feira ; 19:30:00 ; BA ;116;459; SANTO ESTEVAO ; Acessar a via sem observar a presença dos outros veículos ; Colisão transversal ; Com Vítimas Feridas ; Plena Noite ; Crescente ; Céu Claro ; Dupla ; Reta ; Sim ;2;0;1;0;1;0;1;2;-12,42081589;-39,19884407; SPRF-BA ; DEL02-BA ; UOP01-DEL02-BA 
501600;2023-01-27; sexta-feira ; 18:40:00 ; BA ;116;494,5; RAFAEL JAMBEIRO ; Entrada inopinada do pedestre ; Atropelamento de Pedestre ; Com Vítimas Feridas ; Plena Noite ; Crescente ; Céu Claro ; Simples ; Curva ; Sim ;2;0;0;1;0;1;1;1;-12,58190333;-39,51898667; SPRF-BA ; DEL02-BA ; UOP01-DEL02-BA 
501602;2023-01-27; sexta-feira ; 17:00:00 ; RJ ;493;19; MAGE ; Reação tardia ou ineficiente do condutor ; Colisão transversal ; Com Vítimas Feridas ; Pleno dia ; Decrescente ; Nublado ; Simples ; Reta ; Sim ;2;0;1;0;1;0;1;2;-22,6663848;-43,02770248; SPRF-RJ ; DEL02-RJ ; UOP04-DEL02-RJ 
501604;2023-01-27; sexta-feira ; 18:10:00 ; PR ;476;176; CONTENDA ; Demais Fenômenos da natureza ; Saída de leito carroçável ; Com Vítimas Feridas ; Pleno dia ; Crescente ; Céu Claro ; Simples ; Reta ; Não ;1;0;1;0;0;0;1;1;-25,694412;-49,553158; SPRF-PR ; DEL01-PR ; UAP06-DEL01-PR 
501605;2023-01-27; sexta-feira ; 20:30:00 ; SC ;101;199,3; SAO JOSE ; Acessar a via sem observar a presença dos outros veículos ; Colisão transversal ; Com Vítimas Fatais ; Plena Noite ; Crescente ; Céu Claro ; Múltipla ; Não Informado ; Sim ;2;1;0;0;1;0;0;2;-27,535978;-48,627956; SPRF-SC ; DEL01-SC ; UOP01-DEL01-SC 
501607;2023-01-27; sexta-feira ; 18:40:00 ; CE ;222;212; FORQUILHA ; Iluminação deficiente ; Queda de ocupante de veículo ; Com Vítimas Feridas ; Plena Noite ; Crescente ; Nublado ; Simples ; Reta ; Sim ;1;0;0;1;0;0;1;1;-3,7883359;-40,28192391; SPRF-CE ; DEL04-CE ; UOP01-DEL04-CE 
501608;2023-01-27; sexta-feira ; 21:40:00 ; SP ;101;51; UBATUBA ; Conversão proibida ; Colisão transversal ; Com Vítimas Feridas ; Plena Noite ; Crescente ; Céu Claro ; Simples ; Reta ; Sim ;3;0;2;0;1;0;2;2;-23,45627795;-45,07111896; SPRF-SP ; DEL06-SP ; UOP01-DEL06-SP 
501609;2023-01-27; sexta-feira ; 19:00:00 ; SC ;116;244; LAGES ; Transitar na contramão ; Colisão frontal ; Com Vítimas Feridas ; Anoitecer ; Crescente ; Céu Claro ; Simples ; Curva ; Não ;4;0;1;0;3;0;1;2;-27,78925388;-50,35413817; SPRF-SC ; DEL05-SC ; UOP01-DEL05-SC 
501610;2023-01-27; sexta-feira ; 19:20:00 ; PR ;272;559,5; GUAIRA ; Transitar na contramão ; Colisão lateral sentido oposto ; Com Vítimas Feridas ; Plena Noite ; Crescente ; Céu Claro ; Simples ; Não Informado ; Não ;3;0;2;0;1;0;2;2;-24,09321029;-54,19645786; SPRF-PR ; DEL06-PR ; UOP01-DEL06-PR 
501611;2023-01-27; sexta-feira ; 21:30:00 ; SC ;101;215; PALHOCA ; Pedestre andava na pista ; Atropelamento de Pedestre ; Com Vítimas Feridas ; Plena Noite ; Crescente ; Céu Claro ; Dupla ; Reta ; Sim ;3;0;0;1;2;0;1;2;-27,65184843;-48,67604941; SPRF-SC ; DEL01-SC ; UOP02-DEL01-SC 
501612;2023-01-27; sexta-feira ; 22:32:00 ; SC ;101;220; PALHOCA ; Ingestão de álcool ou de substâncias psicoativas pelo pedestre ; Atropelamento de Pedestre ; Com Vítimas Feridas ; Plena Noite ; Crescente ; Céu Claro ; Dupla ; Reta ; Sim ;3;0;0;1;2;0;1;2;-27,69198941;-48,66368358; SPRF-SC ; DEL01-SC ; UOP02-DEL01-SC 
501613;2023-01-27; sexta-feira ; 20:00:00 ; SC ;282;560,9; NOVA ITABERABA ; Transitar na contramão ; Colisão frontal ; Com Vítimas Feridas ; Plena Noite ; Crescente ; Céu Claro ; Simples ; Não Informado ; Não ;2;0;0;1;1;0;1;2;-26,92748419;-52,85570741; SPRF-SC ; DEL07-SC ; UOP02-DEL07-SC 
501614;2023-01-27; sexta-feira ; 21:15:00 ; PE ;316;65; OURICURI ; Transitar na contramão ; Colisão frontal ; Com Vítimas Feridas ; Plena Noite ; Decrescente ; Nublado ; Simples ; Não Informado ; Não ;4;0;3;1;0;0;4;2;-7,78713245;-40,21815308; SPRF-PE ; DEL05-PE ; UOP02-DEL05-PE 
501616;2023-01-27; sexta-feira ; 21:10:00 ; RJ ;116;23; SAPUCAIA ; Deficiência do Sistema de Iluminação/Sinalização ; Atropelamento de Pedestre ; Com Vítimas Feridas ; Plena Noite ; Crescente ; Céu Claro ; Simples ; Reta ; Não ;3;0;0;1;2;0;1;1;-22,03520718;-42,78028965; SPRF-RJ ; DEL04-RJ ; UOP02-DEL04-RJ 
501619;2023-01-27; sexta-feira ; 19:25:00 ; MA ;230;357,5; SAO RAIMUNDO DAS MANGABEIRAS ; Deficiência do Sistema de Iluminação/Sinalização ; Colisão traseira ; Com Vítimas Fatais ; Plena Noite ; Decrescente ; Céu Claro ; Simples ; Reta ; Não ;3;1;0;1;1;0;1;2;-7,20103584;-45,80345206; SPRF-MA ; DEL05-MA ; UOP01-DEL05-MA 
501620;2023-01-27; sexta-feira ; 23:25:00 ; PR ;116;5,1; QUATRO BARRAS ; Reação tardia ou ineficiente do condutor ; Queda de ocupante de veículo ; Com Vítimas Feridas ; Plena Noite ; Decrescente ; Ignorado ; Dupla ; Reta ; Sim ;2;0;2;0;0;0;2;1;-25,3653;-49,0906; SPRF-PR ; DEL01-PR ; UOP02-DEL01-PR 
501624;2023-01-27; sexta-feira ; 23:42:00 ; DF ;20;10; BRASILIA ; Ingestão de álcool ou de substâncias psicoativas pelo pedestre ; Colisão traseira ; Com Vítimas Feridas ; Pleno dia ; Decrescente ; Nublado ; Dupla ; Não Informado ; Sim ;2;0;1;0;0;1;1;2;-15,650243;-47,773872; SPRF-DF ; DEL02-DF ; UOP01-DEL02-DF 
501625;2023-01-28; sábado ; 00:15:00 ; SC ;101;234; PALHOCA ; Avarias e/ou desgaste excessivo no pneu ; Queda de ocupante de veículo ; Com Vítimas Feridas ; Plena Noite ; Crescente ; Céu Claro ; Dupla ; Reta ; Não ;2;0;2;0;0;0;2;1;-27,81043812;-48,63537111; SPRF-SC ; DEL01-SC ; UOP02-DEL01-SC 
501626;2023-01-28; sábado ; 01:20:00 ; SC ;101;232; PALHOCA ; Ingestão de álcool pelo condutor ; Colisão com objeto ; Sem Vítimas ; Plena Noite ; Crescente ; Céu Claro ; Dupla ; Não Informado ; Não ;1;0;0;0;1;0;0;1;-27,795666;-48,638153; SPRF-SC ; DEL01-SC ; UOP02-DEL01-SC 
501630;2023-01-28; sábado ; 01:15:00 ; SC ;470;56,1; BLUMENAU ; Trafegar com motocicleta (ou similar) entre as faixas ; Colisão lateral mesmo sentido ; Com Vítimas Feridas ; Plena Noite ; Crescente ; Céu Claro ; Simples ; Reta ; Sim ;5;0;1;4;0;0;5;3;-26,87674;-49,127743; SPRF-SC ; DEL04-SC ; UOP01-DEL04-SC 
501631;2023-01-28; sábado ; 01:20:00 ; SC ;101;120; ITAJAI ; Reação tardia ou ineficiente do condutor ; Colisão frontal ; Com Vítimas Feridas ; Plena Noite ; Crescente ; Ignorado ; Múltipla ; Não Informado ; Não ;2;0;0;1;0;1;1;2;-26,912758;-48,711998; SPRF-SC ; DEL04-SC ; UOP04-DEL04-SC 
501633;2023-01-28; sábado ; 02:00:00 ; RN ;101;103; PARNAMIRIM ; Ingestão de álcool pelo condutor ; Capotamento ; Sem Vítimas ; Plena Noite ; Crescente ; Céu Claro ; Simples ; Reta ; Sim ;1;0;0;0;0;1;0;1;-5,89034022;-35,24894996; SPRF-RN ; DEL01-RN ; UOP01-DEL01-RN 
501635;2023-01-28; sábado ; 02:00:00 ; MG ;50;2,8; UBERLANDIA ; Ingestão de álcool pelo condutor ; Saída de leito carroçável ; Com Vítimas Feridas ; Plena Noite ; Crescente ; Ignorado ; Dupla ; Não Informado ; Não ;1;0;1;0;0;0;1;1;-18,85366056;-48,23993683; SPRF-MG ; DEL15-MG ; UOP02-DEL15-MG 
501638;2023-01-28; sábado ; 02:30:00 ; RJ ;116;132; MAGE ; Ausência de reação do condutor ; Capotamento ; Com Vítimas Feridas ; Plena Noite ; Crescente ; Chuva ; Dupla ; Reta ; Sim ;2;0;1;0;1;0;1;1;-22,65703272;-43,13458092; SPRF-RJ ; DEL02-RJ ; UOP04-DEL02-RJ 
501639;2023-01-27; sexta-feira ; 22:15:00 ; SC ;101;433,8; SOMBRIO ; Manobra de mudança de faixa ; Colisão lateral mesmo sentido ; Com Vítimas Feridas ; Plena Noite ; Decrescente ; Nublado ; Múltipla ; Reta ; Sim ;2;0;2;0;0;0;2;2;-29,08200809;-49,6297237; SPRF-SC ; DEL02-SC ; UOP02-DEL02-SC 
501641;2023-01-28; sábado ; 04:55:00 ; SC ;101;214; PALHOCA ; Ingestão de álcool pelo condutor ; Colisão com objeto ; Com Vítimas Feridas ; Plena Noite ; Crescente ; Céu Claro ; Múltipla ; Reta ; Sim ;1;0;1;0;0;0;1;1;-27,64443;-48,67057; SPRF-SC ; DEL01-SC ; UOP02-DEL01-SC 
501642;2023-01-28; sábado ; 03:10:00 ; RJ ;101;578; PARATY ; Ingestão de álcool pelo condutor ; Saída de leito carroçável ; Com Vítimas Fatais ; Plena Noite ; Decrescente ; Nublado ; Simples ; Curva ; Não ;1;1;0;0;0;0;0;1;-23,23539058;-44,71182799; SPRF-RJ ; DEL03-RJ ; UOP01-DEL03-RJ 
501643;2023-01-28; sábado ; 04:50:00 ; PI ;343;284,1; CAMPO MAIOR ; Animais na Pista ; Atropelamento de Animal ; Com Vítimas Feridas ; Amanhecer ; Decrescente ; Céu Claro ; Simples ; Reta ; Não ;3;0;1;0;2;0;1;2;-4,931725;-42,294971; SPRF-PI ; DEL01-PI ; UOP03-DEL01-PI 
501645;2023-01-28; sábado ; 05:30:00 ; TO ;230;44; NAZARE ; Demais falhas mecânicas ou elétricas ; Saída de leito carroçável ; Com Vítimas Feridas ; Amanhecer ; Decrescente ; Céu Claro ; Simples ; Reta ; Não ;3;0;1;0;2;0;1;2;-6,3613202105;-47,7162532689; SPRF-TO ; DEL02-TO ; UOP03-DEL02-TO 
501648;2023-01-28; sábado ; 06:15:00 ; BA ;242;685; MUQUEM DE SAO FRANCISCO ; Frear bruscamente ; Saída de leito carroçável ; Com Vítimas Feridas ; Amanhecer ; Crescente ; Chuva ; Simples ; Reta ; Sim ;4;0;0;1;3;0;1;1;-12,21621626;-43,86072402; SPRF-BA ; DEL10-BA ; UOP02-DEL10-BA 
501649;2023-01-28; sábado ; 05:30:00 ; PR ;376;73; GUAIRACA ; Ausência de reação do condutor ; Colisão lateral mesmo sentido ; Com Vítimas Feridas ; Amanhecer ; Crescente ; Céu Claro ; Simples ; Reta ; Não ;2;0;1;0;1;0;1;2;-22,94846018;-52,71403409; SPRF-PR ; DEL09-PR ; UOP02-DEL09-PR 
501650;2023-01-28; sábado ; 06:30:00 ; PR ;373;178; PONTA GROSSA ; Acessar a via sem observar a presença dos outros veículos ; Colisão transversal ; Com Vítimas Feridas ; Pleno dia ; Decrescente ; Céu Claro ; Dupla ; Curva ; Sim ;4;0;2;1;0;1;3;2;-25,05025485;-50,23418475; SPRF-PR ; DEL03-PR ; UOP01-DEL03-PR 
501651;2023-01-28; sábado ; 05:00:00 ; SC ;101;160; TIJUCAS ; Condutor Dormindo ; Saída de leito carroçável ; Sem Vítimas ; Plena Noite ; Crescente ; Céu Claro ; Dupla ; Não Informado ; Sim ;1;0;0;0;0;1;0;1;-27,20831288;-48,61987922; SPRF-SC ; DEL04-SC ; UOP03-DEL04-SC 
501652;2023-01-28; sábado ; 02:30:00 ; SC ;470;141; RIO DO SUL ; Velocidade Incompatível ; Colisão com objeto ; Sem Vítimas ; Plena Noite ; Crescente ; Nublado ; Simples ; Não Informado ; Sim ;2;0;0;0;2;0;0;1;-27,226065;-49,666161; SPRF-SC ; DEL04-SC ; UOP02-DEL04-SC 
501653;2023-01-28; sábado ; 06:10:00 ; SP ;153;292,8; OCAUCU ; Condutor Dormindo ; Saída de leito carroçável ; Com Vítimas Feridas ; Amanhecer ; Decrescente ; Céu Claro ; Simples ; Reta ; Não ;1;0;1;0;0;0;1;1;-22,509779;-49,88947874;NA;NA;NA
501654;2023-01-28; sábado ; 06:55:00 ; PR ;369;435,2; UBIRATA ; Desrespeitar a preferência no cruzamento ; Colisão transversal ; Com Vítimas Feridas ; Pleno dia ; Crescente ; Céu Claro ; Simples ; Interseção de vias ; Não ;4;0;3;0;1;0;3;2;-24,48871077;-52,89389133; SPRF-PR ; DEL04-PR ; UOP03-DEL04-PR 
501655;2023-01-28; sábado ; 06:50:00 ; SC ;101;160; TIJUCAS ; Ausência de reação do condutor ; Saída de leito carroçável ; Sem Vítimas ; Pleno dia ; Decrescente ; Céu Claro ; Dupla ; Reta ; Sim ;1;0;0;0;0;1;0;1;-27,20831288;-48,61987922; SPRF-SC ; DEL04-SC ; UOP03-DEL04-SC 
501657;2023-01-28; sábado ; 07:10:00 ; PE ;232;8; RECIFE ; Manobra de mudança de faixa ; Colisão lateral mesmo sentido ; Com Vítimas Feridas ; Pleno dia ; Crescente ; Céu Claro ; Simples ; Não Informado ; Sim ;2;0;1;0;0;1;1;2;-8,07583727;-34,97015791; SPRF-PE ; DEL01-PE ; UOP01-DEL01-PE 
501658;2023-01-08; domingo ; 10:30:00 ; RJ ;101;302,6; SAO GONCALO ; Ausência de reação do condutor ; Capotamento ; Com Vítimas Feridas ; Pleno dia ; Crescente ; Nublado ; Dupla ; Reta ; Não ;2;0;2;0;0;0;2;1;-22,78069318;-42,96706396; SPRF-RJ ; DEL02-RJ ; UOP02-DEL02-RJ 
501659;2023-01-28; sábado ; 06:30:00 ; RS ;386;312; MARQUES DE SOUZA ; Ausência de reação do condutor ; Capotamento ; Com Vítimas Feridas ; Amanhecer ; Crescente ; Céu Claro ; Simples ; Reta ; Não ;3;0;2;0;1;0;2;1;-29,227364;-52,154915; SPRF-RS ; DEL04-RS ; UOP01-DEL04-RS 
501660;2023-01-28; sábado ; 07:20:00 ; RS ;386;103; SAO JOSE DAS MISSOES ; Ausência de reação do condutor ; Saída de leito carroçável ; Com Vítimas Feridas ; Pleno dia ; Crescente ; Céu Claro ; Simples ; Curva ; Não ;3;0;3;0;0;0;3;1;-27,765408;-53,093311; SPRF-RS ; DEL08-RS ; UOP01-DEL08-RS 
501661;2023-01-28; sábado ; 07:10:00 ; PE ;232;403; SERRA TALHADA ; Animais na Pista ; Atropelamento de Animal ; Com Vítimas Feridas ; Pleno dia ; Crescente ; Céu Claro ; Simples ; Reta ; Não ;2;0;2;0;0;0;2;1;-8,00147098;-38,24433438; SPRF-PE ; DEL04-PE ; UOP01-DEL04-PE 
501662;2023-01-28; sábado ; 07:00:00 ; RS ;392;121,4; CANGUCU ; Frear bruscamente ; Saída de leito carroçável ; Sem Vítimas ; Pleno dia ; Decrescente ; Céu Claro ; Simples ; Reta ; Não ;1;0;0;0;0;1;0;1;-31,39134151;-52,69918993; SPRF-RS ; DEL07-RS ; UOP01-DEL07-RS 
501663;2023-01-27; sexta-feira ; 19:40:00 ; RJ ;116;197; QUEIMADOS ; Reação tardia ou ineficiente do condutor ; Saída de leito carroçável ; Com Vítimas Feridas ; Plena Noite ; Crescente ; Nublado ; Dupla ; Reta ; Sim ;1;0;1;0;0;0;1;1;-22,72980637;-43,56512004; SPRF-RJ ; DEL01-RJ ; UOP02-DEL01-RJ 
501664;2023-01-28; sábado ; 08:40:00 ; RJ ;101;323; NITEROI ; Condutor deixou de manter distância do veículo da frente ; Engavetamento ; Com Vítimas Feridas ; Pleno dia ; Decrescente ; Céu Claro ; Dupla ; Reta ; Sim ;3;0;1;0;2;0;1;3;-22,87684786;-43,11728689; SPRF-RJ ; DEL02-RJ ; UOP01-DEL02-RJ 
501665;2023-01-28; sábado ; 08:15:00 ; MG ;381;803; SAO GONCALO DO SAPUCAI ; Condutor Dormindo ; Saída de leito carroçável ; Com Vítimas Feridas ; Pleno dia ; Crescente ; Nublado ; Dupla ; Não Informado ; Não ;5;0;5;0;0;0;5;1;-21,99042653;-45,66660933; SPRF-MG ; DEL16-MG ; UOP02-DEL16-MG 
501666;2023-01-28; sábado ; 08:30:00 ; SP ;101;35,1; UBATUBA ; Acessar a via sem observar a presença dos outros veículos ; Colisão transversal ; Com Vítimas Feridas ; Pleno dia ; Crescente ; Céu Claro ; Simples ; Não Informado ; Não ;6;0;1;0;5;0;1;2;-23,39312909;-45,0096811; SPRF-SP ; DEL06-SP ; UOP01-DEL06-SP 
501667;2023-01-28; sábado ; 08:25:00 ; SC ;280;58,7; GUARAMIRIM ; Reação tardia ou ineficiente do condutor ; Colisão traseira ; Com Vítimas Feridas ; Pleno dia ; Decrescente ; Céu Claro ; Dupla ; Reta ; Sim ;2;0;1;0;1;0;1;2;-26,47415593;-49,021211; SPRF-SC ; DEL03-SC ; UOP03-DEL03-SC 
501668;2023-01-28; sábado ; 08:30:00 ; PR ;277;730,1; FOZ DO IGUACU ; Ausência de reação do condutor ; Eventos atípicos ; Com Vítimas Feridas ; Pleno dia ; Decrescente ; Céu Claro ; Dupla ; Curva ; Sim ;3;0;1;0;1;1;1;2;-25,50826305;-54,59238593; SPRF-PR ; DEL05-PR ; UOP03-DEL05-PR 
501669;2023-01-28; sábado ; 08:00:00 ; PI ;316;4; TERESINA ; Ausência de reação do condutor ; Colisão com objeto ; Com Vítimas Feridas ; Pleno dia ; Crescente ; Céu Claro ; Dupla ; Curva ; Sim ;1;0;1;0;0;0;1;1;-5,13655894;-42,78900388; SPRF-PI ; DEL01-PI ; UOP02-DEL01-PI 
501670;2023-01-28; sábado ; 08:15:00 ; PR ;376;500; PONTA GROSSA ; Desrespeitar a preferência no cruzamento ; Colisão transversal ; Com Vítimas Feridas ; Pleno dia ; Crescente ; Céu Claro ; Simples ; Interseção de vias ; Sim ;2;0;0;1;1;0;1;2;-25,20185079;-50,07092178; SPRF-PR ; DEL03-PR ; UOP04-DEL03-PR 
501672;2023-01-28; sábado ; 08:38:00 ; PE ;232;9,2; RECIFE ; Condutor deixou de manter distância do veículo da frente ; Colisão traseira ; Sem Vítimas ; Pleno dia ; Decrescente ; Céu Claro ; Múltipla ; Não Informado ; Sim ;6;0;0;0;4;2;0;2;-8,07764447;-34,97863609; SPRF-PE ; DEL01-PE ; UOP01-DEL01-PE 
501673;2023-01-28; sábado ; 09:00:00 ; ES ;101;267,7; SERRA ; Trafegar com motocicleta (ou similar) entre as faixas ; Colisão traseira ; Com Vítimas Feridas ; Pleno dia ; Decrescente ; Sol ; Dupla ; Reta ; Sim ;2;0;0;1;1;0;1;2;-20,20676174;-40,2691412; SPRF-ES ; DEL02-ES ; UOP01-DEL02-ES 
501674;2023-01-21; sábado ; 04:30:00 ; MA ;316;551; CAXIAS ; Condutor deixou de manter distância do veículo da frente ; Colisão traseira ; Sem Vítimas ; Plena Noite ; Decrescente ; Céu Claro ; Dupla ; Rotatória ; Sim ;2;0;0;0;2;0;0;2;-4,886332;-43,353386; SPRF-MA ; DEL03-MA ; UOP02-DEL03-MA 
501675;2023-01-28; sábado ; 04:20:00 ; PB ;230;159,6; CAMPINA GRANDE ; Ingestão de álcool pelo condutor ; Saída de leito carroçável ; Sem Vítimas ; Plena Noite ; Crescente ; Ignorado ; Simples ; Não Informado ; Sim ;1;0;0;0;0;1;0;1;-7,250621;-35,934145; SPRF-PB ; DEL02-PB ; UOP01-DEL02-PB 