 id ; data_inversa ; dia_semana ; horario ; uf ; br ; km ; municipio ; causa_acidente ; tipo_acidente ; classificacao_acidente ; fase_dia ; sentido_via ; condicao_metereologica ; tipo_pista ; tracado_via ; uso_solo ; pessoas ; mortos ; feridos_leves ; feridos_graves ; ilesos ; ignorados ; feridos ; veiculos ; latitude ; longitude ; regional ; delegacia ; uop 
501677;2023-01-28; sábado ; 09:20:00 ; SP ;116;279; EMBU DAS ARTES ; Reação tardia ou ineficiente do condutor ; Colisão lateral mesmo sentido ; Com Vítimas Feridas ; Pleno dia ; Decrescente ; Nublado ; Dupla ; Reta ; Sim ;2;0;1;0;1;0;1;2;-23,66233697;-46,85292907; SPRF-SP ; DEL04-SP ; UOP01-DEL04-SP 
501678;2023-01-23; segunda-feira ; 13:10:00 ; PB ;230;26,5; JOAO PESSOA ; Ausência de reação do condutor ; Colisão traseira ; Com Vítimas Feridas ; Pleno dia ; Decrescente ; Céu Claro ; Dupla ; Reta ; Sim ;5;0;3;0;2;0;3;2;-7,1693;-34,8782; SPRF-PB ; DEL01-PB ; UOP01-DEL01-PB 
501680;2023-01-28; sábado ; 05:39:00 ; MS ;262;486,5; ANASTACIO ; Avarias e/ou desgaste excessivo no pneu ; Colisão com objeto ; Sem Vítimas ; Amanhecer ; Decrescente ; Nublado ; Simples ; Não Informado ; Não ;2;0;0;0;2;0;0;2;-20,49992853;-55,78029156; SPRF-MS ; DEL03-MS ; UOP01-DEL03-MS 
501686;2023-01-28; sábado ; 10:50:00 ; SC ;101;118,8; ITAJAI ; Condutor deixou de manter distância do veículo da frente ; Colisão traseira ; Com Vítimas Feridas ; Pleno dia ; Decrescente ; Céu Claro ; Múltipla ; Reta ; Sim ;3;0;1;0;2;0;1;3;-26,895859;-48,71903; SPRF-SC ; DEL04-SC ; UOP04-DEL04-SC 
501687;2023-01-28; sábado ; 10:50:00 ; SP ;381;33; ATIBAIA ; Ausência de reação do condutor ; Queda de ocupante de veículo ; Com Vítimas Feridas ; Pleno dia ; Crescente ; Sol ; Dupla ; Curva ; Sim ;1;0;1;0;0;0;1;1;-23,0728028004;-46,5667356192; SPRF-SP ; DEL03-SP ; UOP02-DEL03-SP 
501688;2023-01-28; sábado ; 10:45:00 ; PE ;232;173,2; BELO JARDIM ; Avarias e/ou desgaste excessivo no pneu ; Saída de leito carroçável ; Com Vítimas Fatais ; Pleno dia ; Decrescente ; Céu Claro ; Simples ; Reta ; Não ;3;1;0;2;0;0;2;1;-8,33916255;-36,36917103; SPRF-PE ; DEL03-PE ; UOP02-DEL03-PE 
501689;2023-01-28; sábado ; 11:05:00 ; RS ;116;150,1; CAXIAS DO SUL ; Condutor desrespeitou a iluminação vermelha do semáforo ; Colisão transversal ; Com Vítimas Feridas ; Pleno dia ; Decrescente ; Céu Claro ; Múltipla ; Reta ; Sim ;2;0;0;1;1;0;1;2;-29,17025278;-51,15915656; SPRF-RS ; DEL05-RS ; UOP01-DEL05-RS 
501690;2023-01-28; sábado ; 06:00:00 ; PE ;232;532; TERRA NOVA ; Condutor Dormindo ; Saída de leito carroçável ; Com Vítimas Feridas ; Pleno dia ; Crescente ; Céu Claro ; Simples ; Reta ; Não ;3;0;3;0;0;0;3;1;-8,07751073;-39,33189201; SPRF-PE ; DEL05-PE ; UOP01-DEL05-PE 
501693;2023-01-28; sábado ; 11:23:00 ; SC ;101;149; ITAPEMA ; Manobra de mudança de faixa ; Colisão traseira ; Com Vítimas Feridas ; Pleno dia ; Crescente ; Nublado ; Múltipla ; Reta ; Sim ;2;0;1;0;1;0;1;2;-27,1089649;-48,61277586; SPRF-SC ; DEL04-SC ; UOP03-DEL04-SC 
501695;2023-01-28; sábado ; 12:00:00 ; SC ;101;41; JOINVILLE ; Condutor deixou de manter distância do veículo da frente ; Colisão traseira ; Com Vítimas Feridas ; Pleno dia ; Crescente ; Céu Claro ; Dupla ; Reta ; Sim ;5;0;2;0;2;1;2;4;-26,28215489;-48,88973081; SPRF-SC ; DEL03-SC ; UOP01-DEL03-SC 
501696;2023-01-28; sábado ; 11:00:00 ; MG ;40;27; PARACATU ; Reação tardia ou ineficiente do condutor ; Saída de leito carroçável ; Sem Vítimas ; Pleno dia ; Decrescente ; Nublado ; Simples ; Curva ; Não ;1;0;0;0;0;1;0;1;-17,14410018;-46,95915098; SPRF-MG ; DEL14-MG ; UOP01-DEL14-MG 
501697;2023-01-28; sábado ; 12:30:00 ; MG ;381;451; SABARA ; Conversão proibida ; Colisão frontal ; Com Vítimas Feridas ; Pleno dia ; Crescente ; Sol ; Simples ; Curva ; Sim ;2;0;0;1;1;0;1;2;-19,83443777;-43,84985805; SPRF-MG ; DEL01-MG ; UOP01-DEL01-MG 
501698;2023-01-28; sábado ; 12:55:00 ; ES ;101;285; CARIACICA ; Retorno proibido ; Colisão transversal ; Com Vítimas Feridas ; Pleno dia ; Crescente ; Céu Claro ; Dupla ; Retorno Regulamentado ; Sim ;2;0;0;1;1;0;1;2;-20,25148171;-40,37270066; SPRF-ES ; DEL01-ES ; UOP01-DEL01-ES 
501700;2023-01-28; sábado ; 12:44:00 ; PB ;101;49,5; MAMANGUAPE ; Condutor Dormindo ; Saída de leito carroçável ; Com Vítimas Feridas ; Pleno dia ; Decrescente ; Céu Claro ; Dupla ; Reta ; Não ;1;0;1;0;0;0;1;1;-6,91464699;-35,11263198; SPRF-PB ; DEL01-PB ; UOP04-DEL01-PB 
501701;2023-01-28; sábado ; 13:15:00 ; MG ;40;638,8; CONSELHEIRO LAFAIETE ; Acumulo de água sobre o pavimento ; Saída de leito carroçável ; Com Vítimas Feridas ; Pleno dia ; Decrescente ; Chuva ; Simples ; Não Informado ; Não ;1;0;1;0;0;0;1;1;-20,72342022;-43,80026653; SPRF-MG ; DEL05-MG ; UOP02-DEL05-MG 
501702;2023-01-28; sábado ; 12:15:00 ; PR ;476;290,5; SAO MATEUS DO SUL ; Velocidade Incompatível ; Capotamento ; Com Vítimas Feridas ; Pleno dia ; Crescente ; Céu Claro ; Simples ; Reta ; Não ;1;0;1;0;0;0;1;1;-25,935797;-50,480778; SPRF-PR ; DEL02-PR ; UOP03-DEL02-PR 
501704;2023-01-28; sábado ; 13:00:00 ; MG ;381;791; SAO GONCALO DO SAPUCAI ; Velocidade Incompatível ; Saída de leito carroçável ; Com Vítimas Feridas ; Pleno dia ; Decrescente ; Nublado ; Dupla ; Curva ; Não ;4;0;2;0;2;0;2;1;-21,91694596;-45,58909701; SPRF-MG ; DEL16-MG ; UOP02-DEL16-MG 
501705;2023-01-28; sábado ; 08:00:00 ; PR ;153;363; RIO AZUL ; Ausência de reação do condutor ; Saída de leito carroçável ; Sem Vítimas ; Pleno dia ; Crescente ; Céu Claro ; Simples ; Reta ; Não ;1;0;0;0;0;1;0;1;-25,69335111;-50,77297891; SPRF-PR ; DEL08-PR ; UOP02-DEL08-PR 
501707;2023-01-21; sábado ; 06:55:00 ; GO ;40;4,9; VALPARAISO DE GOIAS ; Ausência de reação do condutor ; Colisão traseira ; Sem Vítimas ; Pleno dia ; Crescente ; Céu Claro ; Dupla ; Reta ; Sim ;2;0;0;0;2;0;0;2;-16,085241;-47,986752; SPRF-DF ; DEL01-DF ; UOP01-DEL01-DF 
501708;2023-01-28; sábado ; 11:45:00 ; RS ;468;84,5; CAMPO NOVO ; Acessar a via sem observar a presença dos outros veículos ; Colisão transversal ; Com Vítimas Feridas ; Pleno dia ; Crescente ; Céu Claro ; Simples ; Não Informado ; Não ;4;0;1;1;2;0;2;2;-27,59201797;-53,87237438; SPRF-RS ; DEL08-RS ; UOP02-DEL08-RS 
501710;2023-01-28; sábado ; 13:55:00 ; PR ;376;526; PONTA GROSSA ; Ingestão de álcool pelo condutor ; Colisão traseira ; Com Vítimas Feridas ; Pleno dia ; Crescente ; Céu Claro ; Dupla ; Não Informado ; Não ;2;0;0;1;1;0;1;2;-25,32138068;-49,87003076; SPRF-PR ; DEL03-PR ; UOP04-DEL03-PR 
501711;2023-01-28; sábado ; 13:30:00 ; RN ;406;18,3; MACAU ; Demais falhas mecânicas ou elétricas ; Saída de leito carroçável ; Com Vítimas Feridas ; Pleno dia ; Decrescente ; Céu Claro ; Simples ; Reta ; Não ;5;0;0;5;0;0;5;1;-5,196464;-36,492967; SPRF-RN ; DEL02-RN ; UOP01-DEL02-RN 
501712;2023-01-28; sábado ; 07:20:00 ; SC ;101;40; JOINVILLE ; Ingestão de álcool ou de substâncias psicoativas pelo pedestre ; Colisão com objeto ; Com Vítimas Feridas ; Pleno dia ; Crescente ; Sol ; Dupla ; Não Informado ; Sim ;3;0;2;0;1;0;2;1;-26,27176094;-48,89468382; SPRF-SC ; DEL03-SC ; UOP01-DEL03-SC 
501715;2023-01-28; sábado ; 14:00:00 ; DF ;70;11; BRASILIA ; Acumulo de água sobre o pavimento ; Saída de leito carroçável ; Com Vítimas Feridas ; Pleno dia ; Decrescente ; Chuva ; Dupla ; Reta ; Sim ;3;0;3;0;0;0;3;1;-15,789762;-48,148727; SPRF-DF ; DEL01-DF ; UOP03-DEL01-DF 
501716;2023-01-28; sábado ; 09:24:00 ; SC ;116;305,2; CAPAO ALTO ; Condutor deixou de manter distância do veículo da frente ; Colisão traseira ; Com Vítimas Feridas ; Pleno dia ; Decrescente ; Céu Claro ; Simples ; Não Informado ; Não ;6;0;3;0;3;0;3;2;-28,19840483;-50,72325701; SPRF-SC ; DEL05-SC ; UOP02-DEL05-SC 
501717;2023-01-28; sábado ; 07:30:00 ; RS ;285;254,8; GENTIL ; Mal súbito do condutor ; Saída de leito carroçável ; Com Vítimas Feridas ; Pleno dia ; Crescente ; Sol ; Simples ; Reta ; Não ;1;0;0;1;0;0;1;1;-28,302738;-52,020069; SPRF-RS ; DEL08-RS ; UOP03-DEL08-RS 
501719;2023-01-28; sábado ; 14:00:00 ; SP ;116;138; SAO JOSE DOS CAMPOS ; Manobra de mudança de faixa ; Colisão lateral mesmo sentido ; Com Vítimas Feridas ; Pleno dia ; Crescente ; Nublado ; Dupla ; Reta ; Sim ;3;0;1;0;2;0;1;2;-23,1572739;-45,79554605; SPRF-SP ; DEL02-SP ; UOP01-DEL02-SP 
501721;2023-01-28; sábado ; 12:00:00 ; SC ;470;3,8; NAVEGANTES ; Acessar a via sem observar a presença dos outros veículos ; Colisão transversal ; Com Vítimas Feridas ; Pleno dia ; Decrescente ; Céu Claro ; Simples ; Rotatória ; Sim ;2;0;1;0;1;0;1;2;-26,861937;-48,681618; SPRF-SC ; DEL04-SC ; UOP04-DEL04-SC 
501722;2023-01-28; sábado ; 14:40:00 ; RS ;290;44; GLORINHA ; Condutor Dormindo ; Saída de leito carroçável ; Com Vítimas Feridas ; Pleno dia ; Crescente ; Nublado ; Dupla ; Reta ; Não ;3;0;1;0;2;0;1;1;-29,889887;-50,699654; SPRF-RS ; DEL03-RS ; UOP01-DEL03-RS 
501724;2023-01-12; quinta-feira ; 14:10:00 ; SC ;163;68; SAO MIGUEL DO OESTE ; Acessar a via sem observar a presença dos outros veículos ; Colisão transversal ; Com Vítimas Feridas ; Pleno dia ; Decrescente ; Céu Claro ; Simples ; Reta ; Não ;2;0;1;1;0;0;2;2;-26,75038301;-53,50086841; SPRF-SC ; DEL07-SC ; UOP03-DEL07-SC 
501725;2023-01-28; sábado ; 14:40:00 ; SC ;101;202,1; SAO JOSE ; Manobra de mudança de faixa ; Colisão lateral mesmo sentido ; Com Vítimas Feridas ; Pleno dia ; Crescente ; Céu Claro ; Dupla ; Reta ; Sim ;3;0;0;2;1;0;2;2;-27,55711595;-48,61897889; SPRF-SC ; DEL01-SC ; UOP01-DEL01-SC 
501726;2023-01-28; sábado ; 10:10:00 ; CE ;116;535; PENAFORTE ; Transitar na contramão ; Colisão frontal ; Com Vítimas Feridas ; Pleno dia ; Crescente ; Céu Claro ; Dupla ; Não Informado ; Não ;3;0;0;2;1;0;2;2;-7,72348508;-39,04154186; SPRF-CE ; DEL05-CE ; UOP03-DEL05-CE 
501727;2023-01-28; sábado ; 13:15:00 ; GO ;60;464,9; JATAI ; Reação tardia ou ineficiente do condutor ; Saída de leito carroçável ; Com Vítimas Feridas ; Pleno dia ; Crescente ; Céu Claro ; Dupla ; Reta ; Não ;5;0;1;0;4;0;1;1;-17,883;-51,6488; SPRF-GO ; DEL05-GO ; UOP01-DEL05-GO 
501728;2023-01-28; sábado ; 14:30:00 ; PB ;230;25; JOAO PESSOA ; Ausência de reação do condutor ; Tombamento ; Com Vítimas Feridas ; Pleno dia ; Decrescente ; Céu Claro ; Dupla ; Não Informado ; Sim ;1;0;1;0;0;0;1;1;-7,1707;-34,8684; SPRF-PB ; DEL01-PB ; UOP01-DEL01-PB 
501729;2023-01-28; sábado ; 11:30:00 ; MA ;316;398,7; ALTO ALEGRE DO MARANHAO ; Condutor deixou de manter distância do veículo da frente ; Colisão traseira ; Com Vítimas Feridas ; Pleno dia ; Decrescente ; Céu Claro ; Simples ; Reta ; Sim ;8;0;5;0;3;0;5;3;-4,195346;-44,473213; SPRF-MA ; DEL03-MA ; UOP01-DEL03-MA 
501731;2023-01-28; sábado ; 15:00:00 ; SC ;101;144; ITAPEMA ; Condutor deixou de manter distância do veículo da frente ; Colisão lateral mesmo sentido ; Com Vítimas Feridas ; Pleno dia ; Decrescente ; Sol ; Dupla ; Reta ; Sim ;5;0;2;0;3;0;2;4;-27,0732659;-48,59672716; SPRF-SC ; DEL04-SC ; UOP03-DEL04-SC 
501733;2023-01-28; sábado ; 14:30:00 ; PB ;412;108; SUME ; Ausência de reação do condutor ; Colisão transversal ; Com Vítimas Feridas ; Pleno dia ; Crescente ; Céu Claro ; Dupla ; Reta ; Sim ;2;0;1;0;1;0;1;2;-7,67108169;-36,87760949; SPRF-PB ; DEL02-PB ; UOP02-DEL02-PB 
501736;2023-01-27; sexta-feira ; 22:20:00 ; SC ;282;526; XAXIM ; Demais falhas mecânicas ou elétricas ; Colisão com objeto ; Sem Vítimas ; Plena Noite ; Decrescente ; Céu Claro ; Simples ; Reta ; Não ;2;0;0;0;2;0;0;2;-26,969427;-52,57497; SPRF-SC ; DEL07-SC ; UOP01-DEL07-SC 
501737;2023-01-28; sábado ; 15:00:00 ; ES ;262;158; IBATIBA ; Condutor deixou de manter distância do veículo da frente ; Colisão traseira ; Com Vítimas Feridas ; Pleno dia ; Crescente ; Céu Claro ; Simples ; Reta ; Não ;3;0;2;0;1;0;2;2;-20,23111383;-41,49626094; SPRF-ES ; DEL01-ES ; UOP02-DEL01-ES 
501738;2023-01-28; sábado ; 15:59:00 ; RN ;101;101,4; PARNAMIRIM ; Ausência de reação do condutor ; Colisão traseira ; Com Vítimas Feridas ; Pleno dia ; Crescente ; Sol ; Múltipla ; Viaduto ; Sim ;3;0;1;1;1;0;2;3;-5,8870205;-35,23253202; SPRF-RN ; DEL01-RN ; UOP01-DEL01-RN 
501739;2023-01-28; sábado ; 16:00:00 ; RS ;116;245; SAO LEOPOLDO ; Reação tardia ou ineficiente do condutor ; Colisão traseira ; Com Vítimas Feridas ; Pleno dia ; Decrescente ; Garoa/Chuvisco ; Dupla ; Não Informado ; Sim ;5;0;1;0;4;0;1;2;-29,74980902;-51,15125361; SPRF-RS ; DEL01-RS ; UOP02-DEL01-RS 
501740;2023-01-28; sábado ; 14:30:00 ; PR ;369;239; JANDAIA DO SUL ; Pista Escorregadia ; Tombamento ; Com Vítimas Feridas ; Pleno dia ; Crescente ; Nublado ; Simples ; Não Informado ; Não ;1;0;1;0;0;0;1;1;-23,67565612;-51,69548035; SPRF-PR ; DEL09-PR ; UOP01-DEL09-PR 
501741;2023-01-28; sábado ; 14:40:00 ; MG ;50;175; UBERABA ; Reação tardia ou ineficiente do condutor ; Colisão traseira ; Sem Vítimas ; Pleno dia ; Decrescente ; Céu Claro ; Dupla ; Reta ; Não ;3;0;0;0;3;0;0;2;-19,77880359;-47,9695118; SPRF-MG ; DEL13-MG ; UOP01-DEL13-MG 
501742;2023-01-28; sábado ; 14:10:00 ; RS ;290;51; GLORINHA ; Avarias e/ou desgaste excessivo no pneu ; Queda de ocupante de veículo ; Com Vítimas Feridas ; Pleno dia ; Decrescente ; Céu Claro ; Dupla ; Reta ; Não ;2;0;2;0;0;0;2;1;-29,909935;-50,767315; SPRF-RS ; DEL03-RS ; UOP01-DEL03-RS 
501743;2023-01-28; sábado ; 14:40:00 ; GO ;153;416,7; PIRENOPOLIS ; Avarias e/ou desgaste excessivo no pneu ; Saída de leito carroçável ; Com Vítimas Feridas ; Pleno dia ; Decrescente ; Céu Claro ; Simples ; Reta ; Não ;2;0;0;1;1;0;1;1;-16,1680507;-49,04321107; SPRF-GO ; DEL02-GO ; UOP01-DEL02-GO 
501744;2023-01-28; sábado ; 15:30:00 ; RJ ;40;1; COMENDADOR LEVY GASPARIAN ; Velocidade Incompatível ; Capotamento ; Com Vítimas Feridas ; Pleno dia ; Decrescente ; Nublado ; Dupla ; Curva ; Não ;5;0;4;0;1;0;4;1;-22,01067195;-43,25892193; SPRF-RJ ; DEL06-RJ ; UOP01-DEL06-RJ 
501745;2023-01-28; sábado ; 16:10:00 ; RS ;386;416; MONTENEGRO ; Demais Fenômenos da natureza ; Colisão com objeto ; Com Vítimas Feridas ; Pleno dia ; Crescente ; Chuva ; Simples ; Reta ; Não ;2;0;2;0;0;0;2;1;-29,817648;-51,463001; SPRF-RS ; DEL01-RS ; UOP01-DEL01-RS 
501746;2023-01-28; sábado ; 15:45:00 ; RJ ;116;138; DUQUE DE CAXIAS ; Acumulo de areia ou detritos sobre o pavimento ; Tombamento ; Com Vítimas Feridas ; Pleno dia ; Crescente ; Céu Claro ; Simples ; Curva ; Sim ;1;0;1;0;0;0;1;1;-22,64697319;-43,19165101; SPRF-RJ ; DEL01-RJ ; UOP01-DEL01-RJ 
501747;2023-01-28; sábado ; 16:00:00 ; MG ;262;448,3; NOVA SERRANA ; Condutor deixou de manter distância do veículo da frente ; Colisão traseira ; Com Vítimas Feridas ; Pleno dia ; Decrescente ; Céu Claro ; Simples ; Reta ; Sim ;4;0;2;0;2;0;2;2;-19,87174184;-44,96984197; SPRF-MG ; DEL08-MG ; UOP03-DEL08-MG 
501748;2023-01-28; sábado ; 16:20:00 ; PI ;343;345; TERESINA ; Conversão proibida ; Colisão transversal ; Com Vítimas Feridas ; Pleno dia ; Decrescente ; Céu Claro ; Dupla ; Interseção de vias ; Sim ;2;0;1;0;1;0;1;2;-5,102889;-42,766506; SPRF-PI ; DEL01-PI ; UOP01-DEL01-PI 
501750;2023-01-28; sábado ; 15:40:00 ; RS ;386;233,3; SOLEDADE ; Avarias e/ou desgaste excessivo no pneu ; Tombamento ; Com Vítimas Feridas ; Pleno dia ; Crescente ; Nublado ; Simples ; Reta ; Não ;2;0;2;0;0;0;2;1;-28,715521;-52,566353; SPRF-RS ; DEL04-RS ; UOP03-DEL04-RS 
501751;2023-01-28; sábado ; 16:10:00 ; PR ;376;270; MARILANDIA DO SUL ; Ingestão de álcool pelo condutor ; Colisão com objeto ; Com Vítimas Feridas ; Pleno dia ; Decrescente ; Céu Claro ; Dupla ; Reta ; Não ;1;0;1;0;0;0;1;1;-23,76530925;-51,27234759; SPRF-PR ; DEL07-PR ; UOP02-DEL07-PR 
501752;2023-01-28; sábado ; 15:00:00 ; GO ;452;47; RIO VERDE ; Desrespeitar a preferência no cruzamento ; Colisão transversal ; Com Vítimas Feridas ; Pleno dia ; Crescente ; Céu Claro ; Simples ; Interseção de vias ; Não ;4;0;1;0;3;0;1;2;-17,95640055;-50,50355945; SPRF-GO ; DEL04-GO ; UOP01-DEL04-GO 
501754;2023-01-28; sábado ; 17:15:00 ; MG ;381;505,5; BETIM ; Velocidade Incompatível ; Colisão com objeto ; Com Vítimas Feridas ; Pleno dia ; Crescente ; Nublado ; Dupla ; Não Informado ; Sim ;3;0;3;0;0;0;3;1;-20,04478441;-44,27276484; SPRF-MG ; DEL04-MG ; UOP03-DEL04-MG 
501755;2023-01-28; sábado ; 16:40:00 ; PR ;476;116; COLOMBO ; Condutor deixou de manter distância do veículo da frente ; Colisão traseira ; Com Vítimas Feridas ; Pleno dia ; Crescente ; Céu Claro ; Dupla ; Interseção de vias ; Sim ;2;0;1;0;1;0;1;2;-25,34936565;-49,1682083; SPRF-PR ; DEL01-PR ; UOP01-DEL01-PR 
501756;2023-01-28; sábado ; 17:20:00 ; SP ;116;209; GUARULHOS ; Ingestão de álcool pelo condutor ; Colisão traseira ; Sem Vítimas ; Pleno dia ; Crescente ; Chuva ; Múltipla ; Interseção de vias ; Sim ;4;0;0;0;4;0;0;2;-23,42511799;-46,40221101; SPRF-SP ; DEL01-SP ; UOP01-DEL01-SP 
501757;2023-01-28; sábado ; 16:10:00 ; PR ;277;591,9; CASCAVEL ; Condutor deixou de manter distância do veículo da frente ; Colisão traseira ; Sem Vítimas ; Pleno dia ; Crescente ; Céu Claro ; Simples ; Interseção de vias ; Sim ;3;0;0;0;2;1;0;2;-24,98473242;-53,46501885; SPRF-PR ; DEL04-PR ; UOP01-DEL04-PR 
501758;2023-01-28; sábado ; 16:10:00 ; MG ;40;816; MATIAS BARBOSA ; Ausência de reação do condutor ; Queda de ocupante de veículo ; Com Vítimas Feridas ; Pleno dia ; Decrescente ; Nublado ; Dupla ; Reta ; Não ;1;0;1;0;0;0;1;1;-21,90755681;-43,31493223; SPRF-MG ; DEL05-MG ; UOP01-DEL05-MG 
501760;2023-01-28; sábado ; 16:45:00 ; PE ;424;104,9; BREJAO ; Acesso irregular ; Colisão lateral mesmo sentido ; Com Vítimas Feridas ; Pleno dia ; Crescente ; Céu Claro ; Simples ; Desvio Temporário ; Não ;3;0;2;0;1;0;2;2;-8,98516988;-36,50939867; SPRF-PE ; DEL03-PE ; UOP01-DEL03-PE 
501761;2023-01-28; sábado ; 17:40:00 ; SP ;116;303; SAO LOURENCO DA SERRA ; Área urbana sem a presença de local apropriado para a travessia de pedestres ; Queda de ocupante de veículo ; Com Vítimas Feridas ; Anoitecer ; Decrescente ; Céu Claro ; Dupla ; Não Informado ; Sim ;1;0;0;1;0;0;1;1;-23,82760675;-46,92631345; SPRF-SP ; DEL04-SP ; UOP01-DEL04-SP 
501762;2023-01-28; sábado ; 14:57:00 ; PR ;277;46,7; MORRETES ; Manobra de mudança de faixa ; Colisão lateral mesmo sentido ; Com Vítimas Feridas ; Pleno dia ; Decrescente ; Céu Claro ; Dupla ; Reta ; Não ;3;0;2;0;1;0;2;2;-25,58170589;-48,87791023; SPRF-PR ; DEL01-PR ; UOP01-DEL01-PR 
501763;2023-01-28; sábado ; 17:15:00 ; GO ;50;180,2; CAMPO ALEGRE DE GOIAS ; Ausência de reação do condutor ; Colisão com objeto ; Sem Vítimas ; Pleno dia ; Decrescente ; Céu Claro ; Dupla ; Não Informado ; Não ;1;0;0;0;1;0;0;1;-17,4105;-47,787; SPRF-GO ; DEL06-GO ; UOP01-DEL06-GO 
501764;2023-01-28; sábado ; 16:00:00 ; SP ;381;73; SAO PAULO ; Reação tardia ou ineficiente do condutor ; Colisão com objeto ; Com Vítimas Feridas ; Pleno dia ; Crescente ; Chuva ; Dupla ; Curva ; Não ;1;0;1;0;0;0;1;1;-23,36553404;-46,55253934; SPRF-SP ; DEL03-SP ; UOP01-DEL03-SP 
501765;2023-01-22; domingo ; 17:30:00 ; RS ;386;435; NOVA SANTA RITA ; Desrespeitar a preferência no cruzamento ; Colisão transversal ; Com Vítimas Feridas ; Pleno dia ; Decrescente ; Céu Claro ; Dupla ; Rotatória ; Não ;3;0;1;0;2;0;1;2;-29,846369;-51,275738; SPRF-RS ; DEL01-RS ; UOP01-DEL01-RS 
501767;2023-01-28; sábado ; 17:10:00 ; RJ ;465;12; SEROPEDICA ; Manobra de mudança de faixa ; Colisão lateral sentido oposto ; Com Vítimas Feridas ; Anoitecer ; Crescente ; Chuva ; Simples ; Reta ; Sim ;2;0;1;0;1;0;1;2;-22,79609787;-43,64742164; SPRF-RJ ; DEL01-RJ ; UOP03-DEL01-RJ 
501768;2023-01-28; sábado ; 18:00:00 ; SP ;116;207; GUARULHOS ; Velocidade Incompatível ; Colisão frontal ; Com Vítimas Feridas ; Pleno dia ; Decrescente ; Chuva ; Múltipla ; Não Informado ; Sim ;1;0;0;1;0;0;1;1;-23,41972188;-46,3841920329; SPRF-SP ; DEL01-SP ; UOP01-DEL01-SP 
501769;2023-01-28; sábado ; 18:00:00 ; TO ;10;432; PALMAS ; Ausência de reação do condutor ; Colisão traseira ; Sem Vítimas ; Anoitecer ; Crescente ; Garoa/Chuvisco ; Dupla ; Retorno Regulamentado ; Não ;3;0;0;0;2;1;0;2;-10,25585889;-48,31112765; SPRF-TO ; DEL01-TO ; UOP03-DEL01-TO 
501772;2023-01-28; sábado ; 16:30:00 ; MT ;70;349; CAMPO VERDE ; Ingestão de álcool pelo condutor ; Colisão frontal ; Com Vítimas Feridas ; Pleno dia ; Crescente ; Nublado ; Simples ; Reta ; Não ;4;0;2;1;1;0;3;2;-15,51386613;-54,86303508; SPRF-MT ; DEL05-MT ; UOP02-DEL05-MT 
501774;2023-01-28; sábado ; 13:50:00 ; MS ;262;294,9; CAMPO GRANDE ; Ausência de reação do condutor ; Colisão com objeto ; Com Vítimas Feridas ; Pleno dia ; Decrescente ; Sol ; Simples ; Não Informado ; Não ;1;0;1;0;0;0;1;1;-20,50280096;-54,2492044; SPRF-MS ; DEL01-MS ; UOP01-DEL01-MS 
501776;2023-01-28; sábado ; 18:45:00 ; SP ;381;70; MAIRIPORA ; Ausência de reação do condutor ; Colisão com objeto ; Com Vítimas Feridas ; Anoitecer ; Decrescente ; Nublado ; Dupla ; Curva ; Não ;3;0;2;0;1;0;2;2;-23,34553108;-46,56787903; SPRF-SP ; DEL03-SP ; UOP01-DEL03-SP 
501777;2023-01-16; segunda-feira ; 13:00:00 ; BA ;30;385; BRUMADO ; Acessar a via sem observar a presença dos outros veículos ; Colisão transversal ; Com Vítimas Feridas ; Pleno dia ; Crescente ; Ignorado ; Simples ; Reta ; Não ;2;0;0;1;1;0;1;2;-14,15832766;-41,52355916; SPRF-BA ; DEL08-BA ; UOP01-DEL08-BA 
501781;2023-01-28; sábado ; 14:40:00 ; RS ;287;338; SAO VICENTE DO SUL ; Acumulo de água sobre o pavimento ; Saída de leito carroçável ; Com Vítimas Feridas ; Pleno dia ; Crescente ; Chuva ; Simples ; Curva ; Não ;5;0;4;1;0;0;5;1;-29,61409526;-54,68474865; SPRF-RS ; DEL12-RS ; UOP02-DEL12-RS 
501784;2023-01-28; sábado ; 17:00:00 ; RJ ;116;338; RESENDE ; Acumulo de água sobre o pavimento ; Saída de leito carroçável ; Com Vítimas Feridas ; Anoitecer ; Decrescente ; Chuva ; Dupla ; Reta ; Não ;1;0;1;0;0;0;1;1;-22,50881627;-44,68523485; SPRF-RJ ; DEL07-RJ ; UOP02-DEL07-RJ 
501785;2023-01-28; sábado ; 19:25:00 ; PI ;343;1; TERESINA ; Ausência de reação do condutor ; Colisão lateral mesmo sentido ; Com Vítimas Feridas ; Plena Noite ; Decrescente ; Céu Claro ; Dupla ; Não Informado ; Sim ;2;0;1;0;1;0;1;2;-5,089569;-42,802288; SPRF-PI ; DEL01-PI ; UOP01-DEL01-PI 
501786;2023-01-28; sábado ; 19:05:00 ; GO ;60;449; JATAI ; Ausência de reação do condutor ; Saída de leito carroçável ; Com Vítimas Feridas ; Anoitecer ; Decrescente ; Céu Claro ; Dupla ; Reta ; Não ;1;0;1;0;0;0;1;1;-17,8514;-51,5158; SPRF-GO ; DEL05-GO ; UOP01-DEL05-GO 