 id ; data_inversa ; dia_semana ; horario ; uf ; br ; km ; municipio ; causa_acidente ; tipo_acidente ; classificacao_acidente ; fase_dia ; sentido_via ; condicao_metereologica ; tipo_pista ; tracado_via ; uso_solo ; pessoas ; mortos ; feridos_leves ; feridos_graves ; ilesos ; ignorados ; feridos ; veiculos ; latitude ; longitude ; regional ; delegacia ; uop 
501787;2023-01-28; sábado ; 19:40:00 ; PE ;232;410; SERRA TALHADA ; Reação tardia ou ineficiente do condutor ; Colisão traseira ; Com Vítimas Feridas ; Plena Noite ; Crescente ; Céu Claro ; Simples ; Reta ; Não ;3;0;1;0;1;1;1;3;-7,98261841;-38,30039606; SPRF-PE ; DEL04-PE ; UOP01-DEL04-PE 
501788;2023-01-28; sábado ; 20:15:00 ; SP ;101;51,8; UBATUBA ; Trafegar com motocicleta (ou similar) entre as faixas ; Colisão frontal ; Com Vítimas Feridas ; Plena Noite ; Crescente ; Céu Claro ; Simples ; Reta ; Sim ;5;0;0;1;4;0;1;2;-23,4623355;-45,06476561; SPRF-SP ; DEL06-SP ; UOP01-DEL06-SP 
501789;2023-01-28; sábado ; 19:40:00 ; PB ;101;86,4; JOAO PESSOA ; Área urbana sem a presença de local apropriado para a travessia de pedestres ; Atropelamento de Pedestre ; Com Vítimas Feridas ; Plena Noite ; Decrescente ; Céu Claro ; Dupla ; Reta ; Sim ;2;0;0;1;0;1;1;1;-7,15118983;-34,91012184; SPRF-PB ; DEL01-PB ; UOP01-DEL01-PB 
501791;2023-01-28; sábado ; 19:20:00 ; PE ;428;140,7; PETROLINA ; Conversão proibida ; Colisão transversal ; Com Vítimas Feridas ; Plena Noite ; Decrescente ; Céu Claro ; Simples ; Curva ; Sim ;2;0;1;0;1;0;1;2;-9,00410765;-40,27235985; SPRF-PE ; DEL06-PE ; UOP03-DEL06-PE 
501792;2023-01-28; sábado ; 17:30:00 ; PE ;423;135; CARUARU ; Ausência de reação do condutor ; Colisão com objeto ; Sem Vítimas ; Plena Noite ; Crescente ; Céu Claro ; Dupla ; Reta ; Não ;2;0;0;0;1;1;0;1;-8,31071093;-36,03210926; SPRF-PE ; DEL03-PE ; UOP01-DEL03-PE 
501794;2023-01-28; sábado ; 20:00:00 ; ES ;101;264; SERRA ; Manobra de mudança de faixa ; Colisão lateral mesmo sentido ; Com Vítimas Feridas ; Plena Noite ; Crescente ; Céu Claro ; Dupla ; Interseção de vias ; Sim ;3;0;2;0;1;0;2;2;-20,17292791;-40,26736384; SPRF-ES ; DEL02-ES ; UOP01-DEL02-ES 
501795;2023-01-28; sábado ; 20:30:00 ; ES ;101;266; SERRA ; Condutor deixou de manter distância do veículo da frente ; Colisão traseira ; Com Vítimas Feridas ; Plena Noite ; Decrescente ; Céu Claro ; Dupla ; Reta ; Sim ;3;0;1;0;2;0;1;2;-20,190199;-40,26828891; SPRF-ES ; DEL02-ES ; UOP01-DEL02-ES 
501796;2023-01-28; sábado ; 20:40:00 ; PE ;101;68,8; RECIFE ; Pedestre cruzava a pista fora da faixa ; Atropelamento de Pedestre ; Com Vítimas Feridas ; Plena Noite ; Decrescente ; Céu Claro ; Múltipla ; Reta ; Sim ;2;0;1;0;0;1;1;1;-8,05074296;-34,94580619; SPRF-PE ; DEL01-PE ; UOP01-DEL01-PE 
501797;2023-01-28; sábado ; 20:30:00 ; SC ;470;57,8; BLUMENAU ; Acessar a via sem observar a presença dos outros veículos ; Colisão transversal ; Com Vítimas Feridas ; Plena Noite ; Crescente ; Céu Claro ; Simples ; Reta ; Sim ;2;0;1;0;1;0;1;2;-26,88379798;-49,14557678; SPRF-SC ; DEL04-SC ; UOP01-DEL04-SC 
501798;2023-01-28; sábado ; 16:00:00 ; RJ ;493;92; SEROPEDICA ; Chuva ; Saída de leito carroçável ; Com Vítimas Feridas ; Pleno dia ; Decrescente ; Chuva ; Dupla ; Reta ; Sim ;4;0;2;1;1;0;3;1;-22,66312575;-43,62361908; SPRF-RJ ; DEL01-RJ ; UOP04-DEL01-RJ 
501799;2023-01-28; sábado ; 20:47:00 ; RS ;116;247; SAO LEOPOLDO ; Reação tardia ou ineficiente do condutor ; Colisão traseira ; Com Vítimas Feridas ; Plena Noite ; Decrescente ; Nublado ; Dupla ; Curva ; Sim ;5;0;2;0;3;0;2;4;-29,76733091;-51,1535296; SPRF-RS ; DEL01-RS ; UOP02-DEL01-RS 
501801;2023-01-28; sábado ; 20:30:00 ; ES ;101;292,7; CARIACICA ; Ingestão de álcool pelo condutor ; Saída de leito carroçável ; Com Vítimas Fatais ; Plena Noite ; Crescente ; Céu Claro ; Dupla ; Reta ; Sim ;1;1;0;0;0;0;0;1;-20,30650512;-40,39488717; SPRF-ES ; DEL01-ES ; UOP01-DEL01-ES 
501802;2023-01-28; sábado ; 18:50:00 ; PI ;343;438,8; LAGOINHA DO PIAUI ; Ausência de reação do condutor ; Colisão traseira ; Com Vítimas Fatais ; Plena Noite ; Decrescente ; Nublado ; Simples ; Reta ; Não ;2;1;0;0;0;1;0;2;-5,843313;-42,624416; SPRF-PI ; DEL01-PI ; UOP02-DEL01-PI 
501803;2023-01-28; sábado ; 21:05:00 ; SC ;101;206,7; SAO JOSE ; Reação tardia ou ineficiente do condutor ; Colisão traseira ; Com Vítimas Feridas ; Plena Noite ; Crescente ; Nublado ; Múltipla ; Reta ; Sim ;5;0;1;0;4;0;1;2;-27,59193546;-48,61824557; SPRF-SC ; DEL01-SC ; UOP01-DEL01-SC 
501804;2023-01-21; sábado ; 03:00:00 ; BA ;415;56; ITABUNA ; Velocidade Incompatível ; Saída de leito carroçável ; Com Vítimas Feridas ; Plena Noite ; Decrescente ; Nevoeiro/Neblina ; Simples ; Curva ; Não ;2;0;0;2;0;0;2;1;-14,84910679;-39,38459158; SPRF-BA ; DEL05-BA ; UOP01-DEL05-BA 
501805;2023-01-28; sábado ; 21:10:00 ; PR ;376;4; APUCARANA ; Desrespeitar a preferência no cruzamento ; Colisão transversal ; Com Vítimas Feridas ; Plena Noite ; Decrescente ; Céu Claro ; Simples ; Não Informado ; Sim ;2;0;1;0;1;0;1;2;-23,5513;-51,461266; SPRF-PR ; DEL07-PR ; UOP03-DEL07-PR 
501807;2023-01-28; sábado ; 20:55:00 ; DF ;60;12,4; BRASILIA ; Velocidade Incompatível ; Engavetamento ; Com Vítimas Feridas ; Plena Noite ; Crescente ; Nublado ; Dupla ; Reta ; Sim ;7;0;1;0;6;0;1;3;-15,916267;-48,164268; SPRF-DF ; DEL01-DF ; UOP02-DEL01-DF 
501808;2023-01-28; sábado ; 21:14:00 ; MG ;381;491; BETIM ; Ausência de reação do condutor ; Colisão traseira ; Sem Vítimas ; Plena Noite ; Decrescente ; Nublado ; Dupla ; Curva ; Sim ;3;0;0;0;2;1;0;2;-19,9965179;-44,2090357; SPRF-MG ; DEL01-MG ; UOP03-DEL01-MG 
501809;2023-01-28; sábado ; 20:20:00 ; CE ;20;94,5; TAUA ; Ausência de reação do condutor ; Queda de ocupante de veículo ; Com Vítimas Fatais ; Pleno dia ; Decrescente ; Céu Claro ; Simples ; Reta ; Não ;1;1;0;0;0;0;0;1;-5,92908888;-40,22749409; SPRF-CE ; DEL02-CE ; UOP02-DEL02-CE 
501810;2023-01-28; sábado ; 20:10:00 ; SC ;101;105,9; PENHA ; Reação tardia ou ineficiente do condutor ; Tombamento ; Com Vítimas Feridas ; Plena Noite ; Decrescente ; Céu Claro ; Simples ; Curva ; Não ;1;0;1;0;0;0;1;1;-26,81204473;-48,68308067; SPRF-SC ; DEL03-SC ; UOP02-DEL03-SC 
501812;2023-01-28; sábado ; 16:00:00 ; RO ;421;51; MONTE NEGRO ; Ingestão de álcool pelo condutor ; Colisão traseira ; Com Vítimas Feridas ; Anoitecer ; Crescente ; Chuva ; Simples ; Reta ; Não ;3;0;1;1;1;0;2;2;-10,270235;-63,300957; SPRF-RO ; DEL03-RO ; UOP01-DEL03-RO 
501813;2023-01-28; sábado ; 20:45:00 ; SC ;101;148; ITAPEMA ; Pedestre andava na pista ; Atropelamento de Pedestre ; Com Vítimas Feridas ; Plena Noite ; Crescente ; Nublado ; Múltipla ; Reta ; Sim ;2;0;1;1;0;0;2;1;-27,10123686;-48,61807962; SPRF-SC ; DEL04-SC ; UOP03-DEL04-SC 
501814;2023-01-28; sábado ; 21:15:00 ; SC ;282;225; LAGES ; Ingestão de álcool pelo condutor ; Colisão frontal ; Sem Vítimas ; Plena Noite ; Crescente ; Céu Claro ; Simples ; Não Informado ; Sim ;2;0;0;0;2;0;0;2;-27,795473;-50,389488; SPRF-SC ; DEL05-SC ; UOP02-DEL05-SC 
501815;2023-01-28; sábado ; 20:30:00 ; PI ;343;268; CAMPO MAIOR ; Ausência de reação do condutor ; Colisão frontal ; Com Vítimas Feridas ; Plena Noite ; Crescente ; Céu Claro ; Simples ; Reta ; Sim ;2;0;0;2;0;0;2;2;-4,842865;-42,187584; SPRF-PI ; DEL01-PI ; UOP03-DEL01-PI 
501816;2023-01-28; sábado ; 18:03:00 ; SP ;116;3,2; QUELUZ ; Chuva ; Capotamento ; Sem Vítimas ; Plena Noite ; Decrescente ; Chuva ; Dupla ; Reta ; Não ;2;0;0;0;2;0;0;1;-22,52383208;-44,72621799; SPRF-SP ; DEL08-SP ; UOP02-DEL08-SP 
501817;2023-01-28; sábado ; 21:45:00 ; RJ ;40;111; DUQUE DE CAXIAS ; Reação tardia ou ineficiente do condutor ; Tombamento ; Com Vítimas Feridas ; Plena Noite ; Crescente ; Nublado ; Dupla ; Reta ; Sim ;2;0;1;0;0;1;1;2;-22,691868;-43,287453; SPRF-RJ ; DEL01-RJ ; UOP01-DEL01-RJ 
501818;2023-01-28; sábado ; 20:20:00 ; RS ;287;282,5; SAO PEDRO DO SUL ; Reação tardia ou ineficiente do condutor ; Tombamento ; Com Vítimas Feridas ; Plena Noite ; Decrescente ; Nublado ; Simples ; Rotatória ; Sim ;2;0;1;1;0;0;2;1;-29,63672746;-54,18536961; SPRF-RS ; DEL09-RS ; UOP01-DEL09-RS 
501819;2023-01-28; sábado ; 21:20:00 ; GO ;364;58; CACHOEIRA ALTA ; Ausência de reação do condutor ; Saída de leito carroçável ; Sem Vítimas ; Plena Noite ; Crescente ; Chuva ; Simples ; Reta ; Não ;1;0;0;0;0;1;0;1;-18,750378;-50,936588; SPRF-GO ; DEL05-GO ; UOP02-DEL05-GO 
501820;2023-01-28; sábado ; 18:30:00 ; PR ;277;164; PALMEIRA ; Ausência de reação do condutor ; Saída de leito carroçável ; Sem Vítimas ; Pleno dia ; Crescente ; Céu Claro ; Simples ; Reta ; Não ;1;0;0;0;1;0;0;1;-25,450667;-49,949278; SPRF-PR ; DEL03-PR ; UOP03-DEL03-PR 
501821;2023-01-28; sábado ; 19:00:00 ; AC ;364;1; ACRELANDIA ; Animais na Pista ; Atropelamento de Animal ; Com Vítimas Feridas ; Plena Noite ; Crescente ; Chuva ; Simples ; Reta ; Não ;2;0;2;0;0;0;2;1;-9,80578064;-66,85446029; SPRF-AC ; N/A ; UOP03-DEL01-AC 
501822;2023-01-28; sábado ; 20:45:00 ; RJ ;116;329; ITATIAIA ; Condutor deixou de manter distância do veículo da frente ; Colisão lateral mesmo sentido ; Com Vítimas Fatais ; Plena Noite ; Decrescente ; Chuva ; Dupla ; Reta ; Não ;2;1;1;0;0;0;1;2;-22,50466912;-44,606568; SPRF-RJ ; DEL07-RJ ; UOP02-DEL07-RJ 
501824;2023-01-28; sábado ; 20:50:00 ; PE ;104;34; TORITAMA ; Demais falhas mecânicas ou elétricas ; Incêndio ; Sem Vítimas ; Plena Noite ; Decrescente ; Céu Claro ; Dupla ; Não Informado ; Não ;1;0;0;0;0;1;0;1;-8,035022;-36,052402; SPRF-PE ; DEL02-PE ; UOP01-DEL02-PE 
501826;2023-01-28; sábado ; 20:00:00 ; RS ;116;17,6; VACARIA ; Ingestão de álcool pelo condutor ; Saída de leito carroçável ; Com Vítimas Feridas ; Plena Noite ; Crescente ; Céu Claro ; Simples ; Curva ; Não ;1;0;1;0;0;0;1;1;-28,34419591;-50,81682206; SPRF-RS ; DEL05-RS ; UOP03-DEL05-RS 
501828;2023-01-28; sábado ; 23:06:00 ; PI ;343;7; PARNAIBA ; Ingestão de álcool pelo condutor ; Saída de leito carroçável ; Sem Vítimas ; Plena Noite ; Crescente ; Céu Claro ; Simples ; Reta ; Sim ;1;0;0;0;1;0;0;1;-2,898051;-41,714767; SPRF-PI ; DEL05-PI ; UOP01-DEL05-PI 
501829;2023-01-28; sábado ; 17:00:00 ; RJ ;116;316; ITATIAIA ; Reação tardia ou ineficiente do condutor ; Colisão frontal ; Com Vítimas Feridas ; Pleno dia ; Crescente ; Chuva ; Dupla ; Curva ; Não ;2;0;2;0;0;0;2;2;-22,46560057;-44,49102813; SPRF-RJ ; DEL07-RJ ; UOP02-DEL07-RJ 
501830;2023-01-28; sábado ; 22:25:00 ; GO ;40;5; VALPARAISO DE GOIAS ; Acessar a via sem observar a presença dos outros veículos ; Colisão lateral mesmo sentido ; Sem Vítimas ; Plena Noite ; Crescente ; Nublado ; Dupla ; Não Informado ; Sim ;2;0;0;0;2;0;0;2;-16,093134;-47,982236; SPRF-DF ; DEL01-DF ; UOP01-DEL01-DF 
501832;2023-01-28; sábado ; 20:30:00 ; MG ;40;517; RIBEIRAO DAS NEVES ; Velocidade Incompatível ; Colisão com objeto ; Com Vítimas Feridas ; Plena Noite ; Decrescente ; Céu Claro ; Dupla ; Reta ; Não ;2;0;1;0;1;0;1;1;-19,82351202;-44,08438913; SPRF-MG ; DEL01-MG ; UOP02-DEL01-MG 
501835;2023-01-28; sábado ; 23:52:00 ; PB ;230;16; JOAO PESSOA ; Acessar a via sem observar a presença dos outros veículos ; Colisão traseira ; Sem Vítimas ; Plena Noite ; Decrescente ; Céu Claro ; Dupla ; Não Informado ; Sim ;4;0;0;0;2;2;0;4;-7,1039;-34,8458; SPRF-PB ; DEL01-PB ; UOP01-DEL01-PB 
501837;2023-01-28; sábado ; 23:55:00 ; MG ;262;34,3; MANHUACU ; Ausência de sinalização ; Colisão com objeto ; Com Vítimas Feridas ; Plena Noite ; Decrescente ; Nublado ; Simples ; Curva ; Sim ;1;0;0;1;0;0;1;1;-20,25692664;-42,01099203; SPRF-MG ; DEL06-MG ; UOP03-DEL06-MG 
501838;2023-01-28; sábado ; 21:40:00 ; MT ;163;847; SINOP ; Ausência de reação do condutor ; Saída de leito carroçável ; Com Vítimas Feridas ; Plena Noite ; Decrescente ; Céu Claro ; Simples ; Reta ; Não ;1;0;0;1;0;0;1;1;-11,76345745;-55,46959184; SPRF-MT ; DEL06-MT ; UOP02-DEL06-MT 
501839;2023-01-29; domingo ; 00:40:00 ; SC ;101;202; SAO JOSE ; Ingestão de álcool pelo condutor ; Colisão com objeto ; Com Vítimas Feridas ; Plena Noite ; Crescente ; Céu Claro ; Múltipla ; Interseção de vias ; Sim ;1;0;1;0;0;0;1;1;-27,55711595;-48,61897889; SPRF-SC ; DEL01-SC ; UOP01-DEL01-SC 
501840;2023-01-29; domingo ; 01:30:00 ; ES ;101;233; FUNDAO ; Demais falhas mecânicas ou elétricas ; Tombamento ; Com Vítimas Feridas ; Plena Noite ; Crescente ; Nublado ; Simples ; Reta ; Não ;2;0;2;0;0;0;2;1;-19,961042;-40,406889; SPRF-ES ; DEL02-ES ; UOP01-DEL02-ES 
501841;2023-01-29; domingo ; 01:00:00 ; PR ;116;81; PIRAQUARA ; Ingestão de álcool pelo condutor ; Colisão lateral mesmo sentido ; Sem Vítimas ; Plena Noite ; Crescente ; Céu Claro ; Dupla ; Reta ; Não ;2;0;0;0;2;0;0;2;-25,424358;-49,075352; SPRF-PR ; DEL01-PR ; UOP07-DEL01-PR 
501842;2023-01-29; domingo ; 00:10:00 ; PI ;316;5,8; TERESINA ; Ausência de reação do condutor ; Queda de ocupante de veículo ; Com Vítimas Feridas ; Plena Noite ; Crescente ; Céu Claro ; Múltipla ; Reta ; Sim ;3;0;2;0;0;1;2;2;-5,14169858;-42,78157276; SPRF-PI ; DEL01-PI ; UOP02-DEL01-PI 
501843;2023-01-28; sábado ; 23:47:00 ; SP ;116;56; GUARATINGUETA ; Reação tardia ou ineficiente do condutor ; Engavetamento ; Com Vítimas Feridas ; Plena Noite ; Decrescente ; Céu Claro ; Múltipla ; Reta ; Não ;9;0;1;0;8;0;1;3;-22,76904403;-45,13040598; SPRF-SP ; DEL08-SP ; UOP02-DEL08-SP 
501844;2023-01-29; domingo ; 00:05:00 ; SC ;282;16; PALHOCA ; Pedestre cruzava a pista fora da faixa ; Atropelamento de Pedestre ; Com Vítimas Feridas ; Plena Noite ; Crescente ; Céu Claro ; Simples ; Reta ; Não ;2;0;1;0;1;0;1;1;-27,658611;-48,681847; SPRF-SC ; DEL01-SC ; UOP02-DEL01-SC 
501845;2023-01-29; domingo ; 01:50:00 ; PR ;116;122; CURITIBA ; Reação tardia ou ineficiente do condutor ; Colisão transversal ; Com Vítimas Feridas ; Plena Noite ; Decrescente ; Céu Claro ; Dupla ; Reta ; Sim ;4;0;1;0;2;1;1;2;-25,56857207;-49,31023179; SPRF-PR ; DEL01-PR ; UOP03-DEL01-PR 
501846;2023-01-28; sábado ; 22:25:00 ; MT ;174;4; PONTES E LACERDA ; Conversão proibida ; Colisão frontal ; Com Vítimas Feridas ; Plena Noite ; Decrescente ; Céu Claro ; Simples ; Não Informado ; Sim ;2;0;1;0;1;0;1;2;-15,226537;-59,335728; SPRF-MT ; DEL04-MT ; UOP01-DEL04-MT 
501847;2023-01-28; sábado ; 23:00:00 ; MT ;174;277; PONTES E LACERDA ; Iluminação deficiente ; Colisão traseira ; Com Vítimas Feridas ; Plena Noite ; Crescente ; Céu Claro ; Simples ; Não Informado ; Não ;2;0;2;0;0;0;2;2;-15,31311891;-59,24466094; SPRF-MT ; DEL04-MT ; UOP01-DEL04-MT 
501848;2023-01-29; domingo ; 02:00:00 ; SC ;470;10,5; NAVEGANTES ; Transitar na contramão ; Colisão frontal ; Sem Vítimas ; Plena Noite ; Crescente ; Céu Claro ; Simples ; Reta ; Não ;2;0;0;0;2;0;0;2;-26,833693;-48,73724; SPRF-SC ; DEL04-SC ; UOP04-DEL04-SC 
501849;2023-01-29; domingo ; 01:05:00 ; PR ;277;94,7; CURITIBA ; Velocidade Incompatível ; Colisão com objeto ; Com Vítimas Feridas ; Plena Noite ; Decrescente ; Céu Claro ; Dupla ; Curva ; Sim ;1;0;0;1;0;0;1;1;-25,55282988;-49,27722493; SPRF-PR ; DEL01-PR ; UAP06-DEL01-PR 
501850;2023-01-29; domingo ; 03:30:00 ; MG ;381;521,3; BRUMADINHO ; Velocidade Incompatível ; Saída de leito carroçável ; Com Vítimas Feridas ; Plena Noite ; Crescente ; Nublado ; Dupla ; Não Informado ; Não ;2;0;1;0;1;0;1;1;-20,13846621;-44,31715274; SPRF-MG ; DEL04-MG ; UOP03-DEL04-MG 
501851;2023-01-29; domingo ; 03:30:00 ; SP ;116;441; REGISTRO ; Animais na Pista ; Atropelamento de Animal ; Com Vítimas Feridas ; Plena Noite ; Crescente ; Céu Claro ; Dupla ; Reta ; Não ;1;0;1;0;0;0;1;1;-24,4688528;-47,82223728; SPRF-SP ; DEL05-SP ; UOP01-DEL05-SP 
501852;2023-01-29; domingo ; 03:00:00 ; MG ;40;661,3; CARANDAI ; Velocidade Incompatível ; Tombamento ; Com Vítimas Feridas ; Plena Noite ; Crescente ; Nublado ; Simples ; Reta ; Não ;1;0;0;1;0;0;1;1;-20,90511396;-43,82787922; SPRF-MG ; DEL05-MG ; UOP02-DEL05-MG 
501853;2023-01-29; domingo ; 04:15:00 ; PE ;232;24; MORENO ; Condutor Dormindo ; Saída de leito carroçável ; Sem Vítimas ; Plena Noite ; Crescente ; Céu Claro ; Múltipla ; Não Informado ; Não ;2;0;0;0;0;2;0;1;-8,104882;-35,103475; SPRF-PE ; DEL01-PE ; UOP01-DEL01-PE 
501855;2023-01-29; domingo ; 04:30:00 ; RS ;386;154,8; ALMIRANTE TAMANDARE DO SUL ; Reação tardia ou ineficiente do condutor ; Tombamento ; Com Vítimas Feridas ; Plena Noite ; Crescente ; Nublado ; Simples ; Não Informado ; Não ;1;0;1;0;0;0;1;1;-28,11309562;-52,85767078; SPRF-RS ; DEL08-RS ; UOP01-DEL08-RS 
501856;2023-01-29; domingo ; 04:45:00 ; BA ;101;881; TEIXEIRA DE FREITAS ; Animais na Pista ; Atropelamento de Animal ; Com Vítimas Feridas ; Amanhecer ; Crescente ; Céu Claro ; Simples ; Não Informado ; Não ;1;0;1;0;0;0;1;1;-17,56049903;-39,72694516; SPRF-BA ; DEL09-BA ; UOP02-DEL09-BA 
501857;2023-01-29; domingo ; 04:40:00 ; SP ;116;154; SAO JOSE DOS CAMPOS ; Ingestão de álcool pelo condutor ; Colisão traseira ; Com Vítimas Fatais ; Amanhecer ; Decrescente ; Nublado ; Dupla ; Não Informado ; Sim ;6;2;1;0;3;0;1;2;-23,23903999;-45,92061901; SPRF-SP ; DEL02-SP ; UOP01-DEL02-SP 
501858;2023-01-29; domingo ; 05:02:00 ; GO ;40;2,3; VALPARAISO DE GOIAS ; Reação tardia ou ineficiente do condutor ; Atropelamento de Pedestre ; Com Vítimas Feridas ; Amanhecer ; Crescente ; Céu Claro ; Dupla ; Reta ; Não ;2;0;0;1;0;1;1;1;-16,070728;-47,985075; SPRF-DF ; DEL01-DF ; UOP01-DEL01-DF 
501859;2023-01-29; domingo ; 05:00:00 ; RS ;285;422,6; PANAMBI ; Ingestão de álcool pelo condutor ; Colisão frontal ; Sem Vítimas ; Plena Noite ; Crescente ; Céu Claro ; Simples ; Reta ; Não ;4;0;0;0;4;0;0;2;-28,32761;-53,588711; SPRF-RS ; DEL10-RS ; UOP01-DEL10-RS 
501860;2023-01-29; domingo ; 04:05:00 ; MG ;262;812,5; UBERABA ; Ingestão de álcool pelo condutor ; Colisão com objeto ; Sem Vítimas ; Plena Noite ; Crescente ; Céu Claro ; Dupla ; Reta ; Sim ;1;0;0;0;0;1;0;1;-19,76553214;-48,11855299; SPRF-MG ; DEL13-MG ; UOP01-DEL13-MG 
501861;2023-01-29; domingo ; 05:30:00 ; PR ;277;20,9; MORRETES ; Velocidade Incompatível ; Saída de leito carroçável ; Com Vítimas Feridas ; Amanhecer ; Crescente ; Céu Claro ; Dupla ; Curva ; Não ;1;0;1;0;0;0;1;1;-25,532722;-48,715767; SPRF-PR ; DEL01-PR ; UOP05-DEL01-PR 
501862;2023-01-29; domingo ; 00:45:00 ; AC ;364;137; RIO BRANCO ; Chuva ; Colisão com objeto ; Com Vítimas Feridas ; Plena Noite ; Crescente ; Chuva ; Dupla ; Não Informado ; Sim ;3;0;1;0;0;2;1;1;-9,96935404;-67,85264513; SPRF-AC ; N/A ; UOP01-DEL01-AC 
501863;2023-01-29; domingo ; 06:00:00 ; SP ;116;354; MIRACATU ; Reação tardia ou ineficiente do condutor ; Colisão com objeto ; Com Vítimas Feridas ; Pleno dia ; Decrescente ; Nublado ; Dupla ; Curva ; Não ;1;0;0;1;0;0;1;1;-24,07491092;-47,24973213; SPRF-SP ; DEL04-SP ; UOP03-DEL04-SP 
501864;2023-01-29; domingo ; 05:45:00 ; PA ;10;353; SANTA MARIA DO PARA ; Ausência de reação do condutor ; Colisão traseira ; Com Vítimas Feridas ; Amanhecer ; Decrescente ; Nublado ; Simples ; Reta ; Sim ;3;0;0;2;0;1;2;2;-1,35646249;-47,57423141; SPRF-PA ; DEL01-PA ; UOP02-DEL01-PA 
501866;2023-01-29; domingo ; 06:25:00 ; MG ;40;492; ESMERALDAS ; Ausência de reação do condutor ; Saída de leito carroçável ; Com Vítimas Feridas ; Pleno dia ; Crescente ; Céu Claro ; Dupla ; Reta ; Não ;1;0;1;0;0;0;1;1;-19,63737896;-44,20372986; SPRF-MG ; DEL02-MG ; UOP01-DEL02-MG 
501867;2023-01-22; domingo ; 19:15:00 ; BA ;367;27; PORTO SEGURO ; Ingestão de álcool pelo condutor ; Colisão transversal ; Com Vítimas Feridas ; Plena Noite ; Decrescente ; Céu Claro ; Simples ; Reta ; Sim ;4;0;4;0;0;0;4;2;-16,41577856;-39,11860943; SPRF-BA ; DEL09-BA ; UOP03-DEL09-BA 
501869;2023-01-29; domingo ; 06:00:00 ; MG ;262;103; SANTO ANTONIO DO GRAMA ; Ingestão de álcool pelo condutor ; Saída de leito carroçável ; Com Vítimas Feridas ; Pleno dia ; Decrescente ; Céu Claro ; Simples ; Reta ; Não ;1;0;0;1;0;0;1;1;-20,28798201;-42,53964899; SPRF-MG ; DEL03-MG ; UOP03-DEL03-MG 
501871;2023-01-29; domingo ; 07:10:00 ; MG ;381;525,5; BRUMADINHO ; Velocidade Incompatível ; Colisão traseira ; Com Vítimas Feridas ; Pleno dia ; Crescente ; Céu Claro ; Dupla ; Não Informado ; Não ;6;0;3;0;0;3;3;2;-20,16710798;-44,33422398; SPRF-MG ; DEL04-MG ; UOP03-DEL04-MG 
501872;2023-01-29; domingo ; 05:30:00 ; AP ;156;820; OIAPOQUE ; Ausência de reação do condutor ; Colisão com objeto ; Com Vítimas Feridas ; Amanhecer ; Decrescente ; Céu Claro ; Simples ; Reta ; Sim ;1;0;1;0;0;0;1;1;3,83878842;-51,81774523; SPRF-AP ; N/A ; UOP03-DEL01-AP 
501873;2023-01-21; sábado ; 09:35:00 ; SC ;101;288; IMBITUBA ; Desrespeitar a preferência no cruzamento ; Colisão transversal ; Com Vítimas Feridas ; Pleno dia ; Crescente ; Céu Claro ; Simples ; Não Informado ; Sim ;2;0;2;0;0;0;2;2;-28,24598003;-48,70010284; SPRF-SC ; DEL02-SC ; UOP03-DEL02-SC 
501874;2023-01-29; domingo ; 06:30:00 ; PR ;376;674; GUARATUBA ; Ingestão de álcool pelo condutor ; Colisão com objeto ; Sem Vítimas ; Pleno dia ; Crescente ; Céu Claro ; Dupla ; Curva ; Não ;1;0;0;0;1;0;0;1;-25,90851198;-48,92070682; SPRF-PR ; DEL01-PR ; UOP04-DEL01-PR 
501875;2023-01-21; sábado ; 17:00:00 ; SC ;282;102; ALFREDO WAGNER ; Ausência de reação do condutor ; Colisão traseira ; Com Vítimas Feridas ; Pleno dia ; Crescente ; Céu Claro ; Simples ; Reta ; Não ;2;0;1;0;1;0;1;2;-27,694818;-49,314419; SPRF-SC ; DEL01-SC ; UOP03-DEL01-SC 
501876;2023-01-21; sábado ; 18:40:00 ; SC ;101;278,8; IMBITUBA ; Manobra de mudança de faixa ; Colisão traseira ; Com Vítimas Feridas ; Anoitecer ; Decrescente ; Céu Claro ; Simples ; Interseção de vias ; Sim ;2;0;1;0;1;0;1;2;-28,18386243;-48,69579971; SPRF-SC ; DEL02-SC ; UOP03-DEL02-SC 
501877;2023-01-29; domingo ; 06:50:00 ; RJ ;101;271; RIO BONITO ; Condutor Dormindo ; Saída de leito carroçável ; Sem Vítimas ; Amanhecer ; Decrescente ; Céu Claro ; Dupla ; Curva ; Não ;1;0;0;0;1;0;0;1;-22,7244314684;-42,6936814311; SPRF-RJ ; DEL02-RJ ; UOP03-DEL02-RJ 
501878;2023-01-29; domingo ; 06:40:00 ; RJ ;40;30; TRES RIOS ; Velocidade Incompatível ; Queda de ocupante de veículo ; Com Vítimas Feridas ; Amanhecer ; Crescente ; Céu Claro ; Dupla ; Curva ; Não ;1;0;1;0;0;0;1;1;-22,18633705;-43,16660309; SPRF-RJ ; DEL06-RJ ; UOP01-DEL06-RJ 
501880;2023-01-29; domingo ; 06:28:00 ; SC ;101;24; JOINVILLE ; Ingestão de álcool pelo condutor ; Colisão com objeto ; Com Vítimas Feridas ; Pleno dia ; Decrescente ; Céu Claro ; Dupla ; Reta ; Não ;3;0;3;0;0;0;3;1;-26,17483309;-48,90767978; SPRF-SC ; DEL03-SC ; UOP01-DEL03-SC 