 id ; data_inversa ; dia_semana ; horario ; uf ; br ; km ; municipio ; causa_acidente ; tipo_acidente ; classificacao_acidente ; fase_dia ; sentido_via ; condicao_metereologica ; tipo_pista ; tracado_via ; uso_solo ; pessoas ; mortos ; feridos_leves ; feridos_graves ; ilesos ; ignorados ; feridos ; veiculos ; latitude ; longitude ; regional ; delegacia ; uop 
501881;2023-01-29; domingo ; 05:00:00 ; GO ;60;460; JATAI ; Condutor Dormindo ; Saída de leito carroçável ; Com Vítimas Feridas ; Amanhecer ; Crescente ; Nublado ; Dupla ; Curva ; Não ;2;0;1;0;1;0;1;1;-17,8715;-51,6163; SPRF-GO ; DEL05-GO ; UOP01-DEL05-GO 
501882;2023-01-29; domingo ; 06:20:00 ; PR ;116;1; CAMPINA GRANDE DO SUL ; Reação tardia ou ineficiente do condutor ; Colisão com objeto ; Sem Vítimas ; Pleno dia ; Crescente ; Céu Claro ; Dupla ; Curva ; Sim ;1;0;0;0;0;1;0;1;-25,06368403;-48,57051896; SPRF-PR ; DEL01-PR ; UOP02-DEL01-PR 
501883;2023-01-29; domingo ; 07:55:00 ; RS ;290;13; SANTO ANTONIO DA PATRULHA ; Velocidade Incompatível ; Colisão traseira ; Com Vítimas Feridas ; Pleno dia ; Crescente ; Nublado ; Múltipla ; Reta ; Não ;4;0;1;0;3;0;1;2;-29,875334;-50,396614; SPRF-RS ; DEL03-RS ; UOP01-DEL03-RS 
501884;2023-01-20; sexta-feira ; 21:00:00 ; RJ ;116;79; TERESOPOLIS ; Acessar a via sem observar a presença dos outros veículos ; Colisão transversal ; Com Vítimas Feridas ; Plena Noite ; Crescente ; Chuva ; Simples ; Reta ; Sim ;3;0;2;0;1;0;2;2;-22,381704;-42,954777; SPRF-RJ ; DEL04-RJ ; UOP01-DEL04-RJ 
501885;2023-01-29; domingo ; 03:30:00 ; AM ;230;615; HUMAITA ; Transitar na contramão ; Colisão frontal ; Com Vítimas Fatais ; Plena Noite ; Crescente ; Chuva ; Simples ; Reta ; Sim ;2;1;1;0;0;0;1;2;-7,532218;-63,0521096; SPRF-AM ; N/A ; UOP05-DEL01-AM 
501887;2023-01-21; sábado ; 17:50:00 ; ES ;262;142,8; MUNIZ FREIRE ; Manobra de mudança de faixa ; Colisão frontal ; Com Vítimas Feridas ; Anoitecer ; Decrescente ; Nublado ; Simples ; Curva ; Não ;3;0;3;0;0;0;3;2;-20,22866414;-41,38595101; SPRF-ES ; DEL01-ES ; UOP02-DEL01-ES 
501888;2023-01-29; domingo ; 06:30:00 ; BA ;116;710,8; MANOEL VITORINO ; Demais falhas mecânicas ou elétricas ; Queda de ocupante de veículo ; Com Vítimas Feridas ; Pleno dia ; Decrescente ; Céu Claro ; Simples ; Reta ; Sim ;2;0;2;0;0;0;2;1;-14,11581891;-40,22867919; SPRF-BA ; DEL03-BA ; UOP01-DEL03-BA 
501889;2023-01-29; domingo ; 07:45:00 ; MG ;262;366,6; JUATUBA ; Reação tardia ou ineficiente do condutor ; Colisão lateral mesmo sentido ; Com Vítimas Feridas ; Pleno dia ; Crescente ; Céu Claro ; Dupla ; Não Informado ; Não ;2;0;2;0;0;0;2;2;-19,97456;-44,32601; SPRF-MG ; DEL01-MG ; UOP03-DEL01-MG 
501891;2023-01-29; domingo ; 05:11:00 ; RJ ;393;284,7; VOLTA REDONDA ; Chuva ; Colisão com objeto ; Com Vítimas Fatais ; Pleno dia ; Decrescente ; Chuva ; Dupla ; Curva ; Sim ;3;1;2;0;0;0;2;1;-22,47341979;-44,05990606; SPRF-RJ ; DEL05-RJ ; UOP02-DEL05-RJ 
501892;2023-01-29; domingo ; 07:15:00 ; RO ;364;497; ARIQUEMES ; Ingestão de álcool pelo condutor ; Saída de leito carroçável ; Com Vítimas Feridas ; Pleno dia ; Decrescente ; Nublado ; Simples ; Curva ; Não ;1;0;1;0;0;0;1;1;-10,05530308;-62,97367937; SPRF-RO ; DEL03-RO ; UOP01-DEL03-RO 
501894;2023-01-21; sábado ; 10:25:00 ; SC ;101;116; ITAJAI ; Velocidade Incompatível ; Colisão traseira ; Com Vítimas Feridas ; Pleno dia ; Decrescente ; Céu Claro ; Dupla ; Reta ; Sim ;3;0;0;1;2;0;1;3;-26,87905605;-48,72603512; SPRF-SC ; DEL04-SC ; UOP04-DEL04-SC 
501896;2023-01-01; domingo ; 16:30:00 ; SC ;282;467,9; PONTE SERRADA ; Reação tardia ou ineficiente do condutor ; Colisão traseira ; Com Vítimas Feridas ; Pleno dia ; Decrescente ; Céu Claro ; Simples ; Reta ; Não ;8;0;1;0;6;1;1;4;-26,854425;-52,096107; SPRF-SC ; DEL07-SC ; UOP04-DEL07-SC 
501897;2023-01-29; domingo ; 05:00:00 ; RJ ;40;87; PETROPOLIS ; Demais falhas mecânicas ou elétricas ; Saída de leito carroçável ; Com Vítimas Feridas ; Amanhecer ; Crescente ; Céu Claro ; Simples ; Reta ; Não ;59;0;22;0;37;0;22;1;-22,542666;-43,233741; SPRF-RJ ; DEL06-RJ ; UOP02-DEL06-RJ 
501901;2023-01-29; domingo ; 09:30:00 ; MT ;163;818,9; SINOP ; Avarias e/ou desgaste excessivo no pneu ; Tombamento ; Com Vítimas Feridas ; Pleno dia ; Crescente ; Céu Claro ; Simples ; Reta ; Sim ;2;0;1;0;1;0;1;1;-12,13923003;-55,5145573; SPRF-MT ; DEL06-MT ; UOP02-DEL06-MT 
501902;2023-01-29; domingo ; 10:45:00 ; RS ;470;219,6; BENTO GONCALVES ; Velocidade Incompatível ; Tombamento ; Com Vítimas Feridas ; Pleno dia ; Crescente ; Céu Claro ; Simples ; Não Informado ; Não ;1;0;1;0;0;0;1;1;-29,191735;-51,52229279; SPRF-RS ; DEL06-RS ; UOP01-DEL06-RS 
501904;2023-01-29; domingo ; 10:20:00 ; MG ;251;520,6; MONTES CLAROS ; Objeto estático sobre o leito carroçável ; Colisão com objeto ; Com Vítimas Feridas ; Pleno dia ; Crescente ; Céu Claro ; Simples ; Reta ; Não ;1;0;0;1;0;0;1;1;-16,66570005;-43,78533097; SPRF-MG ; DEL12-MG ; UOP01-DEL12-MG 
501906;2023-01-29; domingo ; 10:10:00 ; PR ;277;53; SAO JOSE DOS PINHAIS ; Condutor Dormindo ; Saída de leito carroçável ; Com Vítimas Feridas ; Pleno dia ; Crescente ; Céu Claro ; Dupla ; Não Informado ; Não ;1;0;1;0;0;0;1;1;-25,591842;-48,92584; SPRF-PR ; DEL01-PR ; UOP01-DEL01-PR 
501907;2023-01-29; domingo ; 08:10:00 ; GO ;364;84; CACHOEIRA ALTA ; Ingestão de álcool pelo condutor ; Colisão traseira ; Sem Vítimas ; Pleno dia ; Crescente ; Sol ; Simples ; Reta ; Não ;2;0;0;0;2;0;0;2;-18,550404;-51,051907; SPRF-GO ; DEL05-GO ; UOP02-DEL05-GO 
501908;2023-01-29; domingo ; 11:00:00 ; SC ;101;138; BALNEARIO CAMBORIU ; Acessar a via sem observar a presença dos outros veículos ; Colisão transversal ; Com Vítimas Feridas ; Pleno dia ; Crescente ; Céu Claro ; Dupla ; Reta ; Sim ;2;0;1;0;1;0;1;2;-27,02397426;-48,60761649; SPRF-SC ; DEL04-SC ; UOP03-DEL04-SC 
501909;2023-01-29; domingo ; 10:41:00 ; RN ;101;45,2; MAXARANGUAPE ; Avarias e/ou desgaste excessivo no pneu ; Tombamento ; Com Vítimas Feridas ; Pleno dia ; Decrescente ; Sol ; Simples ; Não Informado ; Não ;2;0;1;1;0;0;2;1;-5,48513925;-35,32443409; SPRF-RN ; DEL02-RN ; UOP01-DEL02-RN 
501910;2023-01-29; domingo ; 10:20:00 ; RJ ;101;534; PARATY ; Acessar a via sem observar a presença dos outros veículos ; Colisão transversal ; Com Vítimas Feridas ; Pleno dia ; Crescente ; Céu Claro ; Simples ; Reta ; Sim ;3;0;2;0;1;0;2;2;-23,0283161;-44,5408722; SPRF-RJ ; DEL03-RJ ; UOP03-DEL03-RJ 
501911;2023-01-29; domingo ; 10:30:00 ; RJ ;101;181; RIO DAS OSTRAS ; Avarias e/ou desgaste excessivo no pneu ; Queda de ocupante de veículo ; Com Vítimas Feridas ; Pleno dia ; Crescente ; Céu Claro ; Simples ; Reta ; Não ;2;0;2;0;0;0;2;1;-22,41692381;-42,00103036; SPRF-RJ ; DEL08-RJ ; UOP04-DEL08-RJ 
501912;2023-01-29; domingo ; 11:40:00 ; BA ;110;2; PAULO AFONSO ; Curva acentuada ; Saída de leito carroçável ; Com Vítimas Feridas ; Pleno dia ; Crescente ; Céu Claro ; Simples ; Curva ; Sim ;2;0;2;0;0;0;2;1;-9,437381;-38,204226; SPRF-BA ; DEL07-BA ; UOP01-DEL07-BA 
501913;2023-01-29; domingo ; 10:27:00 ; RR ;401;6; CANTA ; Ausência de reação do condutor ; Colisão com objeto ; Com Vítimas Feridas ; Pleno dia ; Crescente ; Céu Claro ; Dupla ; Reta ; Sim ;1;0;0;1;0;0;1;1;2,79051846;-60,64300847; SPRF-RR ; N/A ; UOP01-DEL01-RR 
501914;2023-01-29; domingo ; 10:40:00 ; PE ;116;24; SALGUEIRO ; Retorno proibido ; Saída de leito carroçável ; Com Vítimas Feridas ; Pleno dia ; Decrescente ; Céu Claro ; Simples ; Reta ; Não ;1;0;1;0;0;0;1;1;-8,061417;-39,135975; SPRF-PE ; DEL05-PE ; UOP01-DEL05-PE 
501915;2023-01-29; domingo ; 09:47:00 ; MG ;50;133; UBERABA ; Objeto estático sobre o leito carroçável ; Colisão traseira ; Sem Vítimas ; Pleno dia ; Crescente ; Chuva ; Dupla ; Não Informado ; Não ;3;0;0;0;2;1;0;2;-19,41574308;-48,07159033; SPRF-MG ; DEL13-MG ; UOP01-DEL13-MG 
501916;2023-01-29; domingo ; 12:20:00 ; SP ;116;110,9; TAUBATE ; Reação tardia ou ineficiente do condutor ; Tombamento ; Com Vítimas Feridas ; Pleno dia ; Decrescente ; Céu Claro ; Dupla ; Reta ; Sim ;1;0;1;0;0;0;1;1;-23,03412614;-45,5526999; SPRF-SP ; DEL02-SP ; UOP02-DEL02-SP 
501917;2023-01-22; domingo ; 11:10:00 ; AM ;174;935; MANAUS ; Chuva ; Saída de leito carroçável ; Sem Vítimas ; Pleno dia ; Crescente ; Chuva ; Simples ; Reta ; Não ;2;0;0;0;2;0;0;1;-2,531767;-60,03644605; SPRF-AM ; N/A ; UOP01-DEL01-AM 
501919;2023-01-29; domingo ; 12:14:00 ; PR ;277;42; MORRETES ; Afundamento ou ondulação no pavimento ; Tombamento ; Com Vítimas Feridas ; Pleno dia ; Decrescente ; Céu Claro ; Dupla ; Não Informado ; Não ;1;0;1;0;0;0;1;1;-25,57361239;-48,84469597; SPRF-PR ; DEL01-PR ; UOP01-DEL01-PR 
501921;2023-01-29; domingo ; 13:00:00 ; PR ;277;56; SAO JOSE DOS PINHAIS ; Acesso irregular ; Colisão transversal ; Com Vítimas Feridas ; Pleno dia ; Decrescente ; Céu Claro ; Dupla ; Não Informado ; Não ;6;0;1;5;0;0;6;2;-25,569023;-48,9991388; SPRF-PR ; DEL01-PR ; UOP01-DEL01-PR 
501922;2023-01-29; domingo ; 11:10:00 ; RJ ;116;120; MAGE ; Avarias e/ou desgaste excessivo no pneu ; Queda de ocupante de veículo ; Com Vítimas Feridas ; Pleno dia ; Decrescente ; Céu Claro ; Dupla ; Reta ; Não ;2;0;2;0;0;0;2;1;-22,62191389;-43,04363229; SPRF-RJ ; DEL02-RJ ; UOP04-DEL02-RJ 
501924;2023-01-29; domingo ; 14:00:00 ; SP ;116;315,5; SAO LOURENCO DA SERRA ; Pedestre cruzava a pista fora da faixa ; Atropelamento de Pedestre ; Com Vítimas Feridas ; Pleno dia ; Decrescente ; Céu Claro ; Dupla ; Reta ; Não ;2;0;0;1;1;0;1;1;-23,90251888;-46,99049317; SPRF-SP ; DEL04-SP ; UOP03-DEL04-SP 
501925;2023-01-29; domingo ; 14:00:00 ; PR ;476;114,9; COLOMBO ; Desrespeitar a preferência no cruzamento ; Colisão transversal ; Com Vítimas Feridas ; Pleno dia ; Decrescente ; Sol ; Simples ; Rotatória ; Não ;4;0;1;0;3;0;1;2;-25,34353546;-49,15920865; SPRF-PR ; DEL01-PR ; UOP01-DEL01-PR 
501926;2023-01-29; domingo ; 14:00:00 ; SC ;101;144; ITAPEMA ; Manobra de mudança de faixa ; Colisão traseira ; Com Vítimas Feridas ; Pleno dia ; Decrescente ; Céu Claro ; Dupla ; Curva ; Não ;2;0;1;0;1;0;1;2;-27,0732659;-48,59672716; SPRF-SC ; DEL04-SC ; UOP03-DEL04-SC 
501927;2023-01-29; domingo ; 13:00:00 ; MG ;365;457,8; PATROCINIO ; Condutor deixou de manter distância do veículo da frente ; Colisão traseira ; Com Vítimas Feridas ; Pleno dia ; Decrescente ; Céu Claro ; Simples ; Reta ; Não ;3;0;2;0;0;1;2;2;-18,85993078;-46,88714715; SPRF-MG ; DEL10-MG ; UOP01-DEL10-MG 
501929;2023-01-29; domingo ; 13:15:00 ; PB ;230;304; SAO MAMEDE ; Avarias e/ou desgaste excessivo no pneu ; Saída de leito carroçável ; Sem Vítimas ; Pleno dia ; Decrescente ; Céu Claro ; Simples ; Reta ; Não ;1;0;0;0;1;0;0;1;-6,9122;-37,0172; SPRF-PB ; DEL03-PB ; UOP01-DEL03-PB 
501930;2023-01-29; domingo ; 14:20:00 ; CE ;116;14,5; FORTALEZA ; Ausência de reação do condutor ; Tombamento ; Com Vítimas Feridas ; Pleno dia ; Crescente ; Céu Claro ; Múltipla ; Reta ; Sim ;2;0;2;0;0;0;2;1;-3,86973356;-38,49827361; SPRF-CE ; DEL01-CE ; UOP02-DEL01-CE 
501931;2023-01-21; sábado ; 21:05:00 ; RS ;392;199,9; SANTANA DA BOA VISTA ; Ingestão de álcool pelo condutor ; Colisão frontal ; Com Vítimas Feridas ; Plena Noite ; Crescente ; Céu Claro ; Simples ; Não Informado ; Não ;3;0;1;2;0;0;3;2;-30,87997074;-53,13302729; SPRF-RS ; DEL09-RS ; UOP02-DEL09-RS 
501932;2023-01-29; domingo ; 11:40:00 ; ES ;101;300; VIANA ; Ausência de reação do condutor ; Colisão com objeto ; Com Vítimas Feridas ; Pleno dia ; Decrescente ; Céu Claro ; Dupla ; Curva ; Sim ;1;0;1;0;0;0;1;1;-20,358635;-40,432167; SPRF-ES ; DEL01-ES ; UOP01-DEL01-ES 
501933;2023-01-29; domingo ; 14:05:00 ; MG ;381;867,3; POUSO ALEGRE ; Ingestão de álcool pelo condutor ; Colisão com objeto ; Com Vítimas Feridas ; Pleno dia ; Decrescente ; Nublado ; Dupla ; Reta ; Não ;3;0;2;0;1;0;2;1;-22,411919;-45,96177005; SPRF-MG ; DEL16-MG ; UOP01-DEL16-MG 
501934;2023-01-29; domingo ; 15:11:00 ; MG ;50;172; UBERABA ; Demais falhas mecânicas ou elétricas ; Queda de ocupante de veículo ; Com Vítimas Feridas ; Pleno dia ; Decrescente ; Garoa/Chuvisco ; Dupla ; Reta ; Não ;2;0;1;0;1;0;1;1;-19,75402507;-47,98051917; SPRF-MG ; DEL13-MG ; UOP01-DEL13-MG 
501936;2023-01-22; domingo ; 01:30:00 ; SP ;116;105,4; TAUBATE ; Ingestão de álcool pelo condutor ; Colisão com objeto ; Com Vítimas Fatais ; Plena Noite ; Crescente ; Nublado ; Dupla ; Reta ; Não ;2;1;0;0;0;1;0;2;-23,00757973;-45,51466613; SPRF-SP ; DEL02-SP ; UOP02-DEL02-SP 
501937;2023-01-29; domingo ; 15:20:00 ; PE ;104;62,6; CARUARU ; Condutor deixou de manter distância do veículo da frente ; Colisão traseira ; Com Vítimas Feridas ; Pleno dia ; Crescente ; Céu Claro ; Dupla ; Reta ; Sim ;2;0;0;1;1;0;1;2;-8,2618;-35,976; SPRF-PE ; DEL02-PE ; UOP01-DEL02-PE 
501938;2023-01-29; domingo ; 12:00:00 ; MG ;262;519; LUZ ; Velocidade Incompatível ; Saída de leito carroçável ; Com Vítimas Feridas ; Pleno dia ; Crescente ; Céu Claro ; Simples ; Reta ; Não ;1;0;1;0;0;0;1;1;-19,79063188;-45,61029998; SPRF-MG ; DEL08-MG ; UOP03-DEL08-MG 
501939;2023-01-29; domingo ; 15:15:00 ; MG ;381;487,3; BETIM ; Ausência de reação do condutor ; Colisão com objeto ; Com Vítimas Feridas ; Pleno dia ; Crescente ; Nublado ; Múltipla ; Não Informado ; Sim ;3;0;1;0;2;0;1;1;-19,9550405;-44,11691; SPRF-MG ; DEL01-MG ; UOP03-DEL01-MG 
501940;2023-01-28; sábado ; 19:15:00 ; RO ;364;4,8; VILHENA ; Pedestre andava na pista ; Atropelamento de Pedestre ; Com Vítimas Fatais ; Plena Noite ; Crescente ; Chuva ; Simples ; Reta ; Não ;2;1;0;0;0;1;0;1;-12,79174298;-60,08807194; SPRF-RO ; DEL04-RO ; UOP01-DEL04-RO 
501941;2023-01-29; domingo ; 12:15:00 ; MG ;NA;NA; RIO PIRACICABA ; Problema com o freio ; Colisão com objeto ; Sem Vítimas ; Pleno dia ; Não Informado ; Nublado ; Simples ; Não Informado ; Sim ;2;0;0;0;2;0;0;1;-19,907011;-43,151762; SPRF-MG ; DEL03-MG ; UOP01-DEL03-MG 
501944;2023-01-29; domingo ; 14:30:00 ; SP ;381;89; GUARULHOS ; Manobra de mudança de faixa ; Colisão lateral mesmo sentido ; Com Vítimas Feridas ; Pleno dia ; Crescente ; Garoa/Chuvisco ; Dupla ; Reta ; Sim ;5;0;2;0;3;0;2;4;-23,489987;-46,559432; SPRF-SP ; DEL03-SP ; UOP01-DEL03-SP 
501945;2023-01-29; domingo ; 15:30:00 ; SC ;101;223,5; PALHOCA ; Desrespeitar a preferência no cruzamento ; Colisão transversal ; Com Vítimas Feridas ; Pleno dia ; Decrescente ; Chuva ; Múltipla ; Viaduto ; Sim ;3;0;0;1;2;0;1;2;-27,71552634;-48,64881251; SPRF-SC ; DEL01-SC ; UOP02-DEL01-SC 
501946;2023-01-29; domingo ; 14:30:00 ; MT ;364;284,6; JACIARA ; Objeto estático sobre o leito carroçável ; Saída de leito carroçável ; Com Vítimas Feridas ; Pleno dia ; Decrescente ; Céu Claro ; Dupla ; Não Informado ; Não ;2;0;0;1;1;0;1;1;-15,91114583;-55,04114295; SPRF-MT ; DEL05-MT ; UOP02-DEL05-MT 
501947;2023-01-29; domingo ; 15:43:00 ; MG ;365;603,6; UBERLANDIA ; Chuva ; Saída de leito carroçável ; Com Vítimas Feridas ; Pleno dia ; Crescente ; Chuva ; Dupla ; Não Informado ; Não ;2;0;1;0;0;1;1;1;-18,89734796;-48,15671403; SPRF-MG ; DEL15-MG ; UOP01-DEL15-MG 
501949;2023-01-29; domingo ; 10:30:00 ; MG ;146;397,7; GUAXUPE ; Velocidade Incompatível ; Saída de leito carroçável ; Sem Vítimas ; Pleno dia ; Crescente ; Chuva ; Simples ; Curva ; Não ;1;0;0;0;1;0;0;1;-21,30672;-46,66155; SPRF-MG ; DEL09-MG ; UOP01-DEL09-MG 
501950;2023-01-29; domingo ; 15:25:00 ; SC ;101;321; CAPIVARI DE BAIXO ; Reação tardia ou ineficiente do condutor ; Colisão com objeto ; Sem Vítimas ; Pleno dia ; Decrescente ; Chuva ; Múltipla ; Curva ; Não ;2;0;0;0;2;0;0;1;-28,42532339;-48,8919091; SPRF-SC ; DEL02-SC ; UOP01-DEL02-SC 
501953;2023-01-29; domingo ; 16:15:00 ; SP ;116;185; SANTA ISABEL ; Reação tardia ou ineficiente do condutor ; Colisão traseira ; Com Vítimas Feridas ; Pleno dia ; Crescente ; Garoa/Chuvisco ; Dupla ; Reta ; Não ;3;0;3;0;0;0;3;2;-23,35176424;-46,18966001; SPRF-SP ; DEL01-SP ; UOP01-DEL01-SP 
501954;2023-01-29; domingo ; 13:00:00 ; GO ;20;156; ALVORADA DO NORTE ; Velocidade Incompatível ; Capotamento ; Com Vítimas Feridas ; Pleno dia ; Crescente ; Chuva ; Simples ; Não Informado ; Não ;2;0;1;0;1;0;1;1;-14,647141;-46,633461; SPRF-DF ; DEL02-DF ; UOP03-DEL02-DF 
501955;2023-01-29; domingo ; 15:12:00 ; RJ ;101;325; NITEROI ; Condutor Dormindo ; Colisão lateral mesmo sentido ; Com Vítimas Feridas ; Pleno dia ; Decrescente ; Céu Claro ; Dupla ; Não Informado ; Não ;2;0;1;0;1;0;1;2;-22,87292569;-43,13625699; SPRF-RJ ; DEL02-RJ ; UOP01-DEL02-RJ 
501956;2023-01-29; domingo ; 16:15:00 ; ES ;101;334,9; GUARAPARI ; Reação tardia ou ineficiente do condutor ; Tombamento ; Com Vítimas Feridas ; Pleno dia ; Crescente ; Céu Claro ; Simples ; Curva ; Sim ;1;0;0;1;0;0;1;1;-20,6213791;-40,52011191; SPRF-ES ; DEL03-ES ; UOP01-DEL03-ES 
501958;2023-01-29; domingo ; 16:02:00 ; MG ;381;937; EXTREMA ; Reação tardia ou ineficiente do condutor ; Colisão traseira ; Sem Vítimas ; Pleno dia ; Decrescente ; Chuva ; Simples ; Rotatória ; Não ;3;0;0;0;3;0;0;2;-22,81265629;-46,2852413; SPRF-MG ; DEL16-MG ; UOP03-DEL16-MG 
501959;2023-01-29; domingo ; 15:00:00 ; MG ;381;937; EXTREMA ; Ingestão de álcool pelo condutor ; Saída de leito carroçável ; Sem Vítimas ; Pleno dia ; Decrescente ; Chuva ; Dupla ; Curva ; Não ;1;0;0;0;1;0;0;1;-22,81262344;-46,28504826; SPRF-MG ; DEL16-MG ; UOP03-DEL16-MG 
501963;2023-01-09; segunda-feira ; 17:20:00 ; SC ;101;333; TUBARAO ; Acessar a via sem observar a presença dos outros veículos ; Colisão lateral mesmo sentido ; Com Vítimas Feridas ; Pleno dia ; Crescente ; Céu Claro ; Dupla ; Reta ; Sim ;3;0;0;1;2;0;1;3;-28,46630107;-48,99653096; SPRF-SC ; DEL02-SC ; UOP01-DEL02-SC 
501964;2023-01-29; domingo ; 14:00:00 ; MG ;381;558; ITAGUARA ; Chuva ; Colisão com objeto ; Com Vítimas Feridas ; Pleno dia ; Crescente ; Chuva ; Dupla ; Não Informado ; Não ;1;0;1;0;0;0;1;1;-20,37563821;-44,47422681; SPRF-MG ; DEL04-MG ; UOP03-DEL04-MG 
501965;2023-01-29; domingo ; 10:30:00 ; SP ;116;269; TABOAO DA SERRA ; Trafegar com motocicleta (ou similar) entre as faixas ; Colisão lateral mesmo sentido ; Com Vítimas Feridas ; Pleno dia ; Decrescente ; Céu Claro ; Dupla ; Reta ; Sim ;3;0;1;0;2;0;1;2;-23,61593059;-46,78826044; SPRF-SP ; DEL04-SP ; UOP01-DEL04-SP 
501967;2023-01-29; domingo ; 16:40:00 ; SC ;280;33,9; ARAQUARI ; Manobra de mudança de faixa ; Colisão lateral sentido oposto ; Com Vítimas Feridas ; Pleno dia ; Crescente ; Chuva ; Simples ; Reta ; Não ;4;0;2;0;2;0;2;3;-26,42993971;-48,79615614; SPRF-SC ; DEL03-SC ; UOP03-DEL03-SC 
501968;2023-01-29; domingo ; 15:05:00 ; SC ;101;381,1; ICARA ; Velocidade Incompatível ; Saída de leito carroçável ; Com Vítimas Feridas ; Pleno dia ; Crescente ; Chuva ; Múltipla ; Reta ; Não ;4;0;3;0;1;0;3;1;-28,75478409;-49,27732095; SPRF-SC ; DEL02-SC ; UOP02-DEL02-SC 
501970;2023-01-29; domingo ; 17:00:00 ; RJ ;101;503; ANGRA DOS REIS ; Conversão proibida ; Queda de ocupante de veículo ; Com Vítimas Feridas ; Anoitecer ; Decrescente ; Nublado ; Simples ; Reta ; Sim ;2;0;1;0;1;0;1;2;-22,9289470461;-44,3787999808; SPRF-RJ ; DEL03-RJ ; UOP02-DEL03-RJ 
501971;2023-01-29; domingo ; 17:10:00 ; MG ;381;821,2; CAREACU ; Desrespeitar a preferência no cruzamento ; Colisão transversal ; Com Vítimas Feridas ; Pleno dia ; Decrescente ; Chuva ; Dupla ; Não Informado ; Não ;4;0;4;0;0;0;4;2;-22,0789242;-45,7013762; SPRF-MG ; DEL16-MG ; UOP02-DEL16-MG 
501972;2023-01-29; domingo ; 12:00:00 ; MG ;267;85; JUIZ DE FORA ; Velocidade Incompatível ; Saída de leito carroçável ; Com Vítimas Feridas ; Pleno dia ; Crescente ; Nublado ; Simples ; Não Informado ; Não ;3;0;3;0;0;0;3;1;-21,76198367;-43,25075184; SPRF-MG ; DEL05-MG ; UOP01-DEL05-MG 
501974;2023-01-29; domingo ; 16:20:00 ; MG ;40;799,2; JUIZ DE FORA ; Velocidade Incompatível ; Saída de leito carroçável ; Com Vítimas Feridas ; Pleno dia ; Decrescente ; Nublado ; Dupla ; Não Informado ; Não ;5;0;5;0;0;0;5;1;-21,82857001;-43,37364401; SPRF-MG ; DEL05-MG ; UOP01-DEL05-MG 
501975;2023-01-29; domingo ; 16:15:00 ; MG ;365;699,7; MONTE ALEGRE DE MINAS ; Chuva ; Saída de leito carroçável ; Com Vítimas Feridas ; Pleno dia ; Crescente ; Chuva ; Dupla ; Não Informado ; Não ;4;0;3;0;1;0;3;1;-18,87979021;-48,98864599; SPRF-MG ; DEL15-MG ; UOP03-DEL15-MG 
501976;2023-01-29; domingo ; 16:30:00 ; MS ;163;263; DOURADOS ; Desrespeitar a preferência no cruzamento ; Colisão traseira ; Com Vítimas Feridas ; Pleno dia ; Crescente ; Céu Claro ; Dupla ; Não Informado ; Sim ;2;0;0;1;1;0;1;2;-22,2321027;-54,7480917; SPRF-MS ; DEL04-MS ; UOP01-DEL04-MS 
501977;2023-01-29; domingo ; 16:50:00 ; MG ;50;165,5; UBERABA ; Afundamento ou ondulação no pavimento ; Colisão traseira ; Com Vítimas Feridas ; Pleno dia ; Decrescente ; Nublado ; Dupla ; Desvio Temporário ; Não ;5;0;1;0;4;0;1;2;-19,69326783;-47,98949154; SPRF-MG ; DEL13-MG ; UOP01-DEL13-MG 
501978;2023-01-29; domingo ; 17:20:00 ; SP ;116;273; TABOAO DA SERRA ; Ingestão de álcool pelo condutor ; Colisão lateral sentido oposto ; Sem Vítimas ; Pleno dia ; Decrescente ; Céu Claro ; Simples ; Viaduto ; Sim ;2;0;0;0;2;0;0;2;-23,62809795;-46,81870306; SPRF-SP ; DEL04-SP ; UOP01-DEL04-SP 
501979;2023-01-29; domingo ; 17:35:00 ; SE ;101;116; ITAPORANGA DAJUDA ; Manobra de mudança de faixa ; Colisão lateral mesmo sentido ; Com Vítimas Feridas ; Anoitecer ; Decrescente ; Céu Claro ; Dupla ; Não Informado ; Não ;6;0;3;0;3;0;3;3;-11,01146389;-37,31286103; SPRF-SE ; DEL02-SE ; UOP01-DEL02-SE 
501980;2023-01-29; domingo ; 14:30:00 ; MG ;40;809,6; MATIAS BARBOSA ; Reação tardia ou ineficiente do condutor ; Queda de ocupante de veículo ; Com Vítimas Feridas ; Pleno dia ; Crescente ; Nublado ; Dupla ; Reta ; Não ;1;0;0;1;0;0;1;1;-21,87077676;-43,34388381; SPRF-MG ; DEL05-MG ; UOP01-DEL05-MG 
501981;2023-01-29; domingo ; 17:50:00 ; BA ;110;172; RIBEIRA DO POMBAL ; Reação tardia ou ineficiente do condutor ; Queda de ocupante de veículo ; Com Vítimas Feridas ; Anoitecer ; Crescente ; Céu Claro ; Simples ; Reta ; Sim ;1;0;1;0;0;0;1;1;-10,86050095;-38,52864347; SPRF-BA ; DEL07-BA ; UOP02-DEL07-BA 
501982;2023-01-29; domingo ; 16:40:00 ; SP ;116;276; EMBU DAS ARTES ; Animais na Pista ; Colisão traseira ; Sem Vítimas ; Pleno dia ; Crescente ; Céu Claro ; Múltipla ; Reta ; Sim ;4;0;0;0;4;0;0;2;-23,64262417;-46,83811382; SPRF-SP ; DEL04-SP ; UOP01-DEL04-SP 
501983;2023-01-29; domingo ; 17:42:00 ; RN ;304;25; MOSSORO ; Ausência de reação do condutor ; Colisão com objeto ; Com Vítimas Feridas ; Anoitecer ; Crescente ; Céu Claro ; Simples ; Reta ; Não ;1;0;1;0;0;0;1;1;-5,07281407;-37,33179461; SPRF-RN ; DEL04-RN ; UOP02-DEL04-RN 