 id ; data_inversa ; dia_semana ; horario ; uf ; br ; km ; municipio ; causa_acidente ; tipo_acidente ; classificacao_acidente ; fase_dia ; sentido_via ; condicao_metereologica ; tipo_pista ; tracado_via ; uso_solo ; pessoas ; mortos ; feridos_leves ; feridos_graves ; ilesos ; ignorados ; feridos ; veiculos ; latitude ; longitude ; regional ; delegacia ; uop 
501986;2023-01-29; domingo ; 18:00:00 ; PB ;230;155,9; CAMPINA GRANDE ; Ingestão de álcool pelo condutor ; Colisão transversal ; Com Vítimas Feridas ; Plena Noite ; Crescente ; Céu Claro ; Simples ; Não Informado ; Sim ;9;0;3;0;5;1;3;2;-7,2748;-35,9058; SPRF-PB ; DEL02-PB ; UOP01-DEL02-PB 
501987;2023-01-29; domingo ; 16:00:00 ; MG ;381;232; BELO ORIENTE ; Ausência de reação do condutor ; Tombamento ; Com Vítimas Feridas ; Pleno dia ; Crescente ; Céu Claro ; Simples ; Não Informado ; Não ;1;0;1;0;0;0;1;1;-19,36792895;-42,45119304; SPRF-MG ; DEL06-MG ; UOP01-DEL06-MG 
501988;2023-01-29; domingo ; 18:40:00 ; SC ;280;34; ARAQUARI ; Ingestão de álcool pelo condutor ; Colisão frontal ; Sem Vítimas ; Pleno dia ; Crescente ; Chuva ; Simples ; Reta ; Não ;3;0;0;0;3;0;0;2;-26,42993971;-48,79615614; SPRF-SC ; DEL03-SC ; UOP03-DEL03-SC 
501989;2023-01-29; domingo ; 18:40:00 ; SC ;101;317; LAGUNA ; Manobra de mudança de faixa ; Colisão traseira ; Com Vítimas Feridas ; Plena Noite ; Decrescente ; Garoa/Chuvisco ; Dupla ; Reta ; Não ;2;0;1;0;1;0;1;2;-28,42708421;-48,85211624; SPRF-SC ; DEL02-SC ; UOP01-DEL02-SC 
501990;2023-01-29; domingo ; 18:00:00 ; CE ;116;5; FORTALEZA ; Condutor deixou de manter distância do veículo da frente ; Colisão traseira ; Sem Vítimas ; Anoitecer ; Decrescente ; Céu Claro ; Dupla ; Interseção de vias ; Não ;2;0;0;0;2;0;0;2;-3,79467116;-38,50772734; SPRF-CE ; DEL01-CE ; UOP02-DEL01-CE 
501991;2023-01-29; domingo ; 14:30:00 ; SC ;153;35; PONTE SERRADA ; Velocidade Incompatível ; Saída de leito carroçável ; Sem Vítimas ; Pleno dia ; Decrescente ; Sol ; Simples ; Curva ; Não ;2;0;0;0;2;0;0;1;-26,8219261;-51,72071457; SPRF-SC ; DEL07-SC ; UOP07-DEL07-SC 
501992;2023-01-29; domingo ; 17:40:00 ; MS ;262;170; RIBAS DO RIO PARDO ; Ingestão de álcool pelo condutor ; Saída de leito carroçável ; Com Vítimas Feridas ; Anoitecer ; Crescente ; Céu Claro ; Simples ; Reta ; Não ;1;0;1;0;0;0;1;1;-20,4232732908;-53,1137610637; SPRF-MS ; DEL07-MS ; UOP02-DEL07-MS 
501993;2023-01-29; domingo ; 18:35:00 ; PR ;116;70; CAMPINA GRANDE DO SUL ; Chuva ; Tombamento ; Com Vítimas Feridas ; Anoitecer ; Crescente ; Chuva ; Dupla ; Não Informado ; Não ;1;0;1;0;0;0;1;1;-25,33849717;-49,03792883; SPRF-PR ; DEL01-PR ; UOP02-DEL01-PR 
501994;2023-01-29; domingo ; 18:40:00 ; SP ;116;144; SAO JOSE DOS CAMPOS ; Manobra de mudança de faixa ; Colisão lateral mesmo sentido ; Com Vítimas Feridas ; Plena Noite ; Decrescente ; Chuva ; Múltipla ; Desvio Temporário ; Sim ;2;0;1;0;1;0;1;2;-23,18274416;-45,84633592; SPRF-SP ; DEL02-SP ; UOP01-DEL02-SP 
501996;2023-01-29; domingo ; 18:30:00 ; SC ;101;408; ARARANGUA ; Acumulo de água sobre o pavimento ; Saída de leito carroçável ; Com Vítimas Feridas ; Anoitecer ; Decrescente ; Chuva ; Dupla ; Curva ; Não ;3;0;1;0;2;0;1;1;-28,92263433;-49,49544668; SPRF-SC ; DEL02-SC ; UOP02-DEL02-SC 
502002;2023-01-29; domingo ; 19:42:00 ; SE ;101;116; ITAPORANGA DAJUDA ; Ausência de reação do condutor ; Colisão traseira ; Com Vítimas Feridas ; Plena Noite ; Crescente ; Céu Claro ; Dupla ; Reta ; Não ;2;0;0;1;1;0;1;2;-11,01146389;-37,31286103; SPRF-SE ; DEL02-SE ; UOP01-DEL02-SE 
502004;2023-01-29; domingo ; 19:40:00 ; BA ;242;786; BARREIRAS ; Ultrapassagem Indevida ; Colisão frontal ; Com Vítimas Feridas ; Plena Noite ; Crescente ; Céu Claro ; Simples ; Reta ; Não ;1;0;1;0;0;0;1;1;-12,13956292;-44,76317799; SPRF-BA ; DEL10-BA ; UOP01-DEL10-BA 
502005;2023-01-29; domingo ; 19:30:00 ; RS ;290;142; ELDORADO DO SUL ; Reação tardia ou ineficiente do condutor ; Colisão frontal ; Com Vítimas Feridas ; Plena Noite ; Crescente ; Céu Claro ; Simples ; Reta ; Não ;3;0;0;1;2;0;1;2;-30,089678;-51,628311; SPRF-RS ; DEL02-RS ; UOP01-DEL02-RS 
502007;2023-01-29; domingo ; 19:30:00 ; PB ;101;12; MAMANGUAPE ; Ausência de reação do condutor ; Queda de ocupante de veículo ; Com Vítimas Feridas ; Plena Noite ; Decrescente ; Ignorado ; Dupla ; Reta ; Sim ;1;0;0;1;0;0;1;1;-6,60110408;-35,14339905; SPRF-PB ; DEL01-PB ; UOP04-DEL01-PB 
502008;2023-01-29; domingo ; 19:50:00 ; RS ;386;344,5; LAJEADO ; Ingestão de álcool pelo condutor ; Colisão transversal ; Com Vítimas Feridas ; Plena Noite ; Decrescente ; Céu Claro ; Simples ; Reta ; Sim ;4;0;0;1;1;2;1;2;-29,44118594;-51,98827028; SPRF-RS ; DEL04-RS ; UOP01-DEL04-RS 
502009;2023-01-29; domingo ; 16:15:00 ; MG ;262;422,9; IGARATINGA ; Reação tardia ou ineficiente do condutor ; Colisão com objeto ; Com Vítimas Feridas ; Pleno dia ; Crescente ; Nublado ; Dupla ; Retorno Regulamentado ; Não ;1;0;1;0;0;0;1;1;-19,88477767;-44,72993101; SPRF-MG ; DEL08-MG ; UOP03-DEL08-MG 
502010;2023-01-29; domingo ; 19:40:00 ; PR ;369;160; CAMBE ; Condutor deixou de manter distância do veículo da frente ; Colisão traseira ; Sem Vítimas ; Plena Noite ; Crescente ; Chuva ; Dupla ; Reta ; Sim ;2;0;0;0;1;1;0;2;-23,28317774;-51,2477231; SPRF-PR ; DEL07-PR ; UOP01-DEL07-PR 
502011;2023-01-29; domingo ; 19:00:00 ; AL ;101;246,3; PORTO REAL DO COLEGIO ; Reação tardia ou ineficiente do condutor ; Colisão traseira ; Com Vítimas Feridas ; Plena Noite ; Decrescente ; Céu Claro ; Dupla ; Reta ; Sim ;5;0;1;1;3;0;2;2;-10,19162376;-36,82542061; SPRF-AL ; DEL02-AL ; UOP02-DEL02-AL 
502013;2023-01-29; domingo ; 18:30:00 ; PR ;376;383; IMBAU ; Reação tardia ou ineficiente do condutor ; Saída de leito carroçável ; Com Vítimas Feridas ; Anoitecer ; Decrescente ; Chuva ; Dupla ; Curva ; Não ;3;0;2;0;1;0;2;1;-24,42637363;-50,76768279; SPRF-PR ; DEL03-PR ; UOP02-DEL03-PR 
502014;2023-01-29; domingo ; 18:25:00 ; PR ;163;147,2; SANTA LUCIA ; Acumulo de água sobre o pavimento ; Saída de leito carroçável ; Com Vítimas Feridas ; Pleno dia ; Crescente ; Chuva ; Dupla ; Curva ; Não ;4;0;3;0;1;0;3;1;-25,41784706;-53,57300704; SPRF-PR ; DEL04-PR ; UOP04-DEL04-PR 
502015;2023-01-29; domingo ; 19:30:00 ; PR ;277;12; PARANAGUA ; Trafegar com motocicleta (ou similar) entre as faixas ; Colisão com objeto ; Com Vítimas Feridas ; Plena Noite ; Crescente ; Chuva ; Dupla ; Reta ; Não ;2;0;2;0;0;0;2;1;-25,568198;-48,615292; SPRF-PR ; DEL01-PR ; UOP05-DEL01-PR 
502017;2023-01-29; domingo ; 20:15:00 ; RS ;290;691; URUGUAIANA ; Transitar na contramão ; Colisão frontal ; Com Vítimas Fatais ; Plena Noite ; Decrescente ; Céu Claro ; Simples ; Reta ; Não ;4;1;3;0;0;0;3;2;-29,875832;-56,80267; SPRF-RS ; DEL13-RS ; UOP01-DEL13-RS 
502019;2023-01-29; domingo ; 20:00:00 ; BA ;367;81; EUNAPOLIS ; Reação tardia ou ineficiente do condutor ; Colisão lateral mesmo sentido ; Com Vítimas Feridas ; Plena Noite ; Decrescente ; Céu Claro ; Simples ; Reta ; Sim ;4;0;0;4;0;0;4;2;-16,37204769;-39,56382751; SPRF-BA ; DEL09-BA ; UOP03-DEL09-BA 
502020;2023-01-29; domingo ; 17:00:00 ; PA ;316;44; SANTA IZABEL DO PARA ; Acumulo de água sobre o pavimento ; Saída de leito carroçável ; Com Vítimas Feridas ; Anoitecer ; Crescente ; Chuva ; Dupla ; Reta ; Não ;5;0;2;2;1;0;4;1;-1,27592647;-48,08710906; SPRF-PA ; DEL01-PA ; UOP01-DEL01-PA 
502021;2023-01-29; domingo ; 20:15:00 ; SC ;280;56,8; GUARAMIRIM ; Condutor deixou de manter distância do veículo da frente ; Colisão traseira ; Com Vítimas Feridas ; Plena Noite ; Crescente ; Chuva ; Simples ; Reta ; Não ;2;0;1;0;1;0;1;2;-26,47947677;-49,00298702; SPRF-SC ; DEL03-SC ; UOP03-DEL03-SC 
502025;2023-01-29; domingo ; 19:20:00 ; CE ;222;319; TIANGUA ; Ingestão de álcool pelo condutor ; Queda de ocupante de veículo ; Com Vítimas Feridas ; Plena Noite ; Crescente ; Céu Claro ; Simples ; Reta ; Não ;1;0;1;0;0;0;1;1;-3,76400832;-41,0308357; SPRF-CE ; DEL04-CE ; UOP02-DEL04-CE 
502026;2023-01-29; domingo ; 18:40:00 ; RO ;364;16,5; VILHENA ; Condutor deixou de manter distância do veículo da frente ; Colisão traseira ; Com Vítimas Feridas ; Plena Noite ; Decrescente ; Nublado ; Simples ; Reta ; Sim ;2;0;1;0;1;0;1;2;-12,73437947;-60,15696986; SPRF-RO ; DEL04-RO ; UOP01-DEL04-RO 
502027;2023-01-29; domingo ; 19:40:00 ; RJ ;101;100; CAMPOS DOS GOYTACAZES ; Ingestão de álcool pelo condutor ; Colisão com objeto ; Com Vítimas Feridas ; Plena Noite ; Decrescente ; Céu Claro ; Dupla ; Curva ; Não ;13;0;2;0;11;0;2;5;-21,87590372;-41,58288878; SPRF-RJ ; DEL08-RJ ; UOP02-DEL08-RJ 
502029;2023-01-29; domingo ; 21:00:00 ; CE ;222;4; CAUCAIA ; Acessar a via sem observar a presença dos outros veículos ; Colisão transversal ; Sem Vítimas ; Plena Noite ; Crescente ; Céu Claro ; Dupla ; Não Informado ; Sim ;2;0;0;0;1;1;0;2;-3,74164754;-38,60449792; SPRF-CE ; DEL01-CE ; UOP01-DEL01-CE 
502030;2023-01-29; domingo ; 19:10:00 ; PR ;277;3; PARANAGUA ; Pista Escorregadia ; Tombamento ; Sem Vítimas ; Plena Noite ; Crescente ; Chuva ; Dupla ; Reta ; Sim ;2;0;0;0;0;2;0;1;-25,54383542;-48,55951667; SPRF-PR ; DEL01-PR ; UOP05-DEL01-PR 
502031;2023-01-29; domingo ; 21:05:00 ; PI ;343;340,3; TERESINA ; Ausência de reação do condutor ; Tombamento ; Sem Vítimas ; Plena Noite ; Crescente ; Nublado ; Dupla ; Curva ; Não ;1;0;0;0;0;1;0;1;-5,074137;-42,73629; SPRF-PI ; DEL01-PI ; UOP01-DEL01-PI 
502032;2023-01-29; domingo ; 21:00:00 ; PR ;277;722; FOZ DO IGUACU ; Ingestão de álcool pelo condutor ; Colisão traseira ; Sem Vítimas ; Plena Noite ; Crescente ; Nublado ; Dupla ; Não Informado ; Sim ;5;0;0;0;5;0;0;2;-25,49494908;-54,52095097; SPRF-PR ; DEL05-PR ; UOP03-DEL05-PR 
502033;2023-01-29; domingo ; 21:40:00 ; RS ;116;256,7; ESTEIO ; Reação tardia ou ineficiente do condutor ; Colisão traseira ; Com Vítimas Feridas ; Plena Noite ; Crescente ; Céu Claro ; Dupla ; Viaduto ; Sim ;2;0;1;0;1;0;1;2;-29,84393699;-51,17728603; SPRF-RS ; DEL01-RS ; UOP02-DEL01-RS 
502035;2023-01-29; domingo ; 20:30:00 ; MG ;381;529; BRUMADINHO ; Chuva ; Capotamento ; Com Vítimas Feridas ; Plena Noite ; Crescente ; Chuva ; Dupla ; Não Informado ; Não ;3;0;1;0;2;0;1;1;-20,16619722;-44,36914378; SPRF-MG ; DEL04-MG ; UOP03-DEL04-MG 
502036;2023-01-29; domingo ; 21:50:00 ; SP ;116;11,7; QUELUZ ; Reação tardia ou ineficiente do condutor ; Colisão com objeto ; Com Vítimas Feridas ; Plena Noite ; Decrescente ; Nublado ; Dupla ; Curva ; Não ;4;0;1;0;3;0;1;1;-22,54824607;-44,80620718; SPRF-SP ; DEL08-SP ; UOP02-DEL08-SP 
502037;2023-01-29; domingo ; 17:00:00 ; MG ;381;532; ITATIAIUCU ; Velocidade Incompatível ; Saída de leito carroçável ; Com Vítimas Feridas ; Anoitecer ; Crescente ; Chuva ; Dupla ; Curva ; Não ;2;0;1;0;1;0;1;1;-20,1904316;-44,38268793; SPRF-MG ; DEL04-MG ; UOP03-DEL04-MG 
502038;2023-01-29; domingo ; 21:45:00 ; MG ;50;168; UBERABA ; Obras na pista ; Colisão com objeto ; Com Vítimas Feridas ; Plena Noite ; Crescente ; Garoa/Chuvisco ; Dupla ; Não Informado ; Não ;4;0;3;0;1;0;3;1;-19,716585;-47,981327; SPRF-MG ; DEL13-MG ; UOP01-DEL13-MG 
502039;2023-01-29; domingo ; 22:20:00 ; RS ;101;10,2; MAQUINE ; Acessar a via sem observar a presença dos outros veículos ; Colisão transversal ; Com Vítimas Fatais ; Plena Noite ; Decrescente ; Nublado ; Simples ; Reta ; Sim ;3;1;0;2;0;0;2;2;-29,755025;-50,171228; SPRF-RS ; DEL03-RS ; UOP01-DEL03-RS 
502040;2023-01-29; domingo ; 20:45:00 ; PE ;423;28,4; SAO CAITANO ; Animais na Pista ; Atropelamento de Animal ; Com Vítimas Fatais ; Plena Noite ; Crescente ; Céu Claro ; Simples ; Reta ; Não ;1;1;0;0;0;0;0;1;-8,40754639;-36,18739843; SPRF-PE ; DEL03-PE ; UOP02-DEL03-PE 
502041;2023-01-29; domingo ; 21:00:00 ; PR ;277;74; SAO JOSE DOS PINHAIS ; Reação tardia ou ineficiente do condutor ; Colisão com objeto ; Com Vítimas Feridas ; Plena Noite ; Decrescente ; Chuva ; Dupla ; Reta ; Sim ;2;0;1;0;1;0;1;1;-25,51726115;-49,11540707; SPRF-PR ; DEL01-PR ; UOP01-DEL01-PR 
502042;2023-01-29; domingo ; 20:50:00 ; MG ;40;278; TRES MARIAS ; Reação tardia ou ineficiente do condutor ; Colisão com objeto ; Sem Vítimas ; Plena Noite ; Crescente ; Nublado ; Simples ; Não Informado ; Sim ;2;0;0;0;2;0;0;2;-18,220313;-45,220762; SPRF-MG ; DEL14-MG ; UOP02-DEL14-MG 
502044;2023-01-29; domingo ; 19:30:00 ; RO ;364;424; JARU ; Desrespeitar a preferência no cruzamento ; Colisão transversal ; Com Vítimas Feridas ; Plena Noite ; Crescente ; Nublado ; Simples ; Interseção de vias ; Sim ;3;0;2;0;1;0;2;2;-10,44457274;-62,46568412; SPRF-RO ; DEL03-RO ; UOP02-DEL03-RO 
502045;2023-01-29; domingo ; 22:00:00 ; RS ;116;267; CANOAS ; Reação tardia ou ineficiente do condutor ; Colisão com objeto ; Sem Vítimas ; Plena Noite ; Decrescente ; Céu Claro ; Dupla ; Reta ; Sim ;1;0;0;0;1;0;0;1;-29,94546;-51,176768; SPRF-RS ; DEL01-RS ; UOP01-DEL01-RS 
502046;2023-01-29; domingo ; 17:00:00 ; CE ;20;77; TAUA ; Manobra de mudança de faixa ; Colisão transversal ; Com Vítimas Fatais ; Pleno dia ; Crescente ; Céu Claro ; Simples ; Interseção de vias ; Sim ;4;1;2;0;1;0;2;2;-6,015183;-40,294764; SPRF-CE ; DEL02-CE ; UOP02-DEL02-CE 
502048;2023-01-29; domingo ; 21:30:00 ; MG ;381;652,3; SANTO ANTONIO DO AMPARO ; Objeto estático sobre o leito carroçável ; Saída de leito carroçável ; Sem Vítimas ; Plena Noite ; Decrescente ; Chuva ; Dupla ; Curva ; Não ;1;0;0;0;1;0;0;1;-20,98384831;-44,94479972; SPRF-MG ; DEL04-MG ; UOP02-DEL04-MG 
502049;2023-01-29; domingo ; 22:45:00 ; MG ;40;462; SETE LAGOAS ; Avarias e/ou desgaste excessivo no pneu ; Saída de leito carroçável ; Com Vítimas Feridas ; Plena Noite ; Crescente ; Chuva ; Dupla ; Não Informado ; Não ;1;0;1;0;0;0;1;1;-19,4136917;-44,33879427; SPRF-MG ; DEL02-MG ; UOP01-DEL02-MG 
502050;2023-01-29; domingo ; 23:00:00 ; PE ;101;70; RECIFE ; Condutor deixou de manter distância do veículo da frente ; Colisão traseira ; Com Vítimas Feridas ; Plena Noite ; Decrescente ; Céu Claro ; Dupla ; Não Informado ; Não ;2;0;0;1;0;1;1;2;-8,06776119;-34,94265074; SPRF-PE ; DEL01-PE ; UOP01-DEL01-PE 
502051;2023-01-29; domingo ; 22:45:00 ; SE ;101;139; ESTANCIA ; Reação tardia ou ineficiente do condutor ; Colisão traseira ; Com Vítimas Feridas ; Plena Noite ; Crescente ; Céu Claro ; Dupla ; Reta ; Não ;2;0;1;0;1;0;1;2;-11,16432207;-37,39806827; SPRF-SE ; DEL02-SE ; UOP01-DEL02-SE 
502052;2023-01-29; domingo ; 21:35:00 ; PR ;376;1,5; APUCARANA ; Acessar a via sem observar a presença dos outros veículos ; Colisão transversal ; Com Vítimas Feridas ; Plena Noite ; Decrescente ; Nublado ; Simples ; Reta ; Não ;2;0;0;1;1;0;1;2;-23,5513;-51,461266; SPRF-PR ; DEL07-PR ; UOP03-DEL07-PR 
502053;2023-01-29; domingo ; 22:30:00 ; SP ;116;142,6; SAO JOSE DOS CAMPOS ; Ausência de reação do condutor ; Colisão com objeto ; Com Vítimas Feridas ; Plena Noite ; Decrescente ; Chuva ; Dupla ; Reta ; Sim ;1;0;1;0;0;0;1;1;-23,17426078;-45,82940111; SPRF-SP ; DEL02-SP ; UOP01-DEL02-SP 
502055;2023-01-29; domingo ; 20:00:00 ; SC ;280;118; SAO BENTO DO SUL ; Ausência de reação do condutor ; Saída de leito carroçável ; Sem Vítimas ; Plena Noite ; Crescente ; Chuva ; Simples ; Reta ; Não ;1;0;0;0;1;0;0;1;-26,26608202;-49,42467403; SPRF-SC ; DEL06-SC ; UOP03-DEL06-SC 
502057;2023-01-29; domingo ; 23:40:00 ; PR ;376;644; TIJUCAS DO SUL ; Transitar na contramão ; Colisão frontal ; Sem Vítimas ; Plena Noite ; Crescente ; Nublado ; Simples ; Não Informado ; Não ;2;0;0;0;1;1;0;2;-25,81419584;-49,13167969; SPRF-PR ; DEL01-PR ; UOP04-DEL01-PR 
502058;2023-01-29; domingo ; 21:25:00 ; RO ;364;342; JI-PARANA ; Demais falhas mecânicas ou elétricas ; Colisão com objeto ; Com Vítimas Feridas ; Plena Noite ; Crescente ; Céu Claro ; Dupla ; Não Informado ; Não ;4;0;1;1;2;0;2;1;-10,88381227;-61,93741416; SPRF-RO ; DEL02-RO ; UOP01-DEL02-RO 
502059;2023-01-29; domingo ; 22:50:00 ; MG ;262;12,9; MARTINS SOARES ; Reação tardia ou ineficiente do condutor ; Colisão com objeto ; Com Vítimas Feridas ; Plena Noite ; Crescente ; Céu Claro ; Simples ; Reta ; Não ;13;0;12;1;0;0;13;1;-20,25771509;-41,86161294; SPRF-MG ; DEL06-MG ; UOP03-DEL06-MG 
502060;2023-01-29; domingo ; 20:10:00 ; RO ;364;240; CACOAL ; Ingestão de álcool pelo condutor ; Colisão lateral mesmo sentido ; Com Vítimas Feridas ; Plena Noite ; Crescente ; Céu Claro ; Simples ; Reta ; Sim ;4;0;4;0;0;0;4;2;-11,43579019;-61,47096987; SPRF-RO ; DEL02-RO ; UOP02-DEL02-RO 
502061;2023-01-29; domingo ; 23:11:00 ; MT ;163;839; SINOP ; Reação tardia ou ineficiente do condutor ; Colisão com objeto ; Com Vítimas Feridas ; Plena Noite ; Decrescente ; Céu Claro ; Dupla ; Reta ; Sim ;1;0;0;1;0;0;1;1;-11,951051;-55,516876; SPRF-MT ; DEL06-MT ; UOP02-DEL06-MT 
502062;2023-01-30; segunda-feira ; 00:45:00 ; BA ;116;17; VITORIA DA CONQUISTA ; Acessar a via sem observar a presença dos outros veículos ; Colisão transversal ; Com Vítimas Feridas ; Plena Noite ; Crescente ; Nublado ; Simples ; Interseção de vias ; Sim ;5;0;1;0;4;0;1;2;-14,851;-40,8485; SPRF-BA ; DEL08-BA ; UOP01-DEL08-BA 
502063;2023-01-29; domingo ; 21:20:00 ; RJ ;40;119; DUQUE DE CAXIAS ; Manobra de mudança de faixa ; Colisão lateral mesmo sentido ; Com Vítimas Feridas ; Plena Noite ; Decrescente ; Céu Claro ; Múltipla ; Reta ; Sim ;3;0;1;1;0;1;2;2;-22,76397393;-43,2866478; SPRF-RJ ; DEL01-RJ ; UOP01-DEL01-RJ 
502065;2023-01-29; domingo ; 22:00:00 ; RO ;364;382; OURO PRETO DO OESTE ; Condutor deixou de manter distância do veículo da frente ; Colisão traseira ; Sem Vítimas ; Plena Noite ; Crescente ; Nublado ; Simples ; Reta ; Não ;4;0;0;0;4;0;0;2;-10,72605374;-62,23652595; SPRF-RO ; DEL02-RO ; UOP01-DEL02-RO 
502066;2023-01-30; segunda-feira ; 02:10:00 ; RS ;116;237; NOVO HAMBURGO ; Reação tardia ou ineficiente do condutor ; Colisão com objeto ; Com Vítimas Feridas ; Plena Noite ; Decrescente ; Céu Claro ; Dupla ; Não Informado ; Sim ;1;0;1;0;0;0;1;1;-29,68504471;-51,14161618; SPRF-RS ; DEL01-RS ; UOP02-DEL01-RS 
502067;2023-01-29; domingo ; 23:17:00 ; MA ;135;13; SAO LUIS ; Reação tardia ou ineficiente do condutor ; Colisão com objeto ; Com Vítimas Feridas ; Plena Noite ; Decrescente ; Céu Claro ; Simples ; Reta ; Sim ;2;0;1;0;1;0;1;1;-2,68053538;-44,29512283; SPRF-MA ; DEL01-MA ; UOP01-DEL01-MA 
502068;2023-01-30; segunda-feira ; 00:30:00 ; MT ;364;203; RONDONOPOLIS ; Ausência de reação do condutor ; Tombamento ; Com Vítimas Feridas ; Plena Noite ; Crescente ; Chuva ; Dupla ; Não Informado ; Sim ;1;0;1;0;0;0;1;1;-16,47555256;-54,65344724; SPRF-MT ; DEL02-MT ; UOP01-DEL02-MT 
502069;2023-01-30; segunda-feira ; 03:00:00 ; SP ;116;229; SAO PAULO ; Ausência de reação do condutor ; Engavetamento ; Com Vítimas Feridas ; Plena Noite ; Decrescente ; Nublado ; Múltipla ; Reta ; Não ;6;0;4;0;2;0;4;5;-23,51291902;-46,57604698; SPRF-SP ; DEL01-SP ; UOP01-DEL01-SP 
502070;2023-01-30; segunda-feira ; 02:00:00 ; CE ;116;18; FORTALEZA ; Velocidade Incompatível ; Colisão com objeto ; Sem Vítimas ; Plena Noite ; Crescente ; Céu Claro ; Dupla ; Reta ; Sim ;1;0;0;0;0;1;0;1;-3,90496605;-38,50518756; SPRF-CE ; DEL01-CE ; UOP02-DEL01-CE 
502071;2023-01-29; domingo ; 21:15:00 ; MS ;163;543,8; BANDEIRANTES ; Ausência de reação do condutor ; Saída de leito carroçável ; Sem Vítimas ; Plena Noite ; Crescente ; Céu Claro ; Simples ; Reta ; Não ;1;0;0;0;1;0;0;1;-19,96315981;-54,37880145; SPRF-MS ; DEL01-MS ; UOP02-DEL01-MS 
502073;2023-01-30; segunda-feira ; 03:30:00 ; MG ;40;481,3; SETE LAGOAS ; Condutor Dormindo ; Colisão traseira ; Com Vítimas Feridas ; Plena Noite ; Crescente ; Nublado ; Múltipla ; Reta ; Não ;2;0;1;0;1;0;1;2;-19,5511262;-44,24459038; SPRF-MG ; DEL02-MG ; UOP01-DEL02-MG 
502076;2023-01-30; segunda-feira ; 05:00:00 ; PI ;343;47; BURITI DOS LOPES ; Animais na Pista ; Capotamento ; Com Vítimas Feridas ; Amanhecer ; Crescente ; Céu Claro ; Simples ; Reta ; Sim ;3;0;3;0;0;0;3;1;-3,16904;-41,861897; SPRF-PI ; DEL05-PI ; UOP01-DEL05-PI 
502077;2023-01-30; segunda-feira ; 05:25:00 ; ES ;101;189; ARACRUZ ; Acessar a via sem observar a presença dos outros veículos ; Colisão transversal ; Com Vítimas Feridas ; Amanhecer ; Crescente ; Garoa/Chuvisco ; Simples ; Interseção de vias ; Não ;2;0;1;0;1;0;1;2;-19,68134019;-40,27051885; SPRF-ES ; DEL04-ES ; UOP01-DEL04-ES 
502079;2023-01-30; segunda-feira ; 05:25:00 ; PR ;153;48,8; SANTO ANTONIO DA PLATINA ; Ausência de reação do condutor ; Colisão traseira ; Com Vítimas Feridas ; Amanhecer ; Decrescente ; Garoa/Chuvisco ; Simples ; Curva ; Não ;2;0;1;0;0;1;1;2;-23,34623012;-50,0664882; SPRF-PR ; DEL07-PR ; UOP04-DEL07-PR 
502081;2023-01-01; domingo ; 18:00:00 ; BA ;116;3; VITORIA DA CONQUISTA ; Acessar a via sem observar a presença dos outros veículos ; Colisão transversal ; Com Vítimas Feridas ; Anoitecer ; Decrescente ; Céu Claro ; Simples ; Não Informado ; Não ;7;0;1;0;6;0;1;2;-14,851;-40,8485; SPRF-BA ; DEL08-BA ; UOP01-DEL08-BA 
502082;2023-01-30; segunda-feira ; 07:00:00 ; MG ;381;402; BOM JESUS DO AMPARO ; Velocidade Incompatível ; Saída de leito carroçável ; Com Vítimas Feridas ; Pleno dia ; Crescente ; Céu Claro ; Dupla ; Não Informado ; Não ;1;0;0;1;0;0;1;1;-19,75364097;-43,52827802; SPRF-MG ; DEL01-MG ; UOP01-DEL01-MG 
502083;2023-01-30; segunda-feira ; 06:35:00 ; RS ;285;280,3; MATO CASTELHANO ; Transitar na contramão ; Colisão lateral sentido oposto ; Com Vítimas Feridas ; Amanhecer ; Decrescente ; Céu Claro ; Simples ; Reta ; Não ;3;0;0;1;2;0;1;2;-28,251572;-52,252426; SPRF-RS ; DEL08-RS ; UOP03-DEL08-RS 
502085;2023-01-20; sexta-feira ; 18:05:00 ; PR ;277;523; GUARANIACU ; Avarias e/ou desgaste excessivo no pneu ; Saída de leito carroçável ; Com Vítimas Fatais ; Anoitecer ; Crescente ; Chuva ; Simples ; Curva ; Não ;1;1;0;0;0;0;0;1;-25,11018112;-52,85167802; SPRF-PR ; DEL04-PR ; UOP05-DEL04-PR 
502086;2023-01-29; domingo ; 19:00:00 ; PA ;230;515; ANAPU ; Objeto estático sobre o leito carroçável ; Colisão com objeto ; Com Vítimas Fatais ; Plena Noite ; Crescente ; Chuva ; Simples ; Reta ; Não ;2;1;0;0;1;0;0;2;-3,36922044;-51,32427426; SPRF-PA ; DEL04-PA ; UOP01-DEL04-PA 
502087;2023-01-30; segunda-feira ; 02:30:00 ; RJ ;40;0; COMENDADOR LEVY GASPARIAN ; Pista Escorregadia ; Capotamento ; Com Vítimas Feridas ; Plena Noite ; Decrescente ; Nublado ; Dupla ; Não Informado ; Não ;4;0;1;0;3;0;1;1;-22,011084;-43,26723; SPRF-RJ ; DEL06-RJ ; UOP01-DEL06-RJ 