 id ; data_inversa ; dia_semana ; horario ; uf ; br ; km ; municipio ; causa_acidente ; tipo_acidente ; classificacao_acidente ; fase_dia ; sentido_via ; condicao_metereologica ; tipo_pista ; tracado_via ; uso_solo ; pessoas ; mortos ; feridos_leves ; feridos_graves ; ilesos ; ignorados ; feridos ; veiculos ; latitude ; longitude ; regional ; delegacia ; uop 
502092;2023-01-30; segunda-feira ; 06:35:00 ; GO ;153;508; APARECIDA DE GOIANIA ; Condutor deixou de manter distância do veículo da frente ; Colisão traseira ; Com Vítimas Feridas ; Pleno dia ; Decrescente ; Céu Claro ; Dupla ; Não Informado ; Sim ;2;0;1;0;1;0;1;2;-16,7804;-49,2371; SPRF-GO ; DEL01-GO ; UOP03-DEL01-GO 
502094;2023-01-30; segunda-feira ; 07:50:00 ; BA ;418;87; NOVA VICOSA ; Ausência de reação do condutor ; Colisão traseira ; Com Vítimas Feridas ; Pleno dia ; Crescente ; Céu Claro ; Simples ; Não Informado ; Sim ;2;0;0;1;1;0;1;2;-17,892078;-39,81627; SPRF-BA ; DEL09-BA ; UOP02-DEL09-BA 
502095;2023-01-28; sábado ; 18:15:00 ; MG ;381;453; SABARA ; Conversão proibida ; Colisão lateral sentido oposto ; Sem Vítimas ; Pleno dia ; Decrescente ; Chuva ; Simples ; Curva ; Não ;2;0;0;0;2;0;0;2;-19,85197588;-43,88851019; SPRF-MG ; DEL01-MG ; UOP01-DEL01-MG 
502098;2023-01-29; domingo ; 22:10:00 ; RN ;405;156; PAU DOS FERROS ; Deficiência do Sistema de Iluminação/Sinalização ; Atropelamento de Pedestre ; Com Vítimas Feridas ; Plena Noite ; Crescente ; Céu Claro ; Simples ; Reta ; Sim ;2;0;0;2;0;0;2;1;-6,15854069;-38,2077416; SPRF-RN ; DEL04-RN ; UOP02-DEL04-RN 
502099;2023-01-30; segunda-feira ; 06:00:00 ; RO ;364;712; PORTO VELHO ; Acessar a via sem observar a presença dos outros veículos ; Colisão transversal ; Com Vítimas Feridas ; Amanhecer ; Decrescente ; Nublado ; Dupla ; Reta ; Sim ;3;0;1;1;0;1;2;2;-8,77393788;-63,87891769; SPRF-RO ; DEL01-RO ; UOP01-DEL01-RO 
502100;2023-01-28; sábado ; 20:00:00 ; MG ;381;440; SABARA ; Reação tardia ou ineficiente do condutor ; Queda de ocupante de veículo ; Com Vítimas Feridas ; Plena Noite ; Crescente ; Nublado ; Simples ; Reta ; Não ;1;0;0;1;0;0;1;1;-19,81160206;-43,79604396; SPRF-MG ; DEL01-MG ; UOP01-DEL01-MG 
502101;2023-01-29; domingo ; 19:00:00 ; RO ;364;1006; PORTO VELHO ; Transitar na contramão ; Colisão frontal ; Com Vítimas Fatais ; Plena Noite ; Crescente ; Céu Claro ; Simples ; Reta ; Não ;2;1;0;1;0;0;1;2;-9,70695628;-66,04972194; SPRF-RO ; DEL01-RO ; UOP03-DEL01-RO 
502108;2023-01-30; segunda-feira ; 08:30:00 ; PR ;277;80; CURITIBA ; Reação tardia ou ineficiente do condutor ; Colisão lateral mesmo sentido ; Com Vítimas Feridas ; Pleno dia ; Crescente ; Nublado ; Dupla ; Reta ; Sim ;2;0;1;0;1;0;1;2;-25,47666056;-49,20747936; SPRF-PR ; DEL01-PR ; UOP01-DEL01-PR 
502110;2023-01-30; segunda-feira ; 07:20:00 ; PR ;376;645,1; TIJUCAS DO SUL ; Ausência de reação do condutor ; Tombamento ; Com Vítimas Feridas ; Pleno dia ; Decrescente ; Chuva ; Simples ; Não Informado ; Não ;2;0;1;0;1;0;1;1;-25,82214295;-49,12707913; SPRF-PR ; DEL01-PR ; UOP04-DEL01-PR 
502111;2023-01-30; segunda-feira ; 08:00:00 ; SC ;101;327; CAPIVARI DE BAIXO ; Obstrução na via ; Colisão traseira ; Com Vítimas Feridas ; Pleno dia ; Crescente ; Céu Claro ; Dupla ; Viaduto ; Sim ;8;0;1;0;7;0;1;4;-28,44012;-48,963143; SPRF-SC ; DEL02-SC ; UOP01-DEL02-SC 
502112;2023-01-30; segunda-feira ; 07:00:00 ; MG ;40;530,9; BELO HORIZONTE ; Ausência de reação do condutor ; Colisão lateral mesmo sentido ; Com Vítimas Feridas ; Pleno dia ; Crescente ; Céu Claro ; Dupla ; Não Informado ; Sim ;2;0;1;0;0;1;1;2;-19,92064782;-44,0335681; SPRF-MG ; DEL01-MG ; UOP02-DEL01-MG 
502113;2023-01-30; segunda-feira ; 07:55:00 ; RN ;101;134,5; ARES ; Ausência de reação do condutor ; Tombamento ; Com Vítimas Feridas ; Pleno dia ; Decrescente ; Céu Claro ; Dupla ; Curva ; Não ;2;0;2;0;0;0;2;1;-6,18022401;-35,21699006; SPRF-RN ; DEL01-RN ; UOP01-DEL01-RN 
502115;2023-01-30; segunda-feira ; 08:00:00 ; BA ;116;816,2; VITORIA DA CONQUISTA ; Reação tardia ou ineficiente do condutor ; Tombamento ; Com Vítimas Feridas ; Pleno dia ; Crescente ; Céu Claro ; Simples ; Reta ; Não ;1;0;1;0;0;0;1;1;-14,77751018;-40,73036091; SPRF-BA ; DEL08-BA ; UOP01-DEL08-BA 
502116;2023-01-30; segunda-feira ; 09:00:00 ; BA ;324;621; SALVADOR ; Condutor deixou de manter distância do veículo da frente ; Colisão traseira ; Com Vítimas Feridas ; Pleno dia ; Crescente ; Céu Claro ; Dupla ; Reta ; Sim ;5;0;1;0;4;0;1;4;-12,91233708;-38,45956983; SPRF-BA ; DEL01-BA ; UOP01-DEL01-BA 
502122;2023-01-30; segunda-feira ; 10:11:00 ; PE ;104;78; AGRESTINA ; Ausência de reação do condutor ; Saída de leito carroçável ; Sem Vítimas ; Pleno dia ; Crescente ; Céu Claro ; Simples ; Curva ; Não ;1;0;0;0;0;1;0;1;-8,384866;-35,982338; SPRF-PE ; DEL02-PE ; UOP01-DEL02-PE 
502124;2023-01-30; segunda-feira ; 11:05:00 ; RJ ;116;300; PORTO REAL ; Condutor Dormindo ; Colisão traseira ; Com Vítimas Feridas ; Pleno dia ; Crescente ; Nublado ; Dupla ; Reta ; Não ;1;0;1;0;0;0;1;1;-22,45223481;-44,35432502; SPRF-RJ ; DEL07-RJ ; UOP02-DEL07-RJ 
502126;2023-01-30; segunda-feira ; 12:00:00 ; RS ;116;38; VACARIA ; Acessar a via sem observar a presença dos outros veículos ; Colisão transversal ; Com Vítimas Feridas ; Pleno dia ; Crescente ; Céu Claro ; Simples ; Reta ; Sim ;4;0;2;0;2;0;2;3;-28,50548;-50,92516; SPRF-RS ; DEL05-RS ; UOP03-DEL05-RS 
502127;2023-01-30; segunda-feira ; 08:43:00 ; MA ;222;661; ACAILANDIA ; Condutor deixou de manter distância do veículo da frente ; Colisão traseira ; Com Vítimas Feridas ; Pleno dia ; Decrescente ; Céu Claro ; Simples ; Não Informado ; Não ;2;0;1;0;1;0;1;2;-4,87587256;-47,35338025; SPRF-MA ; DEL04-MA ; UOP03-DEL04-MA 
502128;2023-01-30; segunda-feira ; 12:25:00 ; RS ;470;159; NOVA PRATA ; Desrespeitar a preferência no cruzamento ; Colisão transversal ; Com Vítimas Feridas ; Pleno dia ; Decrescente ; Céu Claro ; Simples ; Rotatória ; Sim ;2;0;1;0;1;0;1;2;-28,8014352;-51,60989642; SPRF-RS ; DEL06-RS ; UOP02-DEL06-RS 
502129;2023-01-30; segunda-feira ; 09:15:00 ; PE ;101;23,5; GOIANA ; Acumulo de água sobre o pavimento ; Saída de leito carroçável ; Com Vítimas Feridas ; Pleno dia ; Decrescente ; Chuva ; Múltipla ; Não Informado ; Não ;2;0;1;0;1;0;1;1;-7,68357776;-34,92410458; SPRF-PE ; DEL01-PE ; UOP02-DEL01-PE 
502130;2023-01-06; sexta-feira ; 17:30:00 ; MS ;60;422; SIDROLANDIA ; Desrespeitar a preferência no cruzamento ; Colisão transversal ; Com Vítimas Feridas ; Pleno dia ; Crescente ; Céu Claro ; Simples ; Curva ; Sim ;2;0;1;0;0;1;1;2;-20,90647275;-54,94123021; SPRF-MS ; DEL01-MS ; UOP04-DEL01-MS 
502131;2023-01-30; segunda-feira ; 12:10:00 ; GO ;414;439; ANAPOLIS ; Conversão proibida ; Colisão lateral mesmo sentido ; Com Vítimas Feridas ; Pleno dia ; Decrescente ; Céu Claro ; Simples ; Reta ; Sim ;2;0;1;0;1;0;1;2;-16,28128823;-48,94258908; SPRF-GO ; DEL02-GO ; UOP01-DEL02-GO 
502132;2023-01-30; segunda-feira ; 12:15:00 ; SC ;101;213,1; PALHOCA ; Ausência de reação do condutor ; Colisão traseira ; Com Vítimas Feridas ; Pleno dia ; Crescente ; Sol ; Múltipla ; Reta ; Sim ;2;0;1;0;1;0;1;2;-27,63697369;-48,66514142; SPRF-SC ; DEL01-SC ; UOP02-DEL01-SC 
502135;2023-01-30; segunda-feira ; 11:55:00 ; PE ;101;46,6; IGARASSU ; Acessar a via sem observar a presença dos outros veículos ; Colisão transversal ; Com Vítimas Feridas ; Pleno dia ; Crescente ; Céu Claro ; Múltipla ; Reta ; Sim ;2;0;1;0;1;0;1;2;-7,879963;-34,905045; SPRF-PE ; DEL01-PE ; UOP02-DEL01-PE 
502137;2023-01-30; segunda-feira ; 07:40:00 ; CE ;222;40,6; CAUCAIA ; Conversão proibida ; Colisão traseira ; Com Vítimas Feridas ; Pleno dia ; Decrescente ; Garoa/Chuvisco ; Simples ; Reta ; Sim ;2;0;1;0;0;1;1;2;-3,68690023;-38,90730706; SPRF-CE ; DEL01-CE ; UOP03-DEL01-CE 
502139;2023-01-30; segunda-feira ; 12:55:00 ; SC ;101;131,5; BALNEARIO CAMBORIU ; Ultrapassagem Indevida ; Colisão frontal ; Com Vítimas Fatais ; Pleno dia ; Crescente ; Sol ; Múltipla ; Reta ; Sim ;4;1;0;1;1;1;1;3;-26,99064209;-48,66310912; SPRF-SC ; DEL04-SC ; UOP03-DEL04-SC 
502143;2023-01-30; segunda-feira ; 13:30:00 ; RJ ;101;270; RIO BONITO ; Condutor Dormindo ; Saída de leito carroçável ; Com Vítimas Feridas ; Pleno dia ; Crescente ; Céu Claro ; Dupla ; Reta ; Sim ;1;0;1;0;0;0;1;1;-22,71852325;-42,68689289; SPRF-RJ ; DEL02-RJ ; UOP03-DEL02-RJ 
502144;2023-01-30; segunda-feira ; 11:00:00 ; PI ;343;146; PIRACURUCA ; Conversão proibida ; Colisão transversal ; Sem Vítimas ; Pleno dia ; Crescente ; Céu Claro ; Simples ; Reta ; Não ;6;0;0;0;6;0;0;2;-3,963265;-41,738991; SPRF-PI ; DEL02-PI ; UOP01-DEL02-PI 
502146;2023-01-30; segunda-feira ; 14:00:00 ; MG ;381;357; JOAO MONLEVADE ; Acessar a via sem observar a presença dos outros veículos ; Colisão lateral mesmo sentido ; Com Vítimas Feridas ; Pleno dia ; Decrescente ; Céu Claro ; Simples ; Curva ; Não ;4;0;1;0;3;0;1;2;-19,85175308;-43,213709; SPRF-MG ; DEL03-MG ; UOP01-DEL03-MG 
502148;2023-01-22; domingo ; 20:40:00 ; RO ;364;282; PRESIDENTE MEDICI ; Ultrapassagem Indevida ; Colisão frontal ; Com Vítimas Feridas ; Plena Noite ; Decrescente ; Nublado ; Simples ; Reta ; Não ;8;0;5;0;3;0;5;2;-11,37476688;-61,82168795; SPRF-RO ; DEL02-RO ; UOP01-DEL02-RO 
502149;2023-01-30; segunda-feira ; 13:25:00 ; SC ;282;613; IRACEMINHA ; Demais Fenômenos da natureza ; Colisão com objeto ; Com Vítimas Feridas ; Pleno dia ; Decrescente ; Céu Claro ; Simples ; Reta ; Não ;2;0;1;0;0;1;1;1;-26,765053;-53,255871; SPRF-SC ; DEL07-SC ; UOP02-DEL07-SC 
502150;2023-01-30; segunda-feira ; 13:30:00 ; PR ;277;730,6; FOZ DO IGUACU ; Demais falhas mecânicas ou elétricas ; Colisão com objeto ; Sem Vítimas ; Pleno dia ; Decrescente ; Céu Claro ; Múltipla ; Não Informado ; Sim ;1;0;0;0;1;0;0;1;-25,51014088;-54,5975036; SPRF-PR ; DEL05-PR ; UOP03-DEL05-PR 
502152;2023-01-30; segunda-feira ; 13:40:00 ; TO ;153;337; GUARAI ; Acessar a via sem observar a presença dos outros veículos ; Atropelamento de Pedestre ; Com Vítimas Fatais ; Pleno dia ; Crescente ; Céu Claro ; Simples ; Reta ; Sim ;3;1;0;0;2;0;0;1;-8,863007;-48,50835; SPRF-TO ; DEL02-TO ; UOP02-DEL02-TO 
502154;2023-01-30; segunda-feira ; 14:30:00 ; RS ;290;92; PORTO ALEGRE ; Ultrapassagem Indevida ; Tombamento ; Com Vítimas Feridas ; Pleno dia ; Crescente ; Sol ; Simples ; Não Informado ; Não ;1;0;1;0;0;0;1;1;-29,971916;-51,176838; SPRF-RS ; DEL01-RS ; UOP01-DEL01-RS 
502155;2023-01-30; segunda-feira ; 14:30:00 ; PE ;101;73,5; RECIFE ; Acessar a via sem observar a presença dos outros veículos ; Colisão lateral mesmo sentido ; Com Vítimas Feridas ; Pleno dia ; Crescente ; Céu Claro ; Dupla ; Curva ; Sim ;3;0;0;1;2;0;1;2;-8,098066;-34,950263; SPRF-PE ; DEL01-PE ; UOP01-DEL01-PE 
502157;2023-01-30; segunda-feira ; 11:50:00 ; MG ;262;582,7; CAMPOS ALTOS ; Avarias e/ou desgaste excessivo no pneu ; Saída de leito carroçável ; Com Vítimas Feridas ; Pleno dia ; Crescente ; Chuva ; Simples ; Reta ; Não ;3;0;2;1;0;0;3;1;-19,65940054;-46,08867645; SPRF-MG ; DEL08-MG ; UOP02-DEL08-MG 
502158;2023-01-30; segunda-feira ; 13:45:00 ; MG ;365;652,6; UBERLANDIA ; Ausência de reação do condutor ; Colisão com objeto ; Com Vítimas Feridas ; Pleno dia ; Decrescente ; Nublado ; Dupla ; Reta ; Não ;3;0;1;0;0;2;1;1;-18,86503533;-48,58165294; SPRF-MG ; DEL15-MG ; UOP01-DEL15-MG 
502159;2023-01-30; segunda-feira ; 14:45:00 ; MG ;381;816; CAREACU ; Reação tardia ou ineficiente do condutor ; Colisão traseira ; Com Vítimas Feridas ; Pleno dia ; Crescente ; Nublado ; Dupla ; Não Informado ; Não ;9;0;3;0;6;0;3;2;-22,0934877;-45,71077521; SPRF-MG ; DEL16-MG ; UOP02-DEL16-MG 
502160;2023-01-30; segunda-feira ; 14:39:00 ; TO ;10;338; PALMAS ; Reação tardia ou ineficiente do condutor ; Colisão traseira ; Com Vítimas Feridas ; Pleno dia ; Crescente ; Sol ; Dupla ; Reta ; Sim ;4;0;2;0;2;0;2;2;-10,232172;-48,311511; SPRF-TO ; DEL01-TO ; UOP03-DEL01-TO 
502161;2023-01-29; domingo ; 19:10:00 ; RJ ;101;238,5; SILVA JARDIM ; Acessar a via sem observar a presença dos outros veículos ; Atropelamento de Pedestre ; Com Vítimas Fatais ; Plena Noite ; Crescente ; Céu Claro ; Dupla ; Reta ; Sim ;3;1;0;0;2;0;0;1;-22,62072767;-42,41971425; SPRF-RJ ; DEL02-RJ ; UOP03-DEL02-RJ 
502163;2023-01-30; segunda-feira ; 13:30:00 ; SC ;282;501,3; XANXERE ; Desrespeitar a preferência no cruzamento ; Colisão transversal ; Com Vítimas Feridas ; Pleno dia ; Decrescente ; Céu Claro ; Simples ; Interseção de vias ; Sim ;2;0;1;0;1;0;1;2;-26,882834;-52,381398; SPRF-SC ; DEL07-SC ; UOP01-DEL07-SC 
502167;2023-01-30; segunda-feira ; 15:10:00 ; RJ ;116;193; NOVA IGUACU ; Pista esburacada ; Queda de ocupante de veículo ; Com Vítimas Feridas ; Pleno dia ; Decrescente ; Céu Claro ; Dupla ; Reta ; Não ;1;0;1;0;0;0;1;1;-22,73960178;-43,52859094; SPRF-RJ ; DEL01-RJ ; UOP02-DEL01-RJ 
502169;2023-01-30; segunda-feira ; 15:00:00 ; SP ;153;270,1; VERA CRUZ ; Demais falhas mecânicas ou elétricas ; Tombamento ; Com Vítimas Feridas ; Pleno dia ; Decrescente ; Nublado ; Simples ; Não Informado ; Não ;2;0;2;0;0;0;2;1;-22,35293356;-49,89303589; SPRF-SP ; DEL07-SP ; UOP02-DEL07-SP 
502171;2023-01-30; segunda-feira ; 15:30:00 ; RN ;226;6; NATAL ; Ausência de reação do condutor ; Colisão com objeto ; Com Vítimas Feridas ; Pleno dia ; Decrescente ; Céu Claro ; Simples ; Reta ; Sim ;3;0;2;0;0;1;2;1;-5,82628;-35,280325; SPRF-RN ; DEL01-RN ; UOP02-DEL01-RN 
502173;2023-01-30; segunda-feira ; 15:50:00 ; SC ;101;45; JOINVILLE ; Velocidade Incompatível ; Tombamento ; Com Vítimas Feridas ; Pleno dia ; Decrescente ; Sol ; Simples ; Curva ; Não ;1;0;1;0;0;0;1;1;-26,34565546;-48,85728055; SPRF-SC ; DEL03-SC ; UOP01-DEL03-SC 
502175;2023-01-30; segunda-feira ; 17:10:00 ; SC ;101;226,1; PALHOCA ; Avarias e/ou desgaste excessivo no pneu ; Queda de ocupante de veículo ; Com Vítimas Feridas ; Pleno dia ; Crescente ; Sol ; Dupla ; Reta ; Não ;2;0;0;2;0;0;2;1;-27,74200001;-48,63806504; SPRF-SC ; DEL01-SC ; UOP02-DEL01-SC 
502176;2023-01-30; segunda-feira ; 16:40:00 ; DF ;20;1; BRASILIA ; Demais falhas mecânicas ou elétricas ; Colisão com objeto ; Com Vítimas Feridas ; Pleno dia ; Decrescente ; Nublado ; Dupla ; Reta ; Sim ;2;0;1;0;1;0;1;1;-15,685814;-47,849838; SPRF-DF ; DEL02-DF ; UOP01-DEL02-DF 
502178;2023-01-30; segunda-feira ; 17:00:00 ; PE ;101;69; RECIFE ; Manobra de mudança de faixa ; Colisão lateral mesmo sentido ; Com Vítimas Feridas ; Pleno dia ; Decrescente ; Céu Claro ; Simples ; Não Informado ; Sim ;2;0;1;0;1;0;1;2;-8,05951606;-34,94581024; SPRF-PE ; DEL01-PE ; UOP01-DEL01-PE 
502179;2023-01-30; segunda-feira ; 17:00:00 ; PR ;369;172; ROLANDIA ; Conversão proibida ; Colisão transversal ; Com Vítimas Feridas ; Pleno dia ; Crescente ; Céu Claro ; Simples ; Reta ; Sim ;3;0;0;1;2;0;1;2;-23,30681511;-51,36500537; SPRF-PR ; DEL07-PR ; UOP01-DEL07-PR 
502180;2023-01-30; segunda-feira ; 16:10:00 ; BA ;324;354; CAPIM GROSSO ; Acesso irregular ; Colisão frontal ; Com Vítimas Feridas ; Pleno dia ; Decrescente ; Céu Claro ; Simples ; Reta ; Sim ;3;0;0;1;1;1;1;2;-11,38285679;-40,00285149; SPRF-BA ; DEL04-BA ; UOP02-DEL04-BA 
502181;2023-01-30; segunda-feira ; 17:05:00 ; RN ;101;125; SAO JOSE DE MIPIBU ; Ingestão de álcool pelo condutor ; Atropelamento de Pedestre ; Com Vítimas Feridas ; Anoitecer ; Crescente ; Céu Claro ; Dupla ; Reta ; Sim ;3;0;2;1;0;0;3;1;-6,07815599;-35,23412006; SPRF-RN ; DEL01-RN ; UOP01-DEL01-RN 
502182;2023-01-30; segunda-feira ; 08:00:00 ; RJ ;101;512; ANGRA DOS REIS ; Acessar a via sem observar a presença dos outros veículos ; Atropelamento de Pedestre ; Com Vítimas Feridas ; Pleno dia ; Crescente ; Céu Claro ; Dupla ; Reta ; Sim ;3;0;1;0;1;1;1;1;-22,96909;-44,44151; SPRF-RJ ; DEL03-RJ ; UOP02-DEL03-RJ 
502183;2023-01-30; segunda-feira ; 16:30:00 ; PB ;104;138,5; QUEIMADAS ; Acessar a via sem observar a presença dos outros veículos ; Colisão transversal ; Com Vítimas Feridas ; Pleno dia ; Decrescente ; Céu Claro ; Simples ; Reta ; Sim ;2;0;1;0;1;0;1;2;-7,36116095;-35,90230617; SPRF-PB ; DEL02-PB ; UOP03-DEL02-PB 
502184;2023-01-30; segunda-feira ; 17:30:00 ; CE ;116;13,5; ITAITINGA ; Ingestão de álcool pelo condutor ; Colisão traseira ; Com Vítimas Feridas ; Anoitecer ; Crescente ; Ignorado ; Dupla ; Reta ; Sim ;3;0;2;0;0;1;2;2;-3,86088501;-38,49715296; SPRF-CE ; DEL01-CE ; UOP02-DEL01-CE 
502188;2023-01-30; segunda-feira ; 17:45:00 ; SC ;158;133; PALMITOS ; Acessar a via sem observar a presença dos outros veículos ; Colisão transversal ; Com Vítimas Feridas ; Pleno dia ; Decrescente ; Céu Claro ; Simples ; Curva ; Não ;3;0;2;0;1;0;2;2;-27,066855;-53,226028; SPRF-SC ; DEL07-SC ; UOP02-DEL07-SC 
502189;2023-01-30; segunda-feira ; 13:30:00 ; MG ;40;457,7; CAETANOPOLIS ; Velocidade Incompatível ; Saída de leito carroçável ; Com Vítimas Fatais ; Pleno dia ; Decrescente ; Nublado ; Dupla ; Não Informado ; Não ;26;3;15;8;0;0;23;1;-19,371466;-44,336132; SPRF-MG ; DEL02-MG ; UOP01-DEL02-MG 
502191;2023-01-20; sexta-feira ; 20:10:00 ; GO ;70;2; AGUAS LINDAS DE GOIAS ; Acumulo de areia ou detritos sobre o pavimento ; Saída de leito carroçável ; Sem Vítimas ; Plena Noite ; Decrescente ; Céu Claro ; Dupla ; Curva ; Sim ;1;0;0;0;1;0;0;1;-15,767021;-48,229945; SPRF-DF ; DEL01-DF ; UOP03-DEL01-DF 
502192;2023-01-30; segunda-feira ; 17:10:00 ; SP ;116;144; SAO JOSE DOS CAMPOS ; Ausência de reação do condutor ; Tombamento ; Com Vítimas Feridas ; Anoitecer ; Decrescente ; Chuva ; Dupla ; Reta ; Não ;1;0;1;0;0;0;1;1;-23,18274416;-45,84633592; SPRF-SP ; DEL02-SP ; UOP01-DEL02-SP 
502193;2023-01-30; segunda-feira ; 17:45:00 ; RS ;290;150,6; ARROIO DOS RATOS ; Reação tardia ou ineficiente do condutor ; Saída de leito carroçável ; Com Vítimas Feridas ; Pleno dia ; Crescente ; Céu Claro ; Simples ; Reta ; Não ;1;0;1;0;0;0;1;1;-30,105978;-51,706875; SPRF-RS ; DEL02-RS ; UOP01-DEL02-RS 
502196;2023-01-30; segunda-feira ; 12:20:00 ; MT ;163;1048; MATUPA ; Condutor deixou de manter distância do veículo da frente ; Colisão traseira ; Com Vítimas Feridas ; Pleno dia ; Decrescente ; Céu Claro ; Simples ; Reta ; Não ;2;0;1;0;1;0;1;2;-10,0986;-54,92234; SPRF-MT ; DEL06-MT ; UOP03-DEL06-MT 
502200;2023-01-30; segunda-feira ; 17:45:00 ; RJ ;101;417; MANGARATIBA ; Chuva ; Colisão frontal ; Com Vítimas Feridas ; Plena Noite ; Crescente ; Chuva ; Simples ; Não Informado ; Não ;5;0;3;0;2;0;3;2;-22,91293797;-43,89732384; SPRF-RJ ; DEL03-RJ ; UOP01-DEL03-RJ 
502201;2023-01-30; segunda-feira ; 17:42:00 ; MS ;262;240; RIBAS DO RIO PARDO ; Acessar a via sem observar a presença dos outros veículos ; Colisão transversal ; Com Vítimas Feridas ; Plena Noite ; Decrescente ; Céu Claro ; Simples ; Reta ; Não ;2;0;1;0;1;0;1;2;-20,45766622;-53,76551998; SPRF-MS ; DEL01-MS ; UOP01-DEL01-MS 
502202;2023-01-30; segunda-feira ; 18:20:00 ; SC ;101;204,8; SAO JOSE ; Trafegar com motocicleta (ou similar) entre as faixas ; Colisão lateral mesmo sentido ; Com Vítimas Feridas ; Pleno dia ; Crescente ; Nublado ; Dupla ; Reta ; Sim ;1;0;0;1;0;0;1;1;-27,57413014;-48,61363083; SPRF-SC ; DEL01-SC ; UOP01-DEL01-SC 
502203;2023-01-30; segunda-feira ; 18:30:00 ; PE ;232;5,6; RECIFE ; Ausência de reação do condutor ; Colisão lateral mesmo sentido ; Com Vítimas Feridas ; Plena Noite ; Crescente ; Céu Claro ; Dupla ; Não Informado ; Sim ;4;0;1;0;3;0;1;2;-8,06795766;-34,94535414; SPRF-PE ; DEL01-PE ; UOP01-DEL01-PE 
502205;2023-01-30; segunda-feira ; 16:30:00 ; MG ;116;666,3; SAO FRANCISCO DO GLORIA ; Velocidade Incompatível ; Tombamento ; Com Vítimas Feridas ; Pleno dia ; Crescente ; Nublado ; Simples ; Curva ; Não ;2;0;1;1;0;0;2;1;-20,84386903;-42,32673213; SPRF-MG ; DEL07-MG ; UOP02-DEL07-MG 
502206;2023-01-30; segunda-feira ; 18:00:00 ; MT ;163;839,5; SINOP ; Acessar a via sem observar a presença dos outros veículos ; Colisão transversal ; Com Vítimas Feridas ; Plena Noite ; Crescente ; Nublado ; Dupla ; Reta ; Sim ;2;0;2;0;0;0;2;2;-11,828;-55,487; SPRF-MT ; DEL06-MT ; UOP02-DEL06-MT 
502207;2023-01-30; segunda-feira ; 18:31:00 ; PE ;101;70,9; RECIFE ; Pedestre cruzava a pista fora da faixa ; Atropelamento de Pedestre ; Com Vítimas Feridas ; Plena Noite ; Crescente ; Céu Claro ; Dupla ; Reta ; Sim ;3;0;2;0;0;1;2;1;-8,06776119;-34,94265074; SPRF-PE ; DEL01-PE ; UOP01-DEL01-PE 
502208;2023-01-24; terça-feira ; 00:29:00 ; MS ;262;33; TRES LAGOAS ; Animais na Pista ; Atropelamento de Animal ; Com Vítimas Feridas ; Plena Noite ; Crescente ; Nublado ; Simples ; Não Informado ; Não ;4;0;1;0;3;0;1;1;-20,79271491;-51,90394998; SPRF-MS ; DEL07-MS ; UOP01-DEL07-MS 
502209;2023-01-30; segunda-feira ; 18:58:00 ; GO ;70;5,8; AGUAS LINDAS DE GOIAS ; Acessar a via sem observar a presença dos outros veículos ; Atropelamento de Pedestre ; Com Vítimas Feridas ; Anoitecer ; Decrescente ; Céu Claro ; Dupla ; Reta ; Sim ;2;0;0;1;1;0;1;1;-15,75683677;-48,25464732; SPRF-DF ; DEL01-DF ; UOP03-DEL01-DF 
502210;2023-01-11; quarta-feira ; 19:30:00 ; PI ;135;468; MONTE ALEGRE DO PIAUI ; Ultrapassagem Indevida ; Colisão frontal ; Com Vítimas Feridas ; Plena Noite ; Crescente ; Céu Claro ; Simples ; Não Informado ; Não ;6;0;2;1;3;0;3;2;-9,60233583;-45,04962316; SPRF-PI ; DEL03-PI ; UOP02-DEL03-PI 
502212;2023-01-30; segunda-feira ; 19:00:00 ; RJ ;356;149; CAMPOS DOS GOYTACAZES ; Acessar a via sem observar a presença dos outros veículos ; Colisão transversal ; Com Vítimas Feridas ; Plena Noite ; Crescente ; Céu Claro ; Simples ; Reta ; Sim ;2;0;0;1;1;0;1;2;-21,772571;-41,281193; SPRF-RJ ; DEL08-RJ ; UOP02-DEL08-RJ 
502213;2023-01-30; segunda-feira ; 10:57:00 ; PE ;232;508; SALGUEIRO ; Acessar a via sem observar a presença dos outros veículos ; Colisão transversal ; Com Vítimas Feridas ; Pleno dia ; Decrescente ; Céu Claro ; Simples ; Reta ; Sim ;6;0;3;0;2;1;3;2;-8,06223271;-39,12095006; SPRF-PE ; DEL05-PE ; UOP01-DEL05-PE 
502214;2023-01-30; segunda-feira ; 17:08:00 ; PR ;277;434,5; VIRMOND ; Acumulo de água sobre o pavimento ; Saída de leito carroçável ; Com Vítimas Fatais ; Pleno dia ; Crescente ; Chuva ; Simples ; Não Informado ; Não ;3;1;0;2;0;0;2;1;-25,3784;-52,202767; SPRF-PR ; DEL04-PR ; UOP02-DEL04-PR 
502215;2023-01-30; segunda-feira ; 18:45:00 ; PB ;101;58; SANTA RITA ; Ingestão de álcool pelo condutor ; Colisão transversal ; Com Vítimas Feridas ; Plena Noite ; Decrescente ; Céu Claro ; Dupla ; Reta ; Não ;2;0;1;0;1;0;1;2;-6,98564991;-35,07334684; SPRF-PB ; DEL01-PB ; UOP04-DEL01-PB 