 id ; data_inversa ; dia_semana ; horario ; uf ; br ; km ; municipio ; causa_acidente ; tipo_acidente ; classificacao_acidente ; fase_dia ; sentido_via ; condicao_metereologica ; tipo_pista ; tracado_via ; uso_solo ; pessoas ; mortos ; feridos_leves ; feridos_graves ; ilesos ; ignorados ; feridos ; veiculos ; latitude ; longitude ; regional ; delegacia ; uop 
502216;2023-01-30; segunda-feira ; 19:30:00 ; RJ ;393;251,4; BARRA DO PIRAI ; Manobra de mudança de faixa ; Colisão transversal ; Com Vítimas Feridas ; Plena Noite ; Decrescente ; Chuva ; Simples ; Reta ; Sim ;2;0;0;1;0;1;1;2;-22,42817793;-43,76843108; SPRF-RJ ; DEL05-RJ ; UOP02-DEL05-RJ 
502217;2023-01-30; segunda-feira ; 19:25:00 ; RJ ;40;102; DUQUE DE CAXIAS ; Ausência de reação do condutor ; Atropelamento de Pedestre ; Com Vítimas Feridas ; Plena Noite ; Decrescente ; Chuva ; Múltipla ; Não Informado ; Sim ;2;0;0;1;1;0;1;1;-22,61089297;-43,28656077; SPRF-RJ ; DEL01-RJ ; UOP01-DEL01-RJ 
502218;2023-01-30; segunda-feira ; 18:53:00 ; AL ;316;255,1; PILAR ; Conversão proibida ; Colisão transversal ; Com Vítimas Feridas ; Plena Noite ; Crescente ; Céu Claro ; Simples ; Não Informado ; Não ;2;0;0;1;1;0;1;2;-9,59051052;-35,94993902; SPRF-AL ; DEL02-AL ; UOP01-DEL02-AL 
502219;2023-01-30; segunda-feira ; 17:45:00 ; RJ ;40;33,8; AREAL ; Velocidade Incompatível ; Colisão com objeto ; Com Vítimas Feridas ; Anoitecer ; Crescente ; Chuva ; Dupla ; Curva ; Não ;1;0;1;0;0;0;1;1;-22,20148139;-43,15009735; SPRF-RJ ; DEL06-RJ ; UOP01-DEL06-RJ 
502220;2023-01-30; segunda-feira ; 18:35:00 ; GO ;60;101; ANAPOLIS ; Velocidade Incompatível ; Queda de ocupante de veículo ; Com Vítimas Feridas ; Plena Noite ; Crescente ; Céu Claro ; Dupla ; Reta ; Sim ;1;0;1;0;0;0;1;1;-16,4022;-48,9745; SPRF-GO ; DEL02-GO ; UOP01-DEL02-GO 
502222;2023-01-30; segunda-feira ; 20:20:00 ; PI ;316;304,1; PICOS ; Reação tardia ou ineficiente do condutor ; Atropelamento de Pedestre ; Com Vítimas Feridas ; Plena Noite ; Decrescente ; Céu Claro ; Dupla ; Reta ; Sim ;2;0;0;1;0;1;1;1;-7,063512;-41,516707; SPRF-PI ; DEL04-PI ; UOP01-DEL04-PI 
502223;2023-01-30; segunda-feira ; 20:10:00 ; RS ;153;502,6; CACAPAVA DO SUL ; Reação tardia ou ineficiente do condutor ; Colisão transversal ; Sem Vítimas ; Plena Noite ; Crescente ; Céu Claro ; Simples ; Reta ; Não ;5;0;0;0;5;0;0;2;-30,50814099;-53,36844502; SPRF-RS ; DEL09-RS ; UOP02-DEL09-RS 
502224;2023-01-30; segunda-feira ; 17:00:00 ; PI ;343;85; BURITI DOS LOPES ; Velocidade Incompatível ; Colisão com objeto ; Com Vítimas Feridas ; Pleno dia ; Crescente ; Chuva ; Simples ; Reta ; Não ;1;0;1;0;0;0;1;1;-3,453067;-41,745607; SPRF-PI ; DEL05-PI ; UOP01-DEL05-PI 
502225;2023-01-30; segunda-feira ; 19:40:00 ; PI ;343;48,6; BURITI DOS LOPES ; Ausência de reação do condutor ; Colisão traseira ; Com Vítimas Feridas ; Plena Noite ; Decrescente ; Garoa/Chuvisco ; Simples ; Reta ; Sim ;2;0;1;0;1;0;1;2;-3,174765;-41,86887; SPRF-PI ; DEL05-PI ; UOP01-DEL05-PI 
502226;2023-01-30; segunda-feira ; 15:44:00 ; GO ;50;158,4; CAMPO ALEGRE DE GOIAS ; Condutor Dormindo ; Saída de leito carroçável ; Com Vítimas Feridas ; Pleno dia ; Decrescente ; Céu Claro ; Dupla ; Reta ; Não ;2;0;2;0;0;0;2;1;-17,2368;-47,7623; SPRF-GO ; DEL06-GO ; UOP01-DEL06-GO 
502229;2023-01-30; segunda-feira ; 20:30:00 ; MG ;50;168; UBERABA ; Ausência de reação do condutor ; Colisão com objeto ; Com Vítimas Feridas ; Anoitecer ; Crescente ; Chuva ; Dupla ; Não Informado ; Não ;2;0;2;0;0;0;2;1;-19,71878606;-47,97991239; SPRF-MG ; DEL13-MG ; UOP01-DEL13-MG 
502231;2023-01-30; segunda-feira ; 08:00:00 ; MG ;40;517; CONTAGEM ; Pista esburacada ; Colisão com objeto ; Sem Vítimas ; Pleno dia ; Crescente ; Garoa/Chuvisco ; Dupla ; Reta ; Não ;2;0;0;0;1;1;0;1;-19,82351202;-44,08438913; SPRF-MG ; DEL01-MG ; UOP02-DEL01-MG 
502234;2023-01-30; segunda-feira ; 21:15:00 ; SC ;282;147,1; BOM RETIRO ; Demais falhas mecânicas ou elétricas ; Incêndio ; Sem Vítimas ; Plena Noite ; Decrescente ; Céu Claro ; Simples ; Reta ; Não ;2;0;0;0;2;0;0;1;-27,788177;-49,641987; SPRF-SC ; DEL05-SC ; UOP01-DEL05-SC 
502236;2023-01-30; segunda-feira ; 13:30:00 ; BA ;349;826; SAO FELIX DO CORIBE ; Reação tardia ou ineficiente do condutor ; Colisão traseira ; Com Vítimas Feridas ; Pleno dia ; Crescente ; Céu Claro ; Simples ; Não Informado ; Não ;6;0;2;0;4;0;2;2;-13,38355432;-44,06715895; SPRF-BA ; DEL08-BA ; UOP04-DEL08-BA 
502238;2023-01-30; segunda-feira ; 21:50:00 ; GO ;153;438; ANAPOLIS ; Ingestão de álcool e/ou substâncias psicoativas pelo pedestre ; Atropelamento de Pedestre ; Com Vítimas Feridas ; Plena Noite ; Crescente ; Nublado ; Dupla ; Curva ; Sim ;2;0;1;0;1;0;1;1;-16,291595;-48,934811; SPRF-GO ; DEL02-GO ; UOP01-DEL02-GO 
502241;2023-01-30; segunda-feira ; 22:24:00 ; RS ;116;252; SAPUCAIA DO SUL ; Animais na Pista ; Atropelamento de Animal ; Com Vítimas Fatais ; Plena Noite ; Crescente ; Nublado ; Dupla ; Não Informado ; Sim ;3;2;0;0;1;0;0;2;-29,8045102;-51,16660237; SPRF-RS ; DEL01-RS ; UOP02-DEL01-RS 
502245;2023-01-30; segunda-feira ; 23:00:00 ; BA ;324;555,5; AMELIA RODRIGUES ; Reação tardia ou ineficiente do condutor ; Saída de leito carroçável ; Com Vítimas Feridas ; Plena Noite ; Decrescente ; Nublado ; Dupla ; Reta ; Não ;2;0;2;0;0;0;2;1;-12,46574407;-38,68963508; SPRF-BA ; DEL01-BA ; UOP03-DEL01-BA 
502246;2023-01-30; segunda-feira ; 19:00:00 ; RJ ;116;229; PARACAMBI ; Chuva ; Queda de ocupante de veículo ; Com Vítimas Feridas ; Plena Noite ; Decrescente ; Chuva ; Simples ; Não Informado ; Não ;1;0;1;0;0;0;1;1;-22,65646622;-43,82206692; SPRF-RJ ; DEL07-RJ ; UOP01-DEL07-RJ 
502249;2023-01-30; segunda-feira ; 23:15:00 ; MG ;40;466; SETE LAGOAS ; Reação tardia ou ineficiente do condutor ; Colisão traseira ; Com Vítimas Feridas ; Plena Noite ; Crescente ; Nublado ; Múltipla ; Não Informado ; Sim ;2;0;1;0;1;0;1;2;-19,444325;-44,323953; SPRF-MG ; DEL02-MG ; UOP01-DEL02-MG 
502250;2023-01-30; segunda-feira ; 21:30:00 ; SP ;116;140; SAO JOSE DOS CAMPOS ; Ingestão de álcool pelo condutor ; Engavetamento ; Com Vítimas Fatais ; Plena Noite ; Crescente ; Nublado ; Dupla ; Reta ; Não ;7;1;0;1;5;0;1;5;-23,16577714;-45,81246193; SPRF-SP ; DEL02-SP ; UOP01-DEL02-SP 
502252;2023-01-30; segunda-feira ; 23:55:00 ; DF ;20;12; BRASILIA ; Ingestão de álcool pelo condutor ; Colisão traseira ; Sem Vítimas ; Pleno dia ; Crescente ; Chuva ; Dupla ; Não Informado ; Não ;2;0;0;0;2;0;0;2;-15,642812;-47,757786; SPRF-DF ; DEL02-DF ; UOP01-DEL02-DF 
502259;2023-01-30; segunda-feira ; 22:20:00 ; RS ;116;268; PORTO ALEGRE ; Manobra de mudança de faixa ; Colisão lateral mesmo sentido ; Com Vítimas Feridas ; Plena Noite ; Crescente ; Céu Claro ; Múltipla ; Reta ; Sim ;4;0;2;0;0;2;2;2;-29,95042502;-51,17652939; SPRF-RS ; DEL01-RS ; UOP01-DEL01-RS 
502260;2023-01-30; segunda-feira ; 21:00:00 ; MT ;364;393; CUIABA ; Reação tardia ou ineficiente do condutor ; Saída de leito carroçável ; Com Vítimas Feridas ; Anoitecer ; Crescente ; Céu Claro ; Dupla ; Reta ; Não ;3;0;1;0;2;0;1;1;-15,701122;-55,881774; SPRF-MT ; DEL01-MT ; UOP02-DEL01-MT 
502262;2023-01-31; terça-feira ; 00:40:00 ; RN ;110;64; MOSSORO ; Ausência de reação do condutor ; Capotamento ; Com Vítimas Feridas ; Plena Noite ; Crescente ; Nublado ; Simples ; Reta ; Não ;2;0;1;0;0;1;1;1;-5,344176;-37,32925; SPRF-RN ; DEL04-RN ; UOP01-DEL04-RN 
502263;2023-01-31; terça-feira ; 01:50:00 ; PR ;277;230,7; FERNANDES PINHEIRO ; Ausência de reação do condutor ; Saída de leito carroçável ; Com Vítimas Fatais ; Plena Noite ; Crescente ; Garoa/Chuvisco ; Simples ; Não Informado ; Não ;55;7;7;15;26;0;22;1;-25,465463;-50,537935; SPRF-PR ; DEL08-PR ; UOP02-DEL08-PR 
502264;2023-01-31; terça-feira ; 04:05:00 ; SP ;116;282; EMBU DAS ARTES ; Velocidade Incompatível ; Colisão lateral mesmo sentido ; Sem Vítimas ; Plena Noite ; Crescente ; Nublado ; Dupla ; Reta ; Sim ;2;0;0;0;1;1;0;2;-23,68570216;-46,85970975; SPRF-SP ; DEL04-SP ; UOP01-DEL04-SP 
502265;2023-01-31; terça-feira ; 03:50:00 ; SC ;101;74,4; ARAQUARI ; Condutor Dormindo ; Colisão com objeto ; Com Vítimas Feridas ; Plena Noite ; Crescente ; Céu Claro ; Dupla ; Viaduto ; Não ;1;0;0;1;0;0;1;1;-26,5519717;-48,71688324; SPRF-SC ; DEL03-SC ; UOP02-DEL03-SC 
502267;2023-01-31; terça-feira ; 05:20:00 ; PR ;277;466,8; NOVA LARANJEIRAS ; Ausência de reação do condutor ; Saída de leito carroçável ; Com Vítimas Fatais ; Amanhecer ; Crescente ; Garoa/Chuvisco ; Simples ; Reta ; Não ;4;1;0;3;0;0;3;1;-25,36359096;-52,4731659; SPRF-PR ; DEL04-PR ; UOP02-DEL04-PR 
502271;2023-01-31; terça-feira ; 05:50:00 ; MG ;50;170,8; UBERABA ; Reação tardia ou ineficiente do condutor ; Colisão com objeto ; Com Vítimas Feridas ; Amanhecer ; Decrescente ; Céu Claro ; Dupla ; Não Informado ; Sim ;1;0;1;0;0;0;1;1;-19,73661208;-47,98290957; SPRF-MG ; DEL13-MG ; UOP01-DEL13-MG 
502273;2023-01-30; segunda-feira ; 14:30:00 ; PR ;476;7,9; ADRIANOPOLIS ; Transitar na contramão ; Colisão frontal ; Com Vítimas Feridas ; Pleno dia ; Crescente ; Chuva ; Simples ; Curva ; Não ;4;0;3;1;0;0;4;2;-24,700487;-49,011635; SPRF-PR ; DEL01-PR ; UOP01-DEL01-PR 
502275;2023-01-30; segunda-feira ; 18:40:00 ; RO ;364;530; ARIQUEMES ; Chuva ; Colisão transversal ; Com Vítimas Feridas ; Plena Noite ; Crescente ; Chuva ; Simples ; Reta ; Não ;6;0;0;2;4;0;2;3;-9,798182;-63,08591499; SPRF-RO ; DEL03-RO ; UOP01-DEL03-RO 
502276;2023-01-31; terça-feira ; 07:15:00 ; ES ;101;210; IBIRACU ; Desrespeitar a preferência no cruzamento ; Colisão transversal ; Com Vítimas Feridas ; Pleno dia ; Crescente ; Céu Claro ; Simples ; Reta ; Não ;2;0;1;0;1;0;1;2;-19,798437;-40,36982; SPRF-ES ; DEL02-ES ; UOP01-DEL02-ES 
502277;2023-01-31; terça-feira ; 06:41:00 ; RN ;304;297; MACAIBA ; Condutor deixou de manter distância do veículo da frente ; Colisão traseira ; Com Vítimas Feridas ; Pleno dia ; Crescente ; Céu Claro ; Dupla ; Reta ; Não ;3;0;2;0;1;0;2;2;-5,86534101;-35,340694; SPRF-RN ; DEL01-RN ; UOP02-DEL01-RN 
502279;2023-01-31; terça-feira ; 07:53:00 ; TO ;153;492,8; PARAISO DO TOCANTINS ; Demais falhas na via ; Tombamento ; Com Vítimas Feridas ; Pleno dia ; Decrescente ; Céu Claro ; Simples ; Desvio Temporário ; Sim ;1;0;0;1;0;0;1;1;-10,14145989;-48,88730266; SPRF-TO ; DEL01-TO ; UOP01-DEL01-TO 
502280;2023-01-31; terça-feira ; 06:30:00 ; AL ;316;63,2; MARAVILHA ; Condutor deixou de manter distância do veículo da frente ; Colisão traseira ; Com Vítimas Feridas ; Pleno dia ; Decrescente ; Céu Claro ; Simples ; Não Informado ; Não ;6;0;0;1;4;1;1;2;-9,261748;-37,407612; SPRF-AL ; DEL03-AL ; UOP02-DEL03-AL 
502282;2023-01-31; terça-feira ; 07:50:00 ; SP ;153;61; SAO JOSE DO RIO PRETO ; Manobra de mudança de faixa ; Colisão lateral mesmo sentido ; Com Vítimas Feridas ; Pleno dia ; Crescente ; Nublado ; Dupla ; Não Informado ; Não ;3;0;2;0;1;0;2;2;-20,80502876;-49,35574909; SPRF-SP ; DEL09-SP ; UOP01-DEL09-SP 
502286;2023-01-31; terça-feira ; 05:30:00 ; CE ;116;267; ALTO SANTO ; Transitar na contramão ; Saída de leito carroçável ; Com Vítimas Feridas ; Pleno dia ; Decrescente ; Céu Claro ; Simples ; Curva ; Não ;1;0;1;0;0;0;1;1;-5,62048178;-38,41070004; SPRF-CE ; DEL05-CE ; UOP02-DEL05-CE 
502288;2023-01-31; terça-feira ; 00:10:00 ; DF ;40;0,4; BRASILIA ; Pista Escorregadia ; Tombamento ; Com Vítimas Feridas ; Plena Noite ; Decrescente ; Chuva ; Dupla ; Reta ; Não ;2;0;1;0;1;0;1;1;-15,97977183;-47,98895717; SPRF-DF ; DEL01-DF ; UOP01-DEL01-DF 
502289;2023-01-07; sábado ; 19:45:00 ; PR ;116;145,8; MANDIRITUBA ; Entrada inopinada do pedestre ; Atropelamento de Pedestre ; Com Vítimas Fatais ; Plena Noite ; Crescente ; Nublado ; Simples ; Não Informado ; Não ;2;1;0;0;1;0;0;1;-25,813539;-49,329369; SPRF-PR ; DEL01-PR ; UOP03-DEL01-PR 
502293;2023-01-31; terça-feira ; 07:58:00 ; SC ;101;146; ITAPEMA ; Acessar a via sem observar a presença dos outros veículos ; Colisão transversal ; Com Vítimas Feridas ; Pleno dia ; Crescente ; Céu Claro ; Simples ; Não Informado ; Sim ;2;0;1;0;1;0;1;2;-27,08666525;-48,60955587; SPRF-SC ; DEL04-SC ; UOP03-DEL04-SC 
502294;2023-01-31; terça-feira ; 08:50:00 ; RJ ;101;319; NITEROI ; Manobra de mudança de faixa ; Colisão lateral mesmo sentido ; Com Vítimas Feridas ; Pleno dia ; Crescente ; Céu Claro ; Dupla ; Reta ; Sim ;3;0;2;0;1;0;2;2;-22,85411774;-43,1018014; SPRF-RJ ; DEL02-RJ ; UOP02-DEL02-RJ 
502296;2023-01-31; terça-feira ; 09:29:00 ; GO ;40;6,4; VALPARAISO DE GOIAS ; Velocidade Incompatível ; Tombamento ; Com Vítimas Feridas ; Pleno dia ; Crescente ; Sol ; Dupla ; Não Informado ; Sim ;1;0;0;1;0;0;1;1;-16,100814;-47,977351; SPRF-DF ; DEL01-DF ; UOP01-DEL01-DF 
502297;2023-01-31; terça-feira ; 09:30:00 ; AL ;104;94,1; MACEIO ; Ingestão de álcool pelo condutor ; Colisão transversal ; Sem Vítimas ; Pleno dia ; Crescente ; Nublado ; Dupla ; Reta ; Sim ;4;0;0;0;4;0;0;2;-9,53193996;-35,79650402; SPRF-AL ; DEL01-AL ; UOP01-DEL01-AL 
502298;2023-01-28; sábado ; 13:50:00 ; MS ;267;21,6; BATAGUASSU ; Objeto estático sobre o leito carroçável ; Colisão com objeto ; Com Vítimas Feridas ; Pleno dia ; Decrescente ; Céu Claro ; Simples ; Reta ; Não ;2;0;0;1;0;1;1;2;-21,72693625;-52,34505699; SPRF-MS ; DEL02-MS ; UOP04-DEL02-MS 
502300;2023-01-31; terça-feira ; 08:30:00 ; BA ;324;530; FEIRA DE SANTANA ; Condutor deixou de manter distância do veículo da frente ; Colisão traseira ; Com Vítimas Fatais ; Pleno dia ; Decrescente ; Céu Claro ; Dupla ; Reta ; Não ;2;1;0;0;1;0;0;2;-12,32818491;-38,86174193; SPRF-BA ; DEL01-BA ; UOP03-DEL01-BA 
502301;2023-01-31; terça-feira ; 09:50:00 ; MG ;381;490,4; BETIM ; Ausência de reação do condutor ; Colisão com objeto ; Com Vítimas Feridas ; Pleno dia ; Decrescente ; Céu Claro ; Múltipla ; Reta ; Não ;1;0;0;1;0;0;1;1;-19,96502819;-44,17422195; SPRF-MG ; DEL01-MG ; UOP03-DEL01-MG 
502303;2023-01-31; terça-feira ; 10:20:00 ; PB ;230;12,4; CABEDELO ; Reação tardia ou ineficiente do condutor ; Colisão com objeto ; Com Vítimas Feridas ; Pleno dia ; Crescente ; Sol ; Dupla ; Reta ; Sim ;2;0;2;0;0;0;2;1;-7,076119;-34,849491; SPRF-PB ; DEL01-PB ; UOP01-DEL01-PB 
502307;2023-01-31; terça-feira ; 08:00:00 ; BA ;324;582; CANDEIAS ; Reação tardia ou ineficiente do condutor ; Saída de leito carroçável ; Com Vítimas Feridas ; Pleno dia ; Crescente ; Nublado ; Dupla ; Reta ; Não ;3;0;2;0;1;0;2;1;-12,60856603;-38,49390902; SPRF-BA ; DEL01-BA ; UOP01-DEL01-BA 
502310;2023-01-31; terça-feira ; 10:30:00 ; MG ;251;442,1; GRAO MOGOL ; Condutor deixou de manter distância do veículo da frente ; Colisão traseira ; Com Vítimas Feridas ; Pleno dia ; Crescente ; Sol ; Simples ; Não Informado ; Não ;5;0;0;1;4;0;1;2;-16,41288188;-43,24348411; SPRF-MG ; DEL12-MG ; UOP01-DEL12-MG 
502312;2023-01-31; terça-feira ; 07:00:00 ; SC ;470;351,8; CAMPOS NOVOS ; Condutor Dormindo ; Saída de leito carroçável ; Com Vítimas Feridas ; Pleno dia ; Crescente ; Céu Claro ; Simples ; Reta ; Não ;1;0;1;0;0;0;1;1;-27,568354;-51,455971; SPRF-SC ; DEL07-SC ; UOP06-DEL07-SC 
502313;2023-01-31; terça-feira ; 10:30:00 ; SE ;101;16,7; CEDRO DE SAO JOAO ; Chuva ; Colisão com objeto ; Com Vítimas Feridas ; Pleno dia ; Crescente ; Chuva ; Dupla ; Não Informado ; Não ;2;0;2;0;0;0;2;1;-10,329305;-36,89429; SPRF-SE ; DEL02-SE ; UOP02-DEL02-SE 
502315;2023-01-30; segunda-feira ; 18:30:00 ; MT ;163;1035; MATUPA ; Reação tardia ou ineficiente do condutor ; Colisão traseira ; Com Vítimas Feridas ; Anoitecer ; Decrescente ; Céu Claro ; Simples ; Reta ; Não ;2;0;0;1;1;0;1;2;-10,207843;-54,961665; SPRF-MT ; DEL06-MT ; UOP03-DEL06-MT 
502319;2023-01-31; terça-feira ; 09:15:00 ; MT ;70;275; PRIMAVERA DO LESTE ; Mal súbito do condutor ; Queda de ocupante de veículo ; Com Vítimas Feridas ; Pleno dia ; Crescente ; Céu Claro ; Simples ; Reta ; Sim ;2;0;1;0;1;0;1;1;-15,54957476;-54,25390412; SPRF-MT ; DEL05-MT ; UOP01-DEL05-MT 
502323;2023-01-31; terça-feira ; 11:45:00 ; CE ;116;1; FORTALEZA ; Condutor deixou de manter distância do veículo da frente ; Colisão traseira ; Com Vítimas Feridas ; Pleno dia ; Decrescente ; Céu Claro ; Dupla ; Reta ; Sim ;2;0;1;0;1;0;1;2;-3,76159894;-38,51900662; SPRF-CE ; DEL01-CE ; UOP02-DEL01-CE 
502327;2023-01-31; terça-feira ; 12:07:00 ; SC ;282;524,9; XAXIM ; Reação tardia ou ineficiente do condutor ; Saída de leito carroçável ; Com Vítimas Feridas ; Pleno dia ; Crescente ; Garoa/Chuvisco ; Simples ; Curva ; Não ;2;0;1;0;1;0;1;1;-26,965002;-52,557384; SPRF-SC ; DEL07-SC ; UOP01-DEL07-SC 
502329;2023-01-24; terça-feira ; 18:00:00 ; MG ;116;413,5; GOVERNADOR VALADARES ; Condutor deixou de manter distância do veículo da frente ; Colisão traseira ; Com Vítimas Feridas ; Anoitecer ; Crescente ; Céu Claro ; Simples ; Reta ; Sim ;2;0;1;0;1;0;1;2;-18,873907;-41,966366; SPRF-MG ; DEL06-MG ; UOP01-DEL06-MG 
502331;2023-01-31; terça-feira ; 12:05:00 ; RJ ;116;221; PARACAMBI ; Avarias e/ou desgaste excessivo no pneu ; Colisão com objeto ; Com Vítimas Feridas ; Pleno dia ; Crescente ; Céu Claro ; Dupla ; Reta ; Não ;1;0;1;0;0;0;1;1;-22,6931486;-43,78279481; SPRF-RJ ; DEL07-RJ ; UOP01-DEL07-RJ 
502333;2023-01-31; terça-feira ; 13:05:00 ; ES ;101;257; SERRA ; Reação tardia ou ineficiente do condutor ; Colisão lateral mesmo sentido ; Com Vítimas Feridas ; Pleno dia ; Decrescente ; Sol ; Dupla ; Reta ; Sim ;2;0;1;0;1;0;1;2;-20,12455095;-40,30331881; SPRF-ES ; DEL02-ES ; UOP01-DEL02-ES 
502334;2023-01-31; terça-feira ; 13:15:00 ; SP ;116;223; GUARULHOS ; Manobra de mudança de faixa ; Colisão traseira ; Com Vítimas Feridas ; Pleno dia ; Crescente ; Nublado ; Múltipla ; Reta ; Sim ;2;0;1;0;1;0;1;2;-23,48042826;-46,5327822; SPRF-SP ; DEL01-SP ; UOP01-DEL01-SP 
502337;2023-01-23; segunda-feira ; 19:20:00 ; CE ;20;218,4; BOA VIAGEM ; Animais na Pista ; Atropelamento de Animal ; Sem Vítimas ; Plena Noite ; Decrescente ; Céu Claro ; Simples ; Não Informado ; Não ;2;0;0;0;2;0;0;1;-5,01284615;-39,67036371; SPRF-CE ; DEL02-CE ; UOP02-DEL02-CE 
502338;2023-01-31; terça-feira ; 10:10:00 ; MT ;NA;NA; PRIMAVERA DO LESTE ; Desrespeitar a preferência no cruzamento ; Colisão transversal ; Sem Vítimas ; Pleno dia ; Não Informado ; Céu Claro ; Simples ; Rotatória ; Sim ;4;0;0;0;4;0;0;2;-15,55686182;-54,29544395; SPRF-MT ; DEL05-MT ; UOP01-DEL05-MT 
502339;2023-01-31; terça-feira ; 12:15:00 ; MG ;381;382; SAO GONCALO DO RIO ABAIXO ; Condutor deixou de manter distância do veículo da frente ; Colisão lateral mesmo sentido ; Sem Vítimas ; Pleno dia ; Decrescente ; Sol ; Simples ; Curva ; Sim ;3;0;0;0;3;0;0;2;-19,83098315;-43,35712736; SPRF-MG ; DEL01-MG ; UOP01-DEL01-MG 
502340;2023-01-31; terça-feira ; 12:00:00 ; PB ;NA;NA; CAJAZEIRAS ; Demais falhas na via ; Colisão com objeto ; Sem Vítimas ; Pleno dia ; Não Informado ; Sol ; Simples ; Reta ; Não ;2;0;0;0;1;1;0;2;-6,873938;-38,63915; SPRF-PB ; DEL03-PB ; UOP03-DEL03-PB 
502341;2023-01-31; terça-feira ; 14:20:00 ; SP ;116;228,9; SAO PAULO ; Reação tardia ou ineficiente do condutor ; Colisão traseira ; Com Vítimas Feridas ; Pleno dia ; Decrescente ; Céu Claro ; Múltipla ; Reta ; Sim ;2;0;2;0;0;0;2;1;-23,50343484;-46,56638712; SPRF-SP ; DEL01-SP ; UOP01-DEL01-SP 
502343;2023-01-31; terça-feira ; 11:00:00 ; SC ;470;282,1; BRUNOPOLIS ; Velocidade Incompatível ; Saída de leito carroçável ; Com Vítimas Feridas ; Pleno dia ; Decrescente ; Nublado ; Simples ; Curva ; Não ;1;0;0;1;0;0;1;1;-27,334911;-50,882519; SPRF-SC ; DEL07-SC ; UOP06-DEL07-SC 
502344;2023-01-31; terça-feira ; 13:12:00 ; SC ;153;100; CONCORDIA ; Entrada inopinada do pedestre ; Atropelamento de Pedestre ; Com Vítimas Feridas ; Pleno dia ; Decrescente ; Chuva ; Simples ; Curva ; Não ;2;0;1;0;1;0;1;1;-27,242643;-51,95171; SPRF-SC ; DEL07-SC ; UOP04-DEL07-SC 
502345;2023-01-31; terça-feira ; 14:00:00 ; PR ;277;40; MORRETES ; Reação tardia ou ineficiente do condutor ; Queda de ocupante de veículo ; Com Vítimas Feridas ; Pleno dia ; Decrescente ; Céu Claro ; Dupla ; Não Informado ; Não ;1;0;1;0;0;0;1;1;-25,58004945;-48,87143612; SPRF-PR ; DEL01-PR ; UOP05-DEL01-PR 
502346;2023-01-31; terça-feira ; 14:00:00 ; PB ;104;156,7; BARRA DE SANTANA ; Ausência de sinalização ; Colisão transversal ; Com Vítimas Feridas ; Pleno dia ; Decrescente ; Céu Claro ; Simples ; Não Informado ; Não ;2;0;0;1;1;0;1;2;-7,50392242;-35,96094131; SPRF-PB ; DEL02-PB ; UOP03-DEL02-PB 
502347;2023-01-31; terça-feira ; 15:00:00 ; MG ;116;763; LEOPOLDINA ; Reação tardia ou ineficiente do condutor ; Colisão transversal ; Com Vítimas Feridas ; Pleno dia ; Decrescente ; Céu Claro ; Simples ; Reta ; Sim ;2;0;0;1;1;0;1;2;-21,52635545;-42,63256914; SPRF-MG ; DEL07-MG ; UOP01-DEL07-MG 
502348;2023-01-31; terça-feira ; 15:00:00 ; BA ;324;615,9; SALVADOR ; Manobra de mudança de faixa ; Engavetamento ; Sem Vítimas ; Pleno dia ; Crescente ; Céu Claro ; Dupla ; Reta ; Sim ;3;0;0;0;3;0;0;3;-12,87206398;-38,42746403; SPRF-BA ; DEL01-BA ; UOP01-DEL01-BA 
502349;2023-01-31; terça-feira ; 09:10:00 ; RN ;226;150,2; CURRAIS NOVOS ; Manobra de mudança de faixa ; Colisão traseira ; Com Vítimas Feridas ; Pleno dia ; Decrescente ; Céu Claro ; Simples ; Reta ; Não ;5;0;1;1;3;0;2;2;-6,20967972;-36,30801917; SPRF-RN ; DEL03-RN ; UOP02-DEL03-RN 
502350;2023-01-31; terça-feira ; 11:25:00 ; PR ;376;311,9; MAUA DA SERRA ; Manobra de mudança de faixa ; Colisão lateral mesmo sentido ; Com Vítimas Feridas ; Pleno dia ; Crescente ; Nublado ; Dupla ; Reta ; Não ;4;0;1;0;3;0;1;2;-23,99549073;-51,08663961; SPRF-PR ; DEL07-PR ; UOP02-DEL07-PR 
502352;2023-01-31; terça-feira ; 13:16:00 ; MT ;158;520; CANARANA ; Reação tardia ou ineficiente do condutor ; Colisão lateral sentido oposto ; Sem Vítimas ; Pleno dia ; Decrescente ; Céu Claro ; Simples ; Curva ; Não ;1;0;0;0;1;0;0;1;-13,67502122;-52,00087696; SPRF-MT ; DEL07-MT ; UOP02-DEL07-MT 
502353;2023-01-31; terça-feira ; 15:30:00 ; AP ;210;0; MACAPA ; Condutor deixou de manter distância do veículo da frente ; Engavetamento ; Sem Vítimas ; Pleno dia ; Decrescente ; Sol ; Dupla ; Reta ; Sim ;3;0;0;0;3;0;0;3;0,07780012;-51,06097; SPRF-AP ; N/A ; UOP01-DEL01-AP 
502354;2023-01-31; terça-feira ; 15:15:00 ; PR ;373;180,7; PONTA GROSSA ; Chuva ; Capotamento ; Com Vítimas Feridas ; Pleno dia ; Crescente ; Chuva ; Simples ; Reta ; Não ;1;0;1;0;0;0;1;1;-25,04266233;-50,25791089; SPRF-PR ; DEL03-PR ; UOP01-DEL03-PR 
502355;2023-01-31; terça-feira ; 05:30:00 ; MG ;153;211; FRUTAL ; Pista esburacada ; Saída de leito carroçável ; Com Vítimas Feridas ; Amanhecer ; Decrescente ; Céu Claro ; Simples ; Reta ; Sim ;1;0;1;0;0;0;1;1;-20,08067592;-49,07784813; SPRF-MG ; DEL13-MG ; UOP02-DEL13-MG 