 id ; data_inversa ; dia_semana ; horario ; uf ; br ; km ; municipio ; causa_acidente ; tipo_acidente ; classificacao_acidente ; fase_dia ; sentido_via ; condicao_metereologica ; tipo_pista ; tracado_via ; uso_solo ; pessoas ; mortos ; feridos_leves ; feridos_graves ; ilesos ; ignorados ; feridos ; veiculos ; latitude ; longitude ; regional ; delegacia ; uop 
502356;2023-01-31; terça-feira ; 15:00:00 ; MG ;146;485,4; POCOS DE CALDAS ; Chuva ; Colisão com objeto ; Com Vítimas Feridas ; Pleno dia ; Crescente ; Chuva ; Simples ; Não Informado ; Não ;2;0;1;0;0;1;1;1;-21,78708;-46,43884; SPRF-MG ; DEL09-MG ; UOP01-DEL09-MG 
502358;2023-01-31; terça-feira ; 09:00:00 ; PR ;277;243; IRATI ; Reação tardia ou ineficiente do condutor ; Saída de leito carroçável ; Com Vítimas Feridas ; Pleno dia ; Crescente ; Céu Claro ; Simples ; Reta ; Sim ;2;0;0;1;0;1;1;1;-25,46419687;-50,56581801; SPRF-PR ; DEL08-PR ; UOP02-DEL08-PR 
502360;2023-01-31; terça-feira ; 16:00:00 ; CE ;116;16; FORTALEZA ; Ausência de reação do condutor ; Colisão traseira ; Com Vítimas Feridas ; Pleno dia ; Decrescente ; Céu Claro ; Dupla ; Não Informado ; Sim ;2;0;1;0;1;0;1;2;-3,88732794;-38,50185439; SPRF-CE ; DEL01-CE ; UOP02-DEL01-CE 
502361;2023-01-31; terça-feira ; 15:00:00 ; GO ;153;371; SAO FRANCISCO DE GOIAS ; Condutor deixou de manter distância do veículo da frente ; Engavetamento ; Com Vítimas Feridas ; Pleno dia ; Crescente ; Chuva ; Simples ; Não Informado ; Não ;9;0;1;1;7;0;2;4;-15,835078;-49,275848; SPRF-GO ; DEL02-GO ; UOP02-DEL02-GO 
502364;2023-01-31; terça-feira ; 14:19:00 ; SC ;101;54,8; JOINVILLE ; Demais falhas mecânicas ou elétricas ; Incêndio ; Sem Vítimas ; Pleno dia ; Decrescente ; Céu Claro ; Dupla ; Reta ; Não ;1;0;0;0;1;0;0;1;-26,41319508;-48,83617332; SPRF-SC ; DEL03-SC ; UOP01-DEL03-SC 
502365;2023-01-31; terça-feira ; 14:30:00 ; PR ;376;436; TIBAGI ; Velocidade Incompatível ; Saída de leito carroçável ; Com Vítimas Feridas ; Pleno dia ; Decrescente ; Chuva ; Dupla ; Curva ; Não ;3;0;2;0;1;0;2;1;-24,789652;-50,504544; SPRF-PR ; DEL03-PR ; UOP02-DEL03-PR 
502366;2023-01-31; terça-feira ; 16:00:00 ; PB ;230;15; JOAO PESSOA ; Reação tardia ou ineficiente do condutor ; Tombamento ; Com Vítimas Feridas ; Pleno dia ; Decrescente ; Céu Claro ; Dupla ; Não Informado ; Sim ;1;0;1;0;0;0;1;1;-7,093;-34,8482; SPRF-PB ; DEL01-PB ; UOP01-DEL01-PB 
502368;2023-01-31; terça-feira ; 14:40:00 ; MA ;135;13; SAO LUIS ; Ausência de reação do condutor ; Saída de leito carroçável ; Com Vítimas Feridas ; Pleno dia ; Crescente ; Nublado ; Dupla ; Não Informado ; Sim ;1;0;1;0;0;0;1;1;-2,68053538;-44,29512283; SPRF-MA ; DEL01-MA ; UOP01-DEL01-MA 
502370;2023-01-31; terça-feira ; 16:25:00 ; BA ;116;443,1; ANTONIO CARDOSO ; Demais falhas mecânicas ou elétricas ; Saída de leito carroçável ; Com Vítimas Feridas ; Pleno dia ; Crescente ; Céu Claro ; Dupla ; Reta ; Não ;3;0;3;0;0;0;3;1;-12,33997417;-39,08151468; SPRF-BA ; DEL02-BA ; UOP01-DEL02-BA 
502371;2023-01-31; terça-feira ; 13:45:00 ; MS ;163;493,7; CAMPO GRANDE ; Ausência de reação do condutor ; Saída de leito carroçável ; Com Vítimas Feridas ; Pleno dia ; Decrescente ; Chuva ; Simples ; Não Informado ; Não ;4;0;3;1;0;0;4;1;-20,37762705;-54,53752293; SPRF-MS ; DEL01-MS ; UOP02-DEL01-MS 
502372;2023-01-31; terça-feira ; 11:30:00 ; MT ;70;372,5; CAMPO VERDE ; Reação tardia ou ineficiente do condutor ; Saída de leito carroçável ; Com Vítimas Feridas ; Pleno dia ; Crescente ; Nublado ; Simples ; Curva ; Não ;1;0;1;0;0;0;1;1;-15,48650094;-55,05516202; SPRF-MT ; DEL05-MT ; UOP02-DEL05-MT 
502376;2023-01-31; terça-feira ; 11:00:00 ; AL ;316;253,9; PILAR ; Condutor deixou de manter distância do veículo da frente ; Queda de ocupante de veículo ; Sem Vítimas ; Pleno dia ; Decrescente ; Nublado ; Simples ; Reta ; Sim ;1;0;0;0;0;1;0;1;-9,58555877;-35,95752239; SPRF-AL ; DEL02-AL ; UOP01-DEL02-AL 
502378;2023-01-31; terça-feira ; 17:00:00 ; MG ;40;551,8; NOVA LIMA ; Condutor deixou de manter distância do veículo da frente ; Colisão traseira ; Com Vítimas Feridas ; Pleno dia ; Decrescente ; Nublado ; Múltipla ; Reta ; Sim ;2;0;1;0;1;0;1;2;-20,05411435;-43,97101875; SPRF-MG ; DEL01-MG ; UOP02-DEL01-MG 
502379;2023-01-31; terça-feira ; 17:15:00 ; PR ;116;121; CURITIBA ; Ausência de reação do condutor ; Colisão traseira ; Sem Vítimas ; Pleno dia ; Crescente ; Garoa/Chuvisco ; Dupla ; Não Informado ; Não ;2;0;0;0;2;0;0;2;-25,5599323;-49,30743945; SPRF-PR ; DEL01-PR ; UOP03-DEL01-PR 
502380;2023-01-31; terça-feira ; 16:20:00 ; RS ;290;73; GRAVATAI ; Ausência de reação do condutor ; Engavetamento ; Com Vítimas Feridas ; Pleno dia ; Decrescente ; Chuva ; Dupla ; Reta ; Sim ;3;0;1;0;2;0;1;3;-29,95317;-50,988051; SPRF-RS ; DEL03-RS ; UOP01-DEL03-RS 
502381;2023-01-31; terça-feira ; 11:50:00 ; SC ;280;128; RIO NEGRINHO ; Acessar a via sem observar a presença dos outros veículos ; Atropelamento de Pedestre ; Com Vítimas Feridas ; Pleno dia ; Crescente ; Céu Claro ; Simples ; Reta ; Não ;2;0;1;0;1;0;1;1;-26,24317941;-49,51320018; SPRF-SC ; DEL06-SC ; UOP03-DEL06-SC 
502382;2023-01-31; terça-feira ; 17:40:00 ; SP ;116;273; TABOAO DA SERRA ; Ausência de reação do condutor ; Colisão traseira ; Com Vítimas Feridas ; Pleno dia ; Crescente ; Nublado ; Dupla ; Reta ; Não ;2;0;1;0;1;0;1;2;-23,62809795;-46,81870306; SPRF-SP ; DEL04-SP ; UOP01-DEL04-SP 
502383;2023-01-21; sábado ; 09:45:00 ; BA ;101;806; ITAMARAJU ; Acessar a via sem observar a presença dos outros veículos ; Colisão transversal ; Com Vítimas Feridas ; Pleno dia ; Crescente ; Nublado ; Simples ; Reta ; Sim ;2;0;1;0;1;0;1;2;-17,18376299;-39,58077401; SPRF-BA ; DEL09-BA ; UOP02-DEL09-BA 
502384;2023-01-31; terça-feira ; 17:20:00 ; SC ;101;334; TUBARAO ; Desrespeitar a preferência no cruzamento ; Colisão transversal ; Com Vítimas Feridas ; Pleno dia ; Decrescente ; Céu Claro ; Simples ; Não Informado ; Sim ;2;0;1;0;1;0;1;2;-28,46730446;-49,00604302; SPRF-SC ; DEL02-SC ; UOP01-DEL02-SC 
502385;2023-01-31; terça-feira ; 18:39:00 ; GO ;60;108; GOIANAPOLIS ; Reação tardia ou ineficiente do condutor ; Colisão traseira ; Com Vítimas Feridas ; Anoitecer ; Decrescente ; Nublado ; Dupla ; Interseção de vias ; Não ;5;0;1;1;3;0;2;2;-16,4398;-49,0188; SPRF-GO ; DEL02-GO ; UOP01-DEL02-GO 
502389;2023-01-31; terça-feira ; 17:50:00 ; MA ;10;257; IMPERATRIZ ; Ausência de reação do condutor ; Colisão traseira ; Com Vítimas Feridas ; Pleno dia ; Decrescente ; Céu Claro ; Simples ; Reta ; Sim ;2;0;1;0;1;0;1;2;-5,490634;-47,471973; SPRF-MA ; DEL04-MA ; UOP01-DEL04-MA 
502391;2023-01-31; terça-feira ; 17:20:00 ; RS ;158;323; SANTA MARIA ; Acumulo de areia ou detritos sobre o pavimento ; Queda de ocupante de veículo ; Com Vítimas Feridas ; Pleno dia ; Crescente ; Céu Claro ; Dupla ; Curva ; Sim ;1;0;1;0;0;0;1;1;-29,69556822;-53,78022006; SPRF-RS ; DEL09-RS ; UOP01-DEL09-RS 
502394;2023-01-31; terça-feira ; 18:30:00 ; PR ;116;116; CURITIBA ; Trafegar com motocicleta (ou similar) entre as faixas ; Colisão traseira ; Com Vítimas Feridas ; Anoitecer ; Crescente ; Chuva ; Múltipla ; Reta ; Sim ;3;0;2;0;1;0;2;2;-25,55102574;-49,30494547; SPRF-PR ; DEL01-PR ; UOP03-DEL01-PR 
502395;2023-01-31; terça-feira ; 18:20:00 ; SE ;235;5; NOSSA SENHORA DO SOCORRO ; Condutor deixou de manter distância do veículo da frente ; Colisão traseira ; Com Vítimas Feridas ; Anoitecer ; Crescente ; Céu Claro ; Dupla ; Não Informado ; Não ;8;0;2;0;6;0;2;3;-10,9063755;-37,11958408; SPRF-SE ; DEL01-SE ; UOP01-DEL01-SE 
502396;2023-01-31; terça-feira ; 17:55:00 ; RS ;116;238,8; NOVO HAMBURGO ; Trafegar com motocicleta (ou similar) entre as faixas ; Colisão lateral mesmo sentido ; Com Vítimas Feridas ; Pleno dia ; Crescente ; Céu Claro ; Dupla ; Reta ; Sim ;2;0;1;0;1;0;1;2;-29,69060001;-51,14315404; SPRF-RS ; DEL01-RS ; UOP02-DEL01-RS 
502398;2023-01-31; terça-feira ; 17:30:00 ; MG ;116;651; FERVEDOURO ; Condutor deixou de manter distância do veículo da frente ; Colisão traseira ; Com Vítimas Feridas ; Anoitecer ; Crescente ; Céu Claro ; Simples ; Reta ; Sim ;3;0;1;0;2;0;1;2;-20,71848513;-42,27851814; SPRF-MG ; DEL07-MG ; UOP02-DEL07-MG 
502399;2023-01-31; terça-feira ; 18:48:00 ; RN ;406;154; CEARA-MIRIM ; Condutor deixou de manter distância do veículo da frente ; Colisão traseira ; Com Vítimas Feridas ; Plena Noite ; Decrescente ; Céu Claro ; Simples ; Reta ; Não ;2;0;1;0;1;0;1;2;-5,67079426;-35,40552534; SPRF-RN ; DEL02-RN ; UOP01-DEL02-RN 
502400;2023-01-31; terça-feira ; 18:00:00 ; PR ;277;724; FOZ DO IGUACU ; Objeto estático sobre o leito carroçável ; Colisão traseira ; Sem Vítimas ; Anoitecer ; Decrescente ; Nublado ; Dupla ; Não Informado ; Sim ;2;0;0;0;2;0;0;2;-25,50257577;-54,53868311; SPRF-PR ; DEL05-PR ; UOP03-DEL05-PR 
502401;2023-01-31; terça-feira ; 15:10:00 ; AC ;317;317; BRASILEIA ; Acumulo de água sobre o pavimento ; Saída de leito carroçável ; Com Vítimas Feridas ; Pleno dia ; Crescente ; Chuva ; Simples ; Curva ; Não ;4;0;3;0;1;0;3;1;-10,938388;-68,892258; SPRF-AC ; N/A ; UOP02-DEL01-AC 
502403;2023-01-31; terça-feira ; 19:45:00 ; CE ;20;406; CAUCAIA ; Iluminação deficiente ; Colisão frontal ; Com Vítimas Feridas ; Plena Noite ; Crescente ; Céu Claro ; Simples ; Reta ; Sim ;3;0;1;0;1;1;1;2;-3,76999035;-38,67006282; SPRF-CE ; DEL01-CE ; UOP01-DEL01-CE 
502405;2023-01-31; terça-feira ; 19:45:00 ; SE ;101;154,7; ESTANCIA ; Reação tardia ou ineficiente do condutor ; Queda de ocupante de veículo ; Com Vítimas Feridas ; Plena Noite ; Decrescente ; Céu Claro ; Simples ; Reta ; Não ;1;0;1;0;0;0;1;1;-11,284529;-37,451466; SPRF-SE ; DEL02-SE ; UOP01-DEL02-SE 
502406;2023-01-31; terça-feira ; 19:10:00 ; RJ ;116;75,2; TERESOPOLIS ; Ingestão de álcool e/ou substâncias psicoativas pelo pedestre ; Colisão com objeto ; Com Vítimas Feridas ; Plena Noite ; Decrescente ; Céu Claro ; Simples ; Curva ; Não ;2;0;0;1;1;0;1;1;-22,3617791;-42,94152556; SPRF-RJ ; DEL04-RJ ; UOP01-DEL04-RJ 
502407;2023-01-31; terça-feira ; 17:15:00 ; MG ;50;194,5; DELTA ; Chuva ; Colisão com objeto ; Com Vítimas Feridas ; Pleno dia ; Crescente ; Chuva ; Dupla ; Não Informado ; Não ;1;0;1;0;0;0;1;1;-19,887439;-47,848374; SPRF-MG ; DEL13-MG ; UOP01-DEL13-MG 
502408;2023-01-31; terça-feira ; 20:15:00 ; MG ;381;946,5; EXTREMA ; Desrespeitar a preferência no cruzamento ; Colisão lateral sentido oposto ; Com Vítimas Feridas ; Plena Noite ; Decrescente ; Garoa/Chuvisco ; Dupla ; Não Informado ; Sim ;3;0;2;0;1;0;2;2;-22,8637265;-46,345591; SPRF-MG ; DEL16-MG ; UOP03-DEL16-MG 
502410;2023-01-31; terça-feira ; 18:00:00 ; RS ;158;565,9; SANTANA DO LIVRAMENTO ; Desrespeitar a preferência no cruzamento ; Colisão transversal ; Com Vítimas Feridas ; Pleno dia ; Decrescente ; Céu Claro ; Simples ; Não Informado ; Sim ;2;0;1;0;1;0;1;2;-30,87679484;-55,51062226; SPRF-RS ; DEL11-RS ; UOP01-DEL11-RS 
502411;2023-01-31; terça-feira ; 11:40:00 ; RO ;435;126; CEREJEIRAS ; Acumulo de água sobre o pavimento ; Colisão traseira ; Com Vítimas Feridas ; Pleno dia ; Crescente ; Chuva ; Simples ; Reta ; Não ;2;0;0;1;1;0;1;2;-13,188992;-60,837076; SPRF-RO ; DEL04-RO ; UOP02-DEL04-RO 
502412;2023-01-31; terça-feira ; 19:42:00 ; MG ;365;19,7; MONTES CLAROS ; Reação tardia ou ineficiente do condutor ; Colisão com objeto ; Com Vítimas Feridas ; Plena Noite ; Decrescente ; Céu Claro ; Simples ; Reta ; Não ;2;0;1;0;1;0;1;2;-16,87824584;-44,00270102; SPRF-MG ; DEL12-MG ; UOP01-DEL12-MG 
502413;2023-01-31; terça-feira ; 18:15:00 ; RO ;364;342; JI-PARANA ; Condutor deixou de manter distância do veículo da frente ; Colisão traseira ; Com Vítimas Feridas ; Anoitecer ; Crescente ; Céu Claro ; Dupla ; Reta ; Sim ;2;0;1;0;1;0;1;2;-10,8819187;-61,94076106; SPRF-RO ; DEL02-RO ; UOP01-DEL02-RO 
502414;2023-01-31; terça-feira ; 19:55:00 ; PR ;476;116,8; COLOMBO ; Avarias e/ou desgaste excessivo no pneu ; Colisão com objeto ; Com Vítimas Feridas ; Plena Noite ; Crescente ; Nublado ; Dupla ; Curva ; Não ;3;0;3;0;0;0;3;1;-25,34784628;-49,17420387; SPRF-PR ; DEL01-PR ; UOP01-DEL01-PR 
502417;2023-01-31; terça-feira ; 21:20:00 ; MG ;50;80,7; UBERLANDIA ; Demais falhas na via ; Tombamento ; Com Vítimas Feridas ; Plena Noite ; Crescente ; Céu Claro ; Simples ; Curva ; Não ;1;0;1;0;0;0;1;1;-18,96978612;-48,21552449; SPRF-MG ; DEL15-MG ; UOP01-DEL15-MG 
502418;2023-01-31; terça-feira ; 21:45:00 ; MG ;381;6,8; BETIM ; Pista esburacada ; Tombamento ; Com Vítimas Feridas ; Plena Noite ; Crescente ; Nublado ; Dupla ; Reta ; Não ;1;0;1;0;0;0;1;1;-19,98903197;-44,19486891; SPRF-MG ; DEL01-MG ; UOP03-DEL01-MG 
502421;2023-01-31; terça-feira ; 18:15:00 ; RO ;364;342; JI-PARANA ; Condutor deixou de manter distância do veículo da frente ; Colisão traseira ; Sem Vítimas ; Anoitecer ; Crescente ; Céu Claro ; Dupla ; Reta ; Sim ;2;0;0;0;2;0;0;2;-10,88381227;-61,93741416; SPRF-RO ; DEL02-RO ; UOP01-DEL02-RO 
502422;2023-01-31; terça-feira ; 21:50:00 ; RJ ;101;313; SAO GONCALO ; Reação tardia ou ineficiente do condutor ; Capotamento ; Com Vítimas Feridas ; Plena Noite ; Crescente ; Céu Claro ; Simples ; Reta ; Sim ;1;0;0;1;0;0;1;1;-22,81049093;-43,06983304; SPRF-RJ ; DEL02-RJ ; UOP02-DEL02-RJ 
502425;2023-01-31; terça-feira ; 22:00:00 ; PE ;101;50; ABREU E LIMA ; Demais falhas na via ; Colisão com objeto ; Com Vítimas Feridas ; Plena Noite ; Decrescente ; Céu Claro ; Dupla ; Reta ; Sim ;2;0;2;0;0;0;2;1;-7,90938602;-34,90123228; SPRF-PE ; DEL01-PE ; UOP02-DEL01-PE 
502426;2023-01-31; terça-feira ; 23:00:00 ; MG ;116;706,1; MURIAE ; Animais na Pista ; Atropelamento de Animal ; Com Vítimas Feridas ; Plena Noite ; Decrescente ; Nublado ; Simples ; Reta ; Não ;1;0;1;0;0;0;1;1;-21,147048;-42,381522; SPRF-MG ; DEL07-MG ; UOP02-DEL07-MG 
502429;2023-01-31; terça-feira ; 23:40:00 ; SC ;101;130; BALNEARIO CAMBORIU ; Transitar na contramão ; Colisão lateral sentido oposto ; Com Vítimas Feridas ; Plena Noite ; Crescente ; Céu Claro ; Simples ; Reta ; Sim ;2;0;0;2;0;0;2;2;-26,98407618;-48,66977107; SPRF-SC ; DEL04-SC ; UOP03-DEL04-SC 
502436;2023-01-31; terça-feira ; 17:50:00 ; MA ;135;2; SAO LUIS ; Reação tardia ou ineficiente do condutor ; Colisão traseira ; Com Vítimas Feridas ; Anoitecer ; Decrescente ; Céu Claro ; Simples ; Reta ; Sim ;3;0;2;0;1;0;2;2;-2,59806699;-44,24573511; SPRF-MA ; DEL01-MA ; UOP01-DEL01-MA 
502464;2023-01-12; quinta-feira ; 16:27:00 ; MG ;381;499; BETIM ; Velocidade Incompatível ; Tombamento ; Com Vítimas Feridas ; Pleno dia ; Crescente ; Nublado ; Múltipla ; Reta ; Não ;1;0;1;0;0;0;1;1;-19,99645252;-44,2092241; SPRF-MG ; DEL01-MG ; UOP03-DEL01-MG 
502474;2023-01-01; domingo ; 06:00:00 ; PB ;230;18,5; JOAO PESSOA ; Ingestão de álcool pelo condutor ; Colisão com objeto ; Com Vítimas Fatais ; Pleno dia ; Decrescente ; Garoa/Chuvisco ; Dupla ; Não Informado ; Sim ;8;1;6;0;1;0;6;3;-7,12862608;-34,847399; SPRF-PB ; DEL01-PB ; UOP01-DEL01-PB 
502477;2023-01-29; domingo ; 20:00:00 ; MS ;163;485; CAMPO GRANDE ; Ausência de reação do condutor ; Colisão traseira ; Sem Vítimas ; Plena Noite ; Decrescente ; Céu Claro ; Simples ; Reta ; Sim ;2;0;0;0;0;2;0;2;-20,44233707;-54,54201834; SPRF-MS ; DEL01-MS ; UOP02-DEL01-MS 
502495;2023-01-24; terça-feira ; 20:13:00 ; PR ;369;154; LONDRINA ; Acessar a via sem observar a presença dos outros veículos ; Colisão traseira ; Com Vítimas Feridas ; Plena Noite ; Crescente ; Céu Claro ; Dupla ; Reta ; Não ;2;0;0;1;0;1;1;2;-23,29744424;-51,19965255; SPRF-PR ; DEL07-PR ; UOP01-DEL07-PR 
502513;2023-01-04; quarta-feira ; 13:10:00 ; MG ;365;454,9; PATOS DE MINAS ; Pista esburacada ; Saída de leito carroçável ; Com Vítimas Feridas ; Pleno dia ; Crescente ; Céu Claro ; Simples ; Reta ; Não ;4;0;4;0;0;0;4;1;-18,77986103;-46,69298351; SPRF-MG ; DEL10-MG ; UOP01-DEL10-MG 
502518;2023-01-14; sábado ; 15:30:00 ; RJ ;101;58; CAMPOS DOS GOYTACAZES ; Condutor desrespeitou a iluminação vermelha do semáforo ; Colisão transversal ; Com Vítimas Feridas ; Pleno dia ; Crescente ; Céu Claro ; Simples ; Interseção de vias ; Sim ;2;0;0;1;0;1;1;2;-21,70488703;-41,30979616; SPRF-RJ ; DEL08-RJ ; UOP01-DEL08-RJ 
502519;2023-01-31; terça-feira ; 12:00:00 ; MS ;163;77,8; ITAQUIRAI ; Condutor deixou de manter distância do veículo da frente ; Colisão lateral mesmo sentido ; Com Vítimas Feridas ; Pleno dia ; Crescente ; Chuva ; Dupla ; Reta ; Sim ;2;0;1;0;1;0;1;2;-23,4831998;-54,18609129; SPRF-MS ; DEL09-MS ; UOP01-DEL09-MS 
502526;2023-01-12; quinta-feira ; 07:10:00 ; RJ ;101;324; NITEROI ; Trafegar com motocicleta (ou similar) entre as faixas ; Colisão lateral mesmo sentido ; Com Vítimas Feridas ; Pleno dia ; Crescente ; Nublado ; Dupla ; Reta ; Não ;4;0;1;0;3;0;1;2;-22,87381074;-43,12640997; SPRF-RJ ; DEL02-RJ ; UOP01-DEL02-RJ 
502555;2023-01-30; segunda-feira ; 18:10:00 ; MS ;163;3,5; MUNDO NOVO ; Velocidade Incompatível ; Colisão lateral mesmo sentido ; Sem Vítimas ; Anoitecer ; Crescente ; Nublado ; Simples ; Reta ; Não ;3;0;0;0;3;0;0;2;-24,02437787;-54,29046187; SPRF-MS ; DEL09-MS ; UOP02-DEL09-MS 
502622;2023-01-27; sexta-feira ; 22:30:00 ; BA ;324;535; CONCEICAO DO JACUIPE ; Avarias e/ou desgaste excessivo no pneu ; Tombamento ; Com Vítimas Feridas ; Plena Noite ; Decrescente ; Céu Claro ; Dupla ; Reta ; Sim ;2;0;1;0;1;0;1;1;-12,35775097;-38,82802597; SPRF-BA ; DEL01-BA ; UOP03-DEL01-BA 
502653;2023-01-14; sábado ; 07:19:00 ; PE ;316;31; ARARIPINA ; Ultrapassagem Indevida ; Colisão frontal ; Com Vítimas Feridas ; Amanhecer ; Crescente ; Chuva ; Simples ; Não Informado ; Não ;6;0;3;2;1;0;5;2;-7,62762275;-40,4567719; SPRF-PE ; DEL05-PE ; UOP02-DEL05-PE 
502673;2023-01-25; quarta-feira ; 17:45:00 ; MS ;262;455,9; DOIS IRMAOS DO BURITI ; Reação tardia ou ineficiente do condutor ; Saída de leito carroçável ; Com Vítimas Feridas ; Pleno dia ; Crescente ; Chuva ; Simples ; Curva ; Não ;1;0;1;0;0;0;1;1;-20,55605423;-55,50971031; SPRF-MS ; DEL03-MS ; UOP01-DEL03-MS 
502685;2023-01-27; sexta-feira ; 05:30:00 ; MS ;163;76; ITAQUIRAI ; Demais falhas mecânicas ou elétricas ; Incêndio ; Sem Vítimas ; Amanhecer ; Decrescente ; Céu Claro ; Simples ; Curva ; Não ;1;0;0;0;0;1;0;1;-23,49206599;-54,18537803; SPRF-MS ; DEL09-MS ; UOP01-DEL09-MS 
502704;2023-01-07; sábado ; 12:20:00 ; BA ;324;516; FEIRA DE SANTANA ; Conversão proibida ; Colisão lateral mesmo sentido ; Com Vítimas Feridas ; Pleno dia ; Crescente ; Céu Claro ; Simples ; Reta ; Sim ;2;0;1;0;1;0;1;2;-12,25518355;-38,93236225; SPRF-BA ; DEL02-BA ; UOP01-DEL02-BA 
502715;2023-01-17; terça-feira ; 11:35:00 ; BA ;116;685; JEQUIE ; Transitar na contramão ; Colisão transversal ; Com Vítimas Feridas ; Pleno dia ; Crescente ; Céu Claro ; Simples ; Reta ; Não ;12;0;7;5;0;0;12;2;-13,89460708;-40,14410687; SPRF-BA ; DEL03-BA ; UOP01-DEL03-BA 
502791;2023-01-02; segunda-feira ; 10:55:00 ; PR ;153;345; REBOUCAS ; Ultrapassagem Indevida ; Colisão frontal ; Com Vítimas Feridas ; Pleno dia ; Crescente ; Nublado ; Simples ; Não Informado ; Não ;4;0;3;1;0;0;4;2;-25,56994301;-50,67942923; SPRF-PR ; DEL08-PR ; UOP02-DEL08-PR 
502797;2023-01-22; domingo ; 23:00:00 ; PR ;376;177,5; MARINGA ; Velocidade Incompatível ; Colisão com objeto ; Com Vítimas Feridas ; Plena Noite ; Crescente ; Nublado ; Múltipla ; Reta ; Sim ;4;0;1;1;2;0;2;1;-23,41595855;-51,92226484; SPRF-PR ; DEL09-PR ; UOP01-DEL09-PR 
502798;2023-01-31; terça-feira ; 14:20:00 ; RS ;392;42; RIO GRANDE ; Animais na Pista ; Atropelamento de Animal ; Com Vítimas Feridas ; Pleno dia ; Crescente ; Céu Claro ; Dupla ; Reta ; Não ;1;0;1;0;0;0;1;1;-31,94614994;-52,30982265; SPRF-RS ; DEL07-RS ; UOP02-DEL07-RS 
502815;2023-01-03; terça-feira ; 05:30:00 ; MG ;381;416,2; CAETE ; Velocidade Incompatível ; Colisão com objeto ; Com Vítimas Feridas ; Amanhecer ; Decrescente ; Nublado ; Dupla ; Não Informado ; Não ;1;0;1;0;0;0;1;1;-19,75309407;-43,62966384; SPRF-MG ; DEL01-MG ; UOP01-DEL01-MG 
502817;2023-01-15; domingo ; 19:55:00 ; SC ;101;347; JAGUARUNA ; Acesso irregular ; Colisão transversal ; Com Vítimas Feridas ; Anoitecer ; Decrescente ; Garoa/Chuvisco ; Dupla ; Reta ; Sim ;6;0;2;0;4;0;2;2;-28,56402604;-49,05410532; SPRF-SC ; DEL02-SC ; UOP01-DEL02-SC 
502823;2023-01-10; terça-feira ; 18:42:00 ; PR ;116;109; CURITIBA ; Ausência de reação do condutor ; Queda de ocupante de veículo ; Com Vítimas Feridas ; Anoitecer ; Decrescente ; Céu Claro ; Dupla ; Reta ; Sim ;2;0;1;0;1;0;1;1;-25,57140489;-49,20748999; SPRF-PR ; DEL01-PR ; UOP07-DEL01-PR 
502825;2023-01-31; terça-feira ; 21:25:00 ; MG ;262;442,6; NOVA SERRANA ; Reação tardia ou ineficiente do condutor ; Queda de ocupante de veículo ; Com Vítimas Feridas ; Plena Noite ; Decrescente ; Céu Claro ; Dupla ; Reta ; Sim ;1;0;1;0;0;0;1;1;-19,8806236;-44,91232265; SPRF-MG ; DEL08-MG ; UOP03-DEL08-MG 
502832;2023-01-23; segunda-feira ; 18:20:00 ; PR ;277;7; PARANAGUA ; Avarias e/ou desgaste excessivo no pneu ; Capotamento ; Com Vítimas Feridas ; Anoitecer ; Crescente ; Chuva ; Simples ; Não Informado ; Não ;5;0;2;3;0;0;5;1;-25,568198;-48,615292; SPRF-PR ; DEL01-PR ; UOP05-DEL01-PR 
502840;2023-01-08; domingo ; 02:40:00 ; SP ;116;115; TAUBATE ; Manobra de mudança de faixa ; Colisão lateral mesmo sentido ; Com Vítimas Feridas ; Plena Noite ; Crescente ; Céu Claro ; Dupla ; Reta ; Sim ;3;0;1;0;2;0;1;2;-23,0496047;-45,59973712; SPRF-SP ; DEL02-SP ; UOP02-DEL02-SP 
502845;2023-01-30; segunda-feira ; 16:40:00 ; RJ ;101;311; SAO GONCALO ; Demais falhas mecânicas ou elétricas ; Queda de ocupante de veículo ; Com Vítimas Feridas ; Pleno dia ; Decrescente ; Sol ; Dupla ; Reta ; Sim ;2;0;1;0;1;0;1;1;-22,80062246;-43,05318779; SPRF-RJ ; DEL02-RJ ; UOP02-DEL02-RJ 
502858;2023-01-28; sábado ; 19:35:00 ; MS ;163;679; RIO VERDE DE MATO GROSSO ; Entrada inopinada do pedestre ; Atropelamento de Pedestre ; Com Vítimas Feridas ; Plena Noite ; Crescente ; Nublado ; Simples ; Reta ; Sim ;3;0;0;1;2;0;1;1;-18,920422;-54,83738; SPRF-MS ; DEL06-MS ; UOP02-DEL06-MS 
502860;2023-01-18; quarta-feira ; 18:35:00 ; PR ;376;681,1; GUARATUBA ; Reação tardia ou ineficiente do condutor ; Capotamento ; Com Vítimas Feridas ; Pleno dia ; Crescente ; Chuva ; Dupla ; Não Informado ; Não ;4;0;1;0;2;1;1;1;-25,96352373;-48,89774323; SPRF-PR ; DEL01-PR ; UOP04-DEL01-PR 