 id ; data_inversa ; dia_semana ; horario ; uf ; br ; km ; municipio ; causa_acidente ; tipo_acidente ; classificacao_acidente ; fase_dia ; sentido_via ; condicao_metereologica ; tipo_pista ; tracado_via ; uso_solo ; pessoas ; mortos ; feridos_leves ; feridos_graves ; ilesos ; ignorados ; feridos ; veiculos ; latitude ; longitude ; regional ; delegacia ; uop 
502878;2023-01-31; terça-feira ; 11:25:00 ; MS ;267;516,7; JARDIM ; Acessar a via sem observar a presença dos outros veículos ; Colisão transversal ; Com Vítimas Feridas ; Pleno dia ; Crescente ; Chuva ; Simples ; Não Informado ; Não ;10;0;2;0;8;0;2;2;-21,49656;-56,45452; SPRF-MS ; DEL05-MS ; UOP01-DEL05-MS 
502914;2023-01-15; domingo ; 06:10:00 ; MG ;40;279; TRES MARIAS ; Avarias e/ou desgaste excessivo no pneu ; Colisão frontal ; Com Vítimas Feridas ; Pleno dia ; Decrescente ; Céu Claro ; Simples ; Desvio Temporário ; Não ;6;0;0;1;5;0;1;2;-18,22833211;-45,2202001; SPRF-MG ; DEL14-MG ; UOP02-DEL14-MG 
503010;2023-01-28; sábado ; 00:50:00 ; PR ;277;593,6; CASCAVEL ; Manobra de mudança de faixa ; Colisão lateral mesmo sentido ; Com Vítimas Feridas ; Plena Noite ; Crescente ; Céu Claro ; Simples ; Reta ; Sim ;3;0;2;0;1;0;2;2;-24,98082053;-53,48254989; SPRF-PR ; DEL04-PR ; UOP01-DEL04-PR 
503064;2023-01-14; sábado ; 15:30:00 ; MG ;365;131,1; VARZEA DA PALMA ; Acessar a via sem observar a presença dos outros veículos ; Colisão transversal ; Com Vítimas Feridas ; Pleno dia ; Crescente ; Nublado ; Simples ; Não Informado ; Não ;6;0;2;3;1;0;5;2;-17,15605964;-44,77937538; SPRF-MG ; DEL12-MG ; UOP01-DEL12-MG 
503090;2023-01-11; quarta-feira ; 16:20:00 ; PE ;428;140; PETROLINA ; Acessar a via sem observar a presença dos outros veículos ; Colisão transversal ; Com Vítimas Feridas ; Pleno dia ; Crescente ; Céu Claro ; Simples ; Reta ; Sim ;2;0;1;0;0;1;1;2;-8,992364;-40,270164; SPRF-PE ; DEL06-PE ; UOP03-DEL06-PE 
503252;2023-01-28; sábado ; 22:00:00 ; BA ;367;64; PORTO SEGURO ; Animais na Pista ; Saída de leito carroçável ; Com Vítimas Feridas ; Plena Noite ; Decrescente ; Céu Claro ; Simples ; Reta ; Sim ;1;0;1;0;0;0;1;1;-16,39485517;-39,41850207; SPRF-BA ; DEL09-BA ; UOP03-DEL09-BA 
503333;2023-01-12; quinta-feira ; 12:00:00 ; MG ;40;176,5; JOAO PINHEIRO ; Acumulo de água sobre o pavimento ; Saída de leito carroçável ; Com Vítimas Feridas ; Pleno dia ; Decrescente ; Chuva ; Simples ; Não Informado ; Não ;3;0;2;1;0;0;3;1;-17,96024022;-46,01446609; SPRF-MG ; DEL14-MG ; UOP02-DEL14-MG 
503392;2023-01-22; domingo ; 18:00:00 ; AM ;319;17; CAREIRO DA VARZEA ; Reação tardia ou ineficiente do condutor ; Colisão com objeto ; Com Vítimas Feridas ; Plena Noite ; Crescente ; Nublado ; Simples ; Curva ; Não ;1;0;1;0;0;0;1;1;-3,22496394;-59,86618579; SPRF-AM ; N/A ; UOP04-DEL01-AM 
503428;2023-01-13; sexta-feira ; 19:37:00 ; ES ;101;262; SERRA ; Reação tardia ou ineficiente do condutor ; Colisão transversal ; Com Vítimas Feridas ; Plena Noite ; Decrescente ; Nublado ; Múltipla ; Reta ; Sim ;2;0;0;1;0;1;1;2;-20,1572331;-40,27678329; SPRF-ES ; DEL02-ES ; UOP01-DEL02-ES 
503491;2023-01-13; sexta-feira ; 20:30:00 ; SC ;101;122; ITAJAI ; Ingestão de álcool pelo condutor ; Colisão traseira ; Sem Vítimas ; Plena Noite ; Crescente ; Chuva ; Dupla ; Reta ; Sim ;2;0;0;0;2;0;0;2;-26,92955916;-48,70499836; SPRF-SC ; DEL04-SC ; UOP04-DEL04-SC 
503496;2023-01-29; domingo ; 14:15:00 ; MS ;262;408; TERENOS ; Reação tardia ou ineficiente do condutor ; Colisão lateral mesmo sentido ; Com Vítimas Feridas ; Pleno dia ; Crescente ; Sol ; Simples ; Reta ; Não ;5;0;0;1;4;0;1;2;-20,43608997;-55,09559301; SPRF-MS ; DEL01-MS ; UOP03-DEL01-MS 
503532;2023-01-30; segunda-feira ; 17:00:00 ; MS ;262;246; RIBAS DO RIO PARDO ; Ingestão de álcool pelo condutor ; Colisão traseira ; Sem Vítimas ; Plena Noite ; Decrescente ; Céu Claro ; Simples ; Reta ; Não ;2;0;0;0;2;0;0;2;-20,44481685;-53,81931889; SPRF-MS ; DEL01-MS ; UOP01-DEL01-MS 
503534;2023-01-30; segunda-feira ; 01:20:00 ; MG ;116;792,3; ALEM PARAIBA ; Condutor Dormindo ; Colisão com objeto ; Com Vítimas Fatais ; Plena Noite ; Crescente ; Céu Claro ; Simples ; Não Informado ; Não ;33;4;0;29;0;0;29;1;-21,69299411;-42,72897434; SPRF-MG ; DEL07-MG ; UOP01-DEL07-MG 
503583;2023-01-16; segunda-feira ; 01:30:00 ; PA ;316;47; SANTA IZABEL DO PARA ; Condutor deixou de manter distância do veículo da frente ; Colisão traseira ; Com Vítimas Feridas ; Plena Noite ; Decrescente ; Céu Claro ; Dupla ; Reta ; Sim ;2;0;1;0;0;1;1;2;-1,2853682;-48,06269824; SPRF-PA ; DEL01-PA ; UOP01-DEL01-PA 
503590;2023-01-22; domingo ; 14:50:00 ; AM ;230;624,4; HUMAITA ; Reação tardia ou ineficiente do condutor ; Colisão traseira ; Com Vítimas Feridas ; Pleno dia ; Decrescente ; Nublado ; Simples ; Curva ; Não ;3;0;1;0;1;1;1;2;-7,57257778;-63,10988613; SPRF-AM ; N/A ; UOP05-DEL01-AM 
503650;2023-01-09; segunda-feira ; 14:33:00 ; AL ;101;164; CAMPO ALEGRE ; Ausência de reação do condutor ; Capotamento ; Com Vítimas Feridas ; Pleno dia ; Crescente ; Céu Claro ; Dupla ; Reta ; Não ;3;0;0;3;0;0;3;1;-9,89997432;-36,27398701; SPRF-AL ; DEL02-AL ; UOP02-DEL02-AL 
503652;2023-01-29; domingo ; 22:00:00 ; MS ;376;25; FATIMA DO SUL ; Transitar na contramão ; Colisão frontal ; Com Vítimas Feridas ; Plena Noite ; Decrescente ; Céu Claro ; Simples ; Reta ; Sim ;3;0;0;3;0;0;3;2;-22,36314063;-54,54231557; SPRF-MS ; DEL04-MS ; UOP01-DEL04-MS 
503663;2023-01-08; domingo ; 15:45:00 ; RS ;386;239; SOLEDADE ; Transitar na contramão ; Saída de leito carroçável ; Com Vítimas Feridas ; Pleno dia ; Crescente ; Sol ; Simples ; Não Informado ; Não ;4;0;1;2;1;0;3;4;-28,757807;-52,532127; SPRF-RS ; DEL04-RS ; UOP03-DEL04-RS 
503672;2023-01-30; segunda-feira ; 07:50:00 ; RN ;101;97,3; NATAL ; Condutor deixou de manter distância do veículo da frente ; Colisão traseira ; Com Vítimas Feridas ; Pleno dia ; Decrescente ; Nublado ; Dupla ; Não Informado ; Sim ;3;0;2;0;0;1;2;2;-5,85758898;-35,21271205; SPRF-RN ; DEL01-RN ; UOP01-DEL01-RN 
503680;2023-01-22; domingo ; 06:30:00 ; SC ;282;246; SAO JOSE DO CERRITO ; Acumulo de areia ou detritos sobre o pavimento ; Saída de leito carroçável ; Com Vítimas Feridas ; Amanhecer ; Decrescente ; Céu Claro ; Simples ; Não Informado ; Não ;4;0;3;0;1;0;3;1;-27,727213;-50,529724; SPRF-SC ; DEL05-SC ; UOP02-DEL05-SC 
503682;2023-01-28; sábado ; 05:12:00 ; PE ;316;87; OURICURI ; Acesso irregular ; Colisão traseira ; Sem Vítimas ; Amanhecer ; Crescente ; Garoa/Chuvisco ; Simples ; Reta ; Não ;3;0;0;0;2;1;0;2;-7,89302781;-40,05470593; SPRF-PE ; DEL05-PE ; UOP02-DEL05-PE 
503689;2023-01-16; segunda-feira ; 18:45:00 ; SC ;282;220; LAGES ; Manobra de mudança de faixa ; Colisão lateral sentido oposto ; Com Vítimas Feridas ; Anoitecer ; Crescente ; Nublado ; Simples ; Reta ; Sim ;2;0;1;0;1;0;1;2;-27,794014;-50,33363; SPRF-SC ; DEL05-SC ; UOP01-DEL05-SC 
503690;2023-01-30; segunda-feira ; 06:50:00 ; MT ;364;202,5; RONDONOPOLIS ; Reação tardia ou ineficiente do condutor ; Queda de ocupante de veículo ; Com Vítimas Fatais ; Pleno dia ; Crescente ; Nublado ; Simples ; Não Informado ; Sim ;2;1;0;0;0;1;0;1;-16,47737621;-54,65263724; SPRF-MT ; DEL02-MT ; UOP01-DEL02-MT 
503702;2023-01-27; sexta-feira ; 09:20:00 ; PI ;NA;NA; TERESINA ; Objeto estático sobre o leito carroçável ; Colisão com objeto ; Sem Vítimas ; Pleno dia ; Não Informado ; Nublado ; Simples ; Interseção de vias ; Sim ;3;0;0;0;3;0;0;1;-5,09534333;-42,78653568; SPRF-PI ; DEL01-PI ; N/A 
503771;2023-01-30; segunda-feira ; 09:30:00 ; MS ;267;25,7; BATAGUASSU ; Avarias e/ou desgaste excessivo no pneu ; Saída de leito carroçável ; Com Vítimas Feridas ; Pleno dia ; Crescente ; Nublado ; Simples ; Desvio Temporário ; Não ;2;0;1;0;1;0;1;1;-21,72459772;-52,38438497; SPRF-MS ; DEL02-MS ; UOP04-DEL02-MS 
503863;2023-01-07; sábado ; 16:30:00 ; RS ;386;349,1; LAJEADO ; Transitar na contramão ; Colisão lateral sentido oposto ; Com Vítimas Feridas ; Pleno dia ; Crescente ; Céu Claro ; Dupla ; Reta ; Não ;2;0;0;1;1;0;1;2;-29,465483;-51,95509; SPRF-RS ; DEL04-RS ; UOP02-DEL04-RS 
503864;2023-01-23; segunda-feira ; 21:00:00 ; RJ ;116;316; ITATIAIA ; Condutor deixou de manter distância do veículo da frente ; Colisão com objeto ; Com Vítimas Feridas ; Plena Noite ; Decrescente ; Céu Claro ; Dupla ; Reta ; Não ;2;0;2;0;0;0;2;1;-22,46560057;-44,49102813; SPRF-RJ ; DEL07-RJ ; UOP02-DEL07-RJ 
503879;2023-01-04; quarta-feira ; 04:20:00 ; RS ;386;417,1; MONTENEGRO ; Reação tardia ou ineficiente do condutor ; Saída de leito carroçável ; Com Vítimas Feridas ; Plena Noite ; Crescente ; Céu Claro ; Dupla ; Reta ; Não ;1;0;1;0;0;0;1;1;-29,818958;-51,452934; SPRF-RS ; DEL01-RS ; UOP01-DEL01-RS 
503942;2023-01-21; sábado ; 14:00:00 ; RS ;290;185,4; MINAS DO LEAO ; Ultrapassagem Indevida ; Capotamento ; Com Vítimas Feridas ; Pleno dia ; Decrescente ; Sol ; Simples ; Reta ; Não ;1;0;1;0;0;0;1;1;-30,147707;-52,063564; SPRF-RS ; DEL02-RS ; UOP03-DEL02-RS 
503974;2023-01-15; domingo ; 18:30:00 ; RN ;406;165; SAO GONCALO DO AMARANTE ; Acostamento em desnível ; Colisão lateral mesmo sentido ; Com Vítimas Feridas ; Anoitecer ; Crescente ; Sol ; Simples ; Reta ; Não ;2;0;1;1;0;0;2;1;-5,74358883;-35,33982456; SPRF-RN ; DEL02-RN ; UOP01-DEL02-RN 
503983;2023-01-17; terça-feira ; 16:02:00 ; RJ ;101;297; ITABORAI ; Entrada inopinada do pedestre ; Atropelamento de Pedestre ; Com Vítimas Feridas ; Pleno dia ; Decrescente ; Céu Claro ; Simples ; Curva ; Sim ;2;0;0;1;1;0;1;1;-22,76942037;-42,91873581; SPRF-RJ ; DEL02-RJ ; UOP02-DEL02-RJ 
504001;2023-01-12; quinta-feira ; 16:40:00 ; PA ;163;973; SANTAREM ; Condutor deixou de manter distância do veículo da frente ; Colisão traseira ; Com Vítimas Feridas ; Pleno dia ; Crescente ; Céu Claro ; Simples ; Reta ; Não ;6;0;2;0;4;0;2;2;-2,64879863;-54,80989708; SPRF-PA ; DEL05-PA ; UOP01-DEL05-PA 
504005;2023-01-20; sexta-feira ; 17:30:00 ; PA ;316;44,4; SANTA IZABEL DO PARA ; Ingestão de álcool pelo condutor ; Saída de leito carroçável ; Com Vítimas Feridas ; Anoitecer ; Decrescente ; Chuva ; Dupla ; Reta ; Não ;6;0;4;0;2;0;4;1;-1,27592647;-48,08710906; SPRF-PA ; DEL01-PA ; UOP01-DEL01-PA 
504060;2023-01-20; sexta-feira ; 16:11:00 ; ES ;262;55; MARECHAL FLORIANO ; Transitar na contramão ; Colisão frontal ; Com Vítimas Feridas ; Pleno dia ; Crescente ; Chuva ; Simples ; Curva ; Não ;3;0;0;1;2;0;1;2;-20,41120651;-40,7479394; SPRF-ES ; DEL01-ES ; UOP01-DEL01-ES 
504063;2023-01-29; domingo ; 15:45:00 ; PA ;316;93,2; SAO FRANCISCO DO PARA ; Transitar na contramão ; Colisão lateral sentido oposto ; Com Vítimas Fatais ; Pleno dia ; Crescente ; Garoa/Chuvisco ; Simples ; Não Informado ; Não ;2;1;0;0;1;0;0;2;-1,32412974;-47,66551295; SPRF-PA ; DEL01-PA ; UOP02-DEL01-PA 
504185;2023-01-29; domingo ; 07:46:00 ; SC ;101;133,6; BALNEARIO CAMBORIU ; Acessar a via sem observar a presença dos outros veículos ; Colisão transversal ; Com Vítimas Fatais ; Pleno dia ; Crescente ; Céu Claro ; Múltipla ; Reta ; Sim ;2;1;0;0;1;0;0;2;-27,00137;-48,639936; SPRF-SC ; DEL04-SC ; UOP03-DEL04-SC 
504198;2023-01-29; domingo ; 22:00:00 ; SC ;101;334,9; TUBARAO ; Condutor deixou de manter distância do veículo da frente ; Colisão traseira ; Sem Vítimas ; Plena Noite ; Crescente ; Céu Claro ; Múltipla ; Reta ; Não ;2;0;0;0;2;0;0;2;-28,46730446;-49,00604302; SPRF-SC ; DEL02-SC ; UOP01-DEL02-SC 
504201;2023-01-21; sábado ; 17:20:00 ; SC ;282;537,7; CHAPECO ; Ausência de reação do condutor ; Saída de leito carroçável ; Com Vítimas Feridas ; Pleno dia ; Decrescente ; Céu Claro ; Simples ; Não Informado ; Não ;1;0;0;1;0;0;1;1;-27,00052272;-52,67051697; SPRF-SC ; DEL07-SC ; UOP01-DEL07-SC 
504205;2023-01-09; segunda-feira ; 17:05:00 ; PR ;376;665; GUARATUBA ; Velocidade Incompatível ; Colisão com objeto ; Com Vítimas Feridas ; Pleno dia ; Crescente ; Chuva ; Simples ; Curva ; Não ;2;0;0;1;0;1;1;2;-25,85455838;-48,95670808; SPRF-PR ; DEL01-PR ; UOP04-DEL01-PR 
504214;2023-01-30; segunda-feira ; 19:35:00 ; MT ;163;118; RONDONOPOLIS ; Reação tardia ou ineficiente do condutor ; Saída de leito carroçável ; Com Vítimas Fatais ; Plena Noite ; Crescente ; Céu Claro ; Dupla ; Não Informado ; Sim ;1;1;0;0;0;0;0;1;-16,51361392;-54,65519619; SPRF-MT ; DEL02-MT ; UOP01-DEL02-MT 
504223;2023-01-17; terça-feira ; 23:37:00 ; SC ;101;185; BIGUACU ; Ausência de reação do condutor ; Tombamento ; Com Vítimas Feridas ; Plena Noite ; Crescente ; Céu Claro ; Dupla ; Interseção de vias ; Sim ;1;0;1;0;0;0;1;1;-27,42061434;-48,62561703; SPRF-SC ; DEL01-SC ; UOP01-DEL01-SC 
504251;2023-01-28; sábado ; 09:20:00 ; MG ;40;305; TRES MARIAS ; Pista em desnível ; Queda de ocupante de veículo ; Com Vítimas Feridas ; Pleno dia ; Decrescente ; Céu Claro ; Simples ; Reta ; Não ;2;0;2;0;0;0;2;1;-18,3940688;-45,10000664; SPRF-MG ; DEL14-MG ; UOP02-DEL14-MG 
504257;2023-01-09; segunda-feira ; 08:30:00 ; RS ;158;332; SANTA MARIA ; Reação tardia ou ineficiente do condutor ; Colisão traseira ; Com Vítimas Feridas ; Pleno dia ; Decrescente ; Ignorado ; Dupla ; Reta ; Não ;1;0;0;1;0;0;1;1;-29,70501465;-53,84567857; SPRF-RS ; DEL09-RS ; UOP01-DEL09-RS 
504347;2023-01-01; domingo ; 05:15:00 ; RN ;101;7,5; TOUROS ; Animais na Pista ; Saída de leito carroçável ; Com Vítimas Feridas ; Amanhecer ; Decrescente ; Céu Claro ; Simples ; Reta ; Não ;1;0;0;1;0;0;1;1;-5,209887;-35,493275; SPRF-RN ; DEL02-RN ; UOP01-DEL02-RN 
504482;2023-01-06; sexta-feira ; 15:20:00 ; MG ;381;430; SABARA ; Condutor deixou de manter distância do veículo da frente ; Engavetamento ; Com Vítimas Feridas ; Pleno dia ; Decrescente ; Chuva ; Simples ; Reta ; Não ;3;0;1;0;2;0;1;3;-19,7886736;-43,6964591; SPRF-MG ; DEL01-MG ; UOP01-DEL01-MG 
504492;2023-01-21; sábado ; 23:45:00 ; SC ;470;68; INDAIAL ; Acessar a via sem observar a presença dos outros veículos ; Colisão transversal ; Com Vítimas Feridas ; Plena Noite ; Crescente ; Chuva ; Dupla ; Não Informado ; Sim ;3;0;1;1;0;1;2;2;-26,877615;-49,239231; SPRF-SC ; DEL04-SC ; UOP01-DEL04-SC 
504664;2023-01-14; sábado ; 18:30:00 ; RN ;405;112; TABOLEIRO GRANDE ; Demais falhas na via ; Capotamento ; Com Vítimas Feridas ; Plena Noite ; Decrescente ; Céu Claro ; Simples ; Reta ; Não ;5;0;4;1;0;0;5;1;-5,85811357;-38,00567236; SPRF-RN ; DEL04-RN ; UOP02-DEL04-RN 
504669;2023-01-27; sexta-feira ; 20:52:00 ; ES ;101;263; SERRA ; Ausência de reação do condutor ; Queda de ocupante de veículo ; Com Vítimas Feridas ; Plena Noite ; Crescente ; Nublado ; Dupla ; Reta ; Sim ;3;0;1;0;2;0;1;2;-20,0967642;-40,3393829; SPRF-ES ; DEL02-ES ; UOP01-DEL02-ES 
504671;2023-01-27; sexta-feira ; 18:00:00 ; CE ;20;212; BOA VIAGEM ; Obras na pista ; Colisão traseira ; Com Vítimas Feridas ; Anoitecer ; Decrescente ; Céu Claro ; Simples ; Não Informado ; Não ;3;0;2;0;0;1;2;2;-5,0613452;-39,6947276; SPRF-CE ; DEL02-CE ; UOP02-DEL02-CE 
504780;2023-01-03; terça-feira ; 16:40:00 ; MG ;50;78; UBERLANDIA ; Condutor usando celular ; Colisão traseira ; Com Vítimas Feridas ; Pleno dia ; Decrescente ; Sol ; Dupla ; Reta ; Não ;3;0;3;0;0;0;3;3;-18,986906;-48,211853; SPRF-MG ; DEL15-MG ; UOP01-DEL15-MG 
504904;2023-01-25; quarta-feira ; 14:40:00 ; BA ;101;191; CONCEICAO DA FEIRA ; Acessar a via sem observar a presença dos outros veículos ; Colisão transversal ; Com Vítimas Feridas ; Pleno dia ; Crescente ; Céu Claro ; Simples ; Interseção de vias ; Não ;2;0;2;0;0;0;2;2;-12,59676106;-38,99611595; SPRF-BA ; DEL01-BA ; UOP03-DEL01-BA 
504911;2023-01-24; terça-feira ; 21:50:00 ; RJ ;101;452; MANGARATIBA ; Ausência de reação do condutor ; Saída de leito carroçável ; Com Vítimas Feridas ; Plena Noite ; Decrescente ; Garoa/Chuvisco ; Simples ; Curva ; Não ;1;0;1;0;0;0;1;1;-23,03179764;-44,13196391; SPRF-RJ ; DEL03-RJ ; UOP01-DEL03-RJ 
504928;2023-01-28; sábado ; 10:00:00 ; MA ;NA;NA; SAO LUIS ; Ausência de sinalização ; Colisão frontal ; Com Vítimas Feridas ; Pleno dia ; Não Informado ; Sol ; Simples ; Interseção de vias ; Sim ;3;0;1;0;2;0;1;2;-2,60917577;-44,25572103; SPRF-MA ; N/A ; N/A 
504953;2023-01-19; quinta-feira ; 17:42:00 ; RJ ;101;295; ITABORAI ; Condutor deixou de manter distância do veículo da frente ; Tombamento ; Com Vítimas Feridas ; Pleno dia ; Decrescente ; Céu Claro ; Dupla ; Reta ; Sim ;1;0;0;1;0;0;1;1;-22,76365068;-42,90223623; SPRF-RJ ; DEL02-RJ ; UOP02-DEL02-RJ 
504996;2023-01-28; sábado ; 18:36:00 ; ES ;393;1,7; CACHOEIRO DE ITAPEMIRIM ; Trafegar com motocicleta (ou similar) entre as faixas ; Colisão frontal ; Com Vítimas Fatais ; Plena Noite ; Crescente ; Céu Claro ; Simples ; Reta ; Sim ;5;1;0;2;0;2;2;2;-20,83242503;-41,17491003; SPRF-ES ; DEL03-ES ; UOP02-DEL03-ES 
505048;2023-01-18; quarta-feira ; 14:45:00 ; DF ;60;24; BRASILIA ; Ausência de reação do condutor ; Colisão lateral mesmo sentido ; Com Vítimas Feridas ; Pleno dia ; Decrescente ; Ignorado ; Dupla ; Reta ; Não ;1;0;1;0;0;0;1;1;-15,991807;-48,232067; SPRF-DF ; DEL01-DF ; UOP02-DEL01-DF 
505054;2023-01-21; sábado ; 19:30:00 ; SC ;282;398,6; JOACABA ; Reação tardia ou ineficiente do condutor ; Colisão traseira ; Com Vítimas Feridas ; Plena Noite ; Crescente ; Céu Claro ; Simples ; Não Informado ; Não ;2;0;0;1;1;0;1;2;-27,143419;-51,613823; SPRF-SC ; DEL07-SC ; UOP05-DEL07-SC 
505086;2023-01-18; quarta-feira ; 01:30:00 ; SP ;116;140; SAO JOSE DOS CAMPOS ; Objeto estático sobre o leito carroçável ; Colisão com objeto ; Com Vítimas Feridas ; Plena Noite ; Decrescente ; Nublado ; Dupla ; Reta ; Não ;2;0;1;0;0;1;1;1;-23,16577714;-45,81246193; SPRF-SP ; DEL02-SP ; UOP01-DEL02-SP 
505106;2023-01-09; segunda-feira ; 16:55:00 ; RJ ;116;111; MAGE ; Transitar na contramão ; Colisão frontal ; Com Vítimas Feridas ; Pleno dia ; Decrescente ; Garoa/Chuvisco ; Simples ; Reta ; Sim ;3;0;0;2;1;0;2;3;-22,55838319;-42,99482067; SPRF-RJ ; DEL02-RJ ; UOP04-DEL02-RJ 
505113;2023-01-21; sábado ; 21:00:00 ; RJ ;116;106; GUAPIMIRIM ; Reação tardia ou ineficiente do condutor ; Colisão frontal ; Com Vítimas Feridas ; Plena Noite ; Crescente ; Céu Claro ; Dupla ; Não Informado ; Não ;3;0;1;1;0;1;2;2;-22,521951;-43,00070097; SPRF-RJ ; DEL04-RJ ; UOP01-DEL04-RJ 
505131;2023-01-09; segunda-feira ; 18:30:00 ; PE ;101;83; JABOATAO DOS GUARARAPES ; Acesso irregular ; Colisão transversal ; Com Vítimas Feridas ; Plena Noite ; Crescente ; Céu Claro ; Dupla ; Não Informado ; Sim ;2;0;0;1;0;1;1;2;-8,175172;-34,942642; SPRF-PE ; DEL01-PE ; UOP01-DEL01-PE 
505234;2023-01-26; quinta-feira ; 21:31:00 ; DF ;70;11; BRASILIA ; Ausência de reação do condutor ; Saída de leito carroçável ; Com Vítimas Feridas ; Plena Noite ; Crescente ; Garoa/Chuvisco ; Dupla ; Reta ; Sim ;4;0;1;0;1;2;1;2;-15,784615;-48,132023; SPRF-DF ; DEL01-DF ; UOP03-DEL01-DF 
505338;2023-01-18; quarta-feira ; 19:50:00 ; MG ;251;290; SALINAS ; Demais Fenômenos da natureza ; Tombamento ; Com Vítimas Feridas ; Anoitecer ; Crescente ; Vento ; Simples ; Reta ; Não ;1;0;1;0;0;0;1;1;-16,0601127;-42,19594908; SPRF-MG ; DEL12-MG ; UOP01-DEL12-MG 
505342;2023-01-05; quinta-feira ; 20:20:00 ; RJ ;393;270; BARRA DO PIRAI ; Chuva ; Colisão frontal ; Com Vítimas Feridas ; Plena Noite ; Crescente ; Chuva ; Simples ; Reta ; Sim ;4;0;0;1;3;0;1;2;-22,48448544;-43,96471024; SPRF-RJ ; DEL05-RJ ; UOP02-DEL05-RJ 
505422;2023-01-23; segunda-feira ; 15:40:00 ; RJ ;116;173; SAO JOAO DE MERITI ; Manobra de mudança de faixa ; Colisão lateral mesmo sentido ; Sem Vítimas ; Pleno dia ; Crescente ; Chuva ; Múltipla ; Reta ; Sim ;2;0;0;0;2;0;0;2;-22,79810324;-43,35726614; SPRF-RJ ; DEL01-RJ ; UOP02-DEL01-RJ 
505448;2023-01-15; domingo ; 20:19:00 ; RN ;304;46; MOSSORO ; Animais na Pista ; Atropelamento de Animal ; Com Vítimas Feridas ; Plena Noite ; Crescente ; Céu Claro ; Dupla ; Reta ; Sim ;2;0;1;1;0;0;2;1;-5,22579384;-37,340046; SPRF-RN ; DEL04-RN ; UOP01-DEL04-RN 
505481;2023-01-21; sábado ; 05:20:00 ; ES ;101;271; SERRA ; Animais na Pista ; Atropelamento de Animal ; Com Vítimas Feridas ; Pleno dia ; Crescente ; Chuva ; Múltipla ; Reta ; Sim ;1;0;1;0;0;0;1;1;-20,23267;-40,27658; SPRF-ES ; DEL02-ES ; UOP01-DEL02-ES 
505500;2023-01-20; sexta-feira ; 17:20:00 ; MG ;116;413; GOVERNADOR VALADARES ; Condutor deixou de manter distância do veículo da frente ; Tombamento ; Com Vítimas Feridas ; Pleno dia ; Crescente ; Céu Claro ; Simples ; Reta ; Sim ;2;0;0;1;1;0;1;2;-18,873907;-41,966366; SPRF-MG ; DEL06-MG ; UOP01-DEL06-MG 
505572;2023-01-07; sábado ; 23:50:00 ; MG ;262;97,3; ABRE CAMPO ; Velocidade Incompatível ; Atropelamento de Pedestre ; Com Vítimas Fatais ; Plena Noite ; Decrescente ; Chuva ; Simples ; Reta ; Não ;2;1;0;0;0;1;0;1;-20,29066833;-42,48754605; SPRF-MG ; DEL03-MG ; UOP03-DEL03-MG 
505615;2023-01-28; sábado ; 15:30:00 ; MG ;262;120,5; RIO CASCA ; Acessar a via sem observar a presença dos outros veículos ; Colisão transversal ; Com Vítimas Feridas ; Pleno dia ; Decrescente ; Céu Claro ; Simples ; Reta ; Não ;3;0;1;1;1;0;2;2;-20,21946878;-42,65064354; SPRF-MG ; DEL03-MG ; UOP03-DEL03-MG 
505667;2023-01-24; terça-feira ; 13:15:00 ; RO ;319;64; PORTO VELHO ; Entrada inopinada do pedestre ; Atropelamento de Pedestre ; Com Vítimas Feridas ; Pleno dia ; Crescente ; Céu Claro ; Dupla ; Reta ; Sim ;3;0;2;0;1;0;2;2;-8,76811288;-63,88412476; SPRF-RO ; DEL01-RO ; UOP01-DEL01-RO 
505869;2023-01-02; segunda-feira ; 08:00:00 ; RJ ;116;184; NOVA IGUACU ; Trafegar com motocicleta (ou similar) entre as faixas ; Colisão lateral mesmo sentido ; Com Vítimas Feridas ; Pleno dia ; Crescente ; Céu Claro ; Múltipla ; Reta ; Não ;2;0;0;1;1;0;1;2;-22,7505269;-43,4399588; SPRF-RJ ; DEL01-RJ ; UOP02-DEL01-RJ 
506043;2023-01-22; domingo ; 20:30:00 ; ES ;101;251; SERRA ; Ausência de reação do condutor ; Saída de leito carroçável ; Sem Vítimas ; Pleno dia ; Decrescente ; Chuva ; Simples ; Reta ; Não ;1;0;0;0;1;0;0;1;-20,0879949;-40,34351677; SPRF-ES ; DEL02-ES ; UOP01-DEL02-ES 
506046;2023-01-21; sábado ; 21:30:00 ; MA ;10;248,6; IMPERATRIZ ; Ausência de reação do condutor ; Colisão lateral mesmo sentido ; Com Vítimas Feridas ; Plena Noite ; Crescente ; Céu Claro ; Múltipla ; Reta ; Sim ;4;0;2;0;2;0;2;2;-5,558532;-47,454005; SPRF-MA ; DEL04-MA ; UOP01-DEL04-MA 
506129;2023-01-18; quarta-feira ; 08:55:00 ; MG ;381;489,3; BETIM ; Reação tardia ou ineficiente do condutor ; Saída de leito carroçável ; Com Vítimas Feridas ; Pleno dia ; Crescente ; Céu Claro ; Múltipla ; Não Informado ; Sim ;1;0;1;0;0;0;1;1;-19,96245618;-44,16455495; SPRF-MG ; DEL01-MG ; UOP03-DEL01-MG 